HIERARCHY
ROOT Hips
{
 OFFSET 0.000000 0.000000 0.000000
 CHANNELS 6 Xposition Yposition Zposition Yrotation Xrotation Zrotation
 JOINT Chest
 {
  OFFSET 0.000000 10.295748 -1.143972
  CHANNELS 3 Yrotation Xrotation Zrotation
  JOINT Chest2
  {
   OFFSET 0.000000 11.463406 0.000000
   CHANNELS 3 Yrotation Xrotation Zrotation
   JOINT Chest3
   {
    OFFSET 0.000000 10.465446 0.003843
    CHANNELS 3 Yrotation Xrotation Zrotation
    JOINT Chest4
    {
     OFFSET 0.000000 10.453763 0.003847
     CHANNELS 3 Yrotation Xrotation Zrotation
     JOINT Neck
     {
      OFFSET 0.000000 14.640069 0.000000
      CHANNELS 3 Yrotation Xrotation Zrotation
      JOINT Head
      {
       OFFSET 0.000000 9.731475 -0.008265
       CHANNELS 3 Yrotation Xrotation Zrotation
       End Site
       {
        OFFSET 0.000000 18.098145 -0.001112
       }
      }
     }
     JOINT RightCollar
     {
      OFFSET -3.176695 8.204215 0.000000
      CHANNELS 3 Yrotation Xrotation Zrotation
      JOINT RightShoulder
      {
       OFFSET -14.761309 0.000000 0.000000
       CHANNELS 3 Yrotation Xrotation Zrotation
       JOINT RightElbow
       {
        OFFSET -31.560813 0.000000 0.000000
        CHANNELS 3 Yrotation Xrotation Zrotation
        JOINT RightWrist
        {
         OFFSET -25.806933 0.000000 0.000000
         CHANNELS 3 Yrotation Xrotation Zrotation
         End Site
         {
          OFFSET -19.288868 0.000000 0.000000
         }
        }
       }
      }
     }
     JOINT LeftCollar
     {
      OFFSET 3.176695 8.204215 0.000000
      CHANNELS 3 Yrotation Xrotation Zrotation
      JOINT LeftShoulder
      {
       OFFSET 14.761309 0.000000 0.000000
       CHANNELS 3 Yrotation Xrotation Zrotation
       JOINT LeftElbow
       {
        OFFSET 31.560813 0.000000 0.000000
        CHANNELS 3 Yrotation Xrotation Zrotation
        JOINT LeftWrist
        {
         OFFSET 25.806933 0.000000 0.000000
         CHANNELS 3 Yrotation Xrotation Zrotation
         End Site
         {
          OFFSET 19.288868 0.000000 0.000000
         }
        }
       }
      }
     }
    }
   }
  }
 }
 JOINT RightHip
 {
  OFFSET -8.449583 -0.008248 0.000916
  CHANNELS 3 Yrotation Xrotation Zrotation
  JOINT RightKnee
  {
   OFFSET 0.000000 -43.941227 0.000909
   CHANNELS 3 Yrotation Xrotation Zrotation
   JOINT RightAnkle
   {
    OFFSET 0.000000 -42.928516 0.001532
    CHANNELS 3 Yrotation Xrotation Zrotation
    JOINT RightToe
    {
     OFFSET 0.000000 -6.852267 15.473535
     CHANNELS 3 Yrotation Xrotation Zrotation
     End Site
     {
      OFFSET 0.000000 -1.580106 6.738334
     }
    }
   }
  }
 }
 JOINT LeftHip
 {
  OFFSET 8.449583 -0.010566 0.001174
  CHANNELS 3 Yrotation Xrotation Zrotation
  JOINT LeftKnee
  {
   OFFSET 0.000000 -43.941227 0.000909
   CHANNELS 3 Yrotation Xrotation Zrotation
   JOINT LeftAnkle
   {
    OFFSET 0.000000 -42.928516 0.001532
    CHANNELS 3 Yrotation Xrotation Zrotation
    JOINT LeftToe
    {
     OFFSET 0.000000 -6.852267 15.473535
     CHANNELS 3 Yrotation Xrotation Zrotation
     End Site
     {
      OFFSET 0.000000 -1.580106 6.738334
     }
    }
   }
  }
 }
}
MOTION
Frames: 422
Frame Time: 0.016667
-17.079765 94.959451 -27.817165 7.078601 5.194075 -0.495125 -0.251088 -0.324935 0.533497 -0.135404 -5.970996 0.238225 -0.134693 -0.150580 0.224479 -0.083777 5.723674 0.169160 -2.842500 13.171025 0.266357 -5.494976 -11.502196 1.656963 -1.316437 -1.191568 7.586787 7.789844 -9.949574 70.577722 0.894334 24.356811 0.279694 -0.411691 12.183426 -4.613715 3.068179 -1.973572 -7.968960 -2.146626 -8.854850 -75.429010 -8.034593 23.955855 1.185693 -3.738401 13.304807 -0.905350 3.220607 0.643502 -0.759890 0.408181 2.299625 -0.172558 1.056042 -6.935074 -0.292876 0.000891 -0.582477 1.228668 -3.823850 -1.852753 1.706071 -0.855798 3.446733 -0.043060 1.194517 -6.722623 0.216954 0.000162 -0.016396 -1.130550
-17.121092 94.960944 -27.771114 6.892256 5.202025 -0.450565 -0.261521 -0.324234 0.512364 -0.139097 -5.970688 0.228774 -0.138365 -0.150274 0.214654 -0.087286 5.723908 0.161753 -2.704130 13.132492 0.237977 -5.222874 -11.580765 1.549150 -1.333480 -1.201121 7.603575 7.754512 -9.906931 70.561344 0.848709 24.352040 0.275664 -0.396048 12.164642 -4.605191 3.024644 -1.980307 -7.925335 -2.142610 -8.854851 -75.415255 -7.705593 23.923388 1.320450 -3.743226 13.316382 -0.939565 3.315107 0.650988 -0.775536 0.490626 2.251840 -0.208929 1.074540 -6.854592 -0.310871 -0.002751 -0.775171 1.234395 -3.751582 -1.830192 1.629996 -0.786623 3.465929 0.057018 1.256775 -6.757049 0.163244 0.000349 -0.033043 -1.162423
-17.162419 94.962437 -27.725062 6.705915 5.210119 -0.406031 -0.271958 -0.323616 0.491230 -0.142792 -5.970417 0.219323 -0.142039 -0.150003 0.204828 -0.090797 5.724114 0.154346 -2.565730 13.093953 0.209630 -4.950532 -11.658946 1.441156 -1.350523 -1.210612 7.620403 7.719202 -9.864374 70.544748 0.803019 24.347295 0.271444 -0.380418 12.145881 -4.596563 2.981109 -1.986857 -7.881676 -2.138586 -8.854788 -75.401504 -7.376758 23.890215 1.453661 -3.748175 13.328108 -0.973740 3.409595 0.658551 -0.791204 0.573132 2.204119 -0.245313 1.093004 -6.774103 -0.328834 -0.006427 -0.967866 1.240098 -3.679383 -1.807708 1.553860 -0.717354 3.485186 0.157046 1.319076 -6.791380 0.109473 0.000545 -0.049688 -1.194298
-17.204582 94.962995 -27.680970 6.509688 5.222532 -0.373720 -0.279155 -0.323871 0.473811 -0.145211 -5.970530 0.211534 -0.144445 -0.150117 0.196793 -0.093218 5.724031 0.148289 -2.447917 13.052206 0.186436 -4.719253 -11.741750 1.351205 -1.368376 -1.220409 7.636533 7.692484 -9.830811 70.520053 0.768378 24.334365 0.268923 -0.367208 12.133926 -4.589947 2.943719 -1.995883 -7.842446 -2.115916 -8.841387 -75.392127 -6.992697 23.868947 1.610471 -3.755281 13.330008 -1.014105 3.558454 0.655318 -0.796318 0.629190 2.172963 -0.278311 1.094106 -6.710635 -0.348102 -0.009531 -1.129363 1.245178 -3.606901 -1.787068 1.490810 -0.653031 3.504288 0.249267 1.394024 -6.832202 0.064632 0.000614 -0.057205 -1.229464
-17.248349 94.962287 -27.640479 6.298847 5.244488 -0.360408 -0.281692 -0.327615 0.462245 -0.145818 -5.972192 0.206362 -0.145047 -0.151779 0.191559 -0.094072 5.722787 0.144343 -2.359836 13.005693 0.170404 -4.547293 -11.831831 1.286933 -1.388261 -1.231769 7.652253 7.679876 -9.806633 70.482754 0.749147 24.311090 0.268283 -0.358616 12.134956 -4.586558 2.916327 -2.008154 -7.808906 -2.063065 -8.809832 -75.391052 -6.527058 23.866654 1.802924 -3.769273 13.311656 -1.062210 3.817820 0.630359 -0.783752 0.633258 2.171871 -0.307417 1.053179 -6.673820 -0.369377 -0.011797 -1.246722 1.249949 -3.529772 -1.771879 1.445902 -0.604746 3.522021 0.333459 1.492153 -6.884137 0.032693 0.000418 -0.047613 -1.270709
-17.292953 94.960644 -27.601947 6.078108 5.270623 -0.359396 -0.280985 -0.332178 0.454411 -0.145149 -5.974215 0.202859 -0.144381 -0.153802 0.188125 -0.093835 5.721271 0.141753 -2.292338 12.955949 0.159611 -4.416508 -11.926880 1.240969 -1.408957 -1.243437 7.667288 7.675862 -9.791551 70.437503 0.740982 24.279619 0.269537 -0.352429 12.142767 -4.585269 2.895077 -2.022962 -7.779761 -1.991574 -8.764984 -75.394517 -6.005918 23.874827 2.019160 -3.785529 13.283768 -1.116765 4.131577 0.594613 -0.760811 0.610805 2.187294 -0.333109 0.994906 -6.654044 -0.391976 -0.013469 -1.332883 1.254103 -3.452315 -1.758511 1.414067 -0.561424 3.539660 0.409838 1.602969 -6.942530 0.009632 0.000058 -0.028896 -1.315243
-17.336927 94.958117 -27.562412 5.851752 5.289220 -0.362622 -0.278052 -0.330411 0.447598 -0.143544 -5.973424 0.199818 -0.142784 -0.153011 0.185246 -0.092859 5.721866 0.139584 -2.238602 12.904397 0.153290 -4.313633 -12.024583 1.209068 -1.427619 -1.252029 7.680036 7.672460 -9.793453 70.390271 0.741928 24.238201 0.274399 -0.344446 12.145564 -4.584664 2.874553 -2.040783 -7.755618 -1.917411 -8.708079 -75.395444 -5.452568 23.882404 2.248188 -3.792068 13.268200 -1.179624 4.385740 0.570082 -0.738314 0.611842 2.195163 -0.353496 0.975989 -6.639452 -0.415185 -0.014695 -1.395476 1.256120 -3.387195 -1.737870 1.393249 -0.494867 3.560686 0.471274 1.707523 -7.000083 -0.007546 -0.000232 -0.015874 -1.357989
-17.379824 94.954525 -27.520067 5.617594 5.293143 -0.368359 -0.272200 -0.318017 0.440887 -0.140656 -5.967907 0.196828 -0.139913 -0.147493 0.182550 -0.090914 5.726006 0.137555 -2.199398 12.850119 0.152892 -4.240799 -12.126614 1.194378 -1.442448 -1.254966 7.689338 7.665404 -9.818823 70.342064 0.753000 24.185080 0.284541 -0.332831 12.139418 -4.583868 2.852843 -2.062882 -7.737165 -1.840056 -8.637141 -75.390937 -4.870577 23.887886 2.485891 -3.783364 13.276240 -1.249313 4.526526 0.567626 -0.719896 0.659873 2.186943 -0.366465 1.027809 -6.628356 -0.439201 -0.015416 -1.431685 1.254921 -3.346789 -1.702972 1.385888 -0.382467 3.586901 0.510975 1.798011 -7.054457 -0.017687 -0.000362 -0.013919 -1.397276
-17.422091 94.950050 -27.476718 5.377830 5.289483 -0.378218 -0.264125 -0.299285 0.435105 -0.136828 -5.959572 0.194258 -0.136107 -0.139156 0.180368 -0.088230 5.732261 0.135915 -2.173956 12.794072 0.157027 -4.195981 -12.231309 1.193954 -1.455238 -1.254860 7.696307 7.658938 -9.861198 70.292121 0.773095 24.121980 0.298374 -0.319420 12.128245 -4.583690 2.831858 -2.088057 -7.723662 -1.759977 -8.554139 -75.384015 -4.256389 23.891815 2.736091 -3.764969 13.296951 -1.327003 4.607709 0.576363 -0.701741 0.731417 2.171180 -0.374128 1.118996 -6.622388 -0.463821 -0.015678 -1.444324 1.251602 -3.318695 -1.660729 1.389459 -0.246893 3.616435 0.535666 1.882204 -7.108060 -0.021933 -0.000399 -0.017658 -1.434774
-17.463606 94.945292 -27.434816 5.143319 5.287934 -0.389135 -0.256934 -0.279962 0.430161 -0.133430 -5.950975 0.192062 -0.132729 -0.130559 0.178517 -0.085841 5.738711 0.134524 -2.153146 12.740475 0.160599 -4.159631 -12.331327 1.194239 -1.468526 -1.256109 7.702759 7.657842 -9.908988 70.243713 0.797103 24.052390 0.312681 -0.305533 12.112016 -4.585198 2.811920 -2.113081 -7.713588 -1.694619 -8.466208 -75.376465 -3.622849 23.886596 2.999089 -3.741570 13.318919 -1.418451 4.676656 0.585748 -0.683259 0.806045 2.149446 -0.380964 1.212121 -6.614675 -0.487738 -0.015786 -1.449460 1.247898 -3.278423 -1.622920 1.394528 -0.127846 3.647212 0.558519 1.964493 -7.160730 -0.026695 -0.000326 -0.025789 -1.470416
-17.504300 94.940235 -27.395281 4.915367 5.290720 -0.400956 -0.251483 -0.260546 0.426085 -0.130844 -5.942339 0.190251 -0.130159 -0.121923 0.176969 -0.084034 5.745189 0.133362 -2.135170 12.688436 0.162273 -4.127815 -12.428430 1.191997 -1.483563 -1.261774 7.709757 7.670396 -9.959431 70.196323 0.821480 23.972023 0.325319 -0.290621 12.086603 -4.588159 2.792724 -2.137544 -7.707218 -1.657479 -8.373624 -75.366670 -2.963115 23.865403 3.279069 -3.715714 13.336839 -1.531801 4.748809 0.594085 -0.663408 0.875471 2.120083 -0.388711 1.298435 -6.602722 -0.511786 -0.015801 -1.449384 1.245657 -3.214484 -1.592907 1.397965 -0.042895 3.679883 0.584592 2.049338 -7.214055 -0.033585 -0.000110 -0.038326 -1.504961
-17.544243 94.934894 -27.357192 4.692663 5.295608 -0.413870 -0.246914 -0.240530 0.422845 -0.128687 -5.933438 0.188814 -0.128016 -0.113021 0.175751 -0.082523 5.751867 0.132447 -2.121826 12.638838 0.163370 -4.104478 -12.520878 1.190458 -1.499100 -1.268797 7.716272 7.688320 -10.015248 70.150491 0.849746 23.885151 0.338426 -0.275226 12.056127 -4.592789 2.774574 -2.161902 -7.704284 -1.635022 -8.276097 -75.356324 -2.284336 23.834099 3.570638 -3.685130 13.356690 -1.659027 4.808729 0.603071 -0.643243 0.947992 2.084748 -0.395611 1.386682 -6.589031 -0.535115 -0.015664 -1.441806 1.243032 -3.138362 -1.567326 1.402979 0.025529 3.713785 0.608871 2.132276 -7.266450 -0.040983 0.000232 -0.055257 -1.537650
-17.583512 94.929916 -27.320244 4.482124 5.305636 -0.425402 -0.243761 -0.224151 0.420323 -0.127188 -5.926154 0.187695 -0.126527 -0.105737 0.174784 -0.081482 5.757330 0.131722 -2.109397 12.598526 0.162685 -4.081835 -12.596124 1.185539 -1.513920 -1.272402 7.720976 7.691552 -10.073041 70.111003 0.887462 23.808106 0.355228 -0.262266 12.032948 -4.600866 2.758706 -2.184196 -7.702499 -1.604213 -8.179948 -75.352067 -1.620220 23.804812 3.860433 -3.647177 13.383664 -1.781694 4.857468 0.607241 -0.625264 1.028036 2.049968 -0.400934 1.465656 -6.574263 -0.553917 -0.015492 -1.435923 1.236219 -3.060034 -1.547911 1.409721 0.090459 3.744858 0.629459 2.204319 -7.312980 -0.050443 0.000638 -0.075240 -1.566135
-17.621744 94.925276 -27.284181 4.282934 5.320806 -0.434095 -0.241782 -0.212294 0.418223 -0.126226 -5.920882 0.186762 -0.125571 -0.100464 0.173949 -0.080830 5.761286 0.131094 -2.096140 12.570693 0.159543 -4.056187 -12.648318 1.175113 -1.527291 -1.269558 7.722797 7.667728 -10.136287 70.079745 0.940187 23.747626 0.379003 -0.254189 12.025518 -4.615370 2.745208 -2.203076 -7.700882 -1.554991 -8.087098 -75.358838 -0.969826 23.783014 4.153059 -3.596283 13.423495 -1.891530 4.890503 0.605495 -0.611496 1.121425 2.018541 -0.404470 1.535200 -6.561186 -0.567428 -0.015312 -1.432651 1.224612 -2.977023 -1.534167 1.417471 0.156505 3.772030 0.644913 2.259579 -7.351700 -0.062110 0.001131 -0.099944 -1.589280
-17.659303 94.920997 -27.249258 4.095904 5.341144 -0.441454 -0.241217 -0.204066 0.416890 -0.125923 -5.917224 0.186170 -0.125270 -0.096806 0.173387 -0.080648 5.764029 0.130672 -2.083821 12.552130 0.154502 -4.031232 -12.683342 1.161103 -1.539949 -1.263324 7.722753 7.629185 -10.201446 70.054914 1.002411 23.696934 0.406585 -0.248460 12.025398 -4.633371 2.733994 -2.219903 -7.700462 -1.497500 -7.995689 -75.371584 -0.333858 23.763399 4.445041 -3.537808 13.470174 -1.996528 4.912357 0.598907 -0.599873 1.222331 1.987686 -0.406456 1.595471 -6.547046 -0.576424 -0.015098 -1.431075 1.208818 -2.891802 -1.526582 1.426977 0.219041 3.796355 0.656710 2.303916 -7.384587 -0.075787 0.001685 -0.127700 -1.608222
-17.697360 94.917797 -27.215930 3.930388 5.369732 -0.449461 -0.243317 -0.201034 0.417199 -0.126873 -5.915879 0.186308 -0.126215 -0.095461 0.173429 -0.081354 5.765038 0.130704 -2.073992 12.540073 0.148174 -4.010269 -12.706254 1.145429 -1.552881 -1.258052 7.722637 7.592928 -10.254560 70.035630 1.063155 23.652119 0.431506 -0.240571 12.019602 -4.647780 2.726038 -2.236780 -7.701977 -1.439026 -7.906380 -75.381861 0.251655 23.743313 4.711965 -3.485362 13.510861 -2.102738 4.937642 0.585274 -0.586740 1.317705 1.955556 -0.406855 1.635730 -6.524241 -0.579424 -0.014891 -1.437646 1.186860 -2.821766 -1.528367 1.440603 0.277244 3.816967 0.667335 2.345956 -7.412592 -0.092500 0.002157 -0.152157 -1.624028
-17.736342 94.916045 -27.184502 3.790376 5.411262 -0.457969 -0.249386 -0.205797 0.418993 -0.129646 -5.918002 0.187105 -0.128973 -0.097585 0.173944 -0.083383 5.763444 0.131092 -2.066487 12.536057 0.140394 -3.992872 -12.714218 1.127653 -1.567367 -1.253502 7.722601 7.566042 -10.291257 70.023194 1.121989 23.609966 0.451457 -0.227127 11.999343 -4.655091 2.722160 -2.254178 -7.707309 -1.383359 -7.817762 -75.384098 0.783088 23.720004 4.948533 -3.445511 13.537387 -2.217550 4.968650 0.561530 -0.572324 1.405887 1.918472 -0.405170 1.650224 -6.485493 -0.572968 -0.014694 -1.457460 1.155196 -2.778464 -1.545111 1.459206 0.332283 3.835075 0.676694 2.391466 -7.435794 -0.113508 0.002470 -0.170899 -1.635867
-17.775821 94.915371 -27.154669 3.671869 5.461049 -0.467163 -0.258115 -0.215746 0.422486 -0.133672 -5.922432 0.188658 -0.132977 -0.102016 0.175088 -0.086297 5.760119 0.131951 -2.061489 12.538541 0.131270 -3.979485 -12.710083 1.108118 -1.582127 -1.249916 7.722504 7.541458 -10.315830 70.016101 1.179435 23.573727 0.468704 -0.211605 11.973409 -4.658805 2.721540 -2.271643 -7.714600 -1.326691 -7.731215 -75.383754 1.264066 23.697918 5.160960 -3.411638 13.557770 -2.333824 5.003092 0.530729 -0.556395 1.488537 1.880106 -0.401933 1.644699 -6.438105 -0.560540 -0.014486 -1.485425 1.117372 -2.750344 -1.571219 1.481992 0.382987 3.849469 0.684898 2.434667 -7.454114 -0.137536 0.002690 -0.186344 -1.644568
-17.815690 94.915382 -27.125973 3.572245 5.508095 -0.479489 -0.266830 -0.224629 0.429080 -0.137833 -5.926391 0.191597 -0.137115 -0.105976 0.177605 -0.089206 5.757147 0.133845 -2.061060 12.540164 0.121873 -3.974709 -12.707420 1.089996 -1.594307 -1.252352 7.723733 7.514969 -10.327338 70.009144 1.225946 23.549231 0.483525 -0.199842 11.955180 -4.662349 2.722704 -2.289869 -7.718967 -1.264912 -7.651566 -75.388903 1.669502 23.686135 5.342440 -3.377547 13.583158 -2.435871 5.048704 0.499864 -0.534653 1.557591 1.849633 -0.398643 1.625662 -6.396356 -0.551066 -0.014285 -1.512704 1.082030 -2.720145 -1.593136 1.508806 0.425035 3.855652 0.694742 2.466873 -7.468256 -0.161819 0.002878 -0.199395 -1.653686
-17.855234 94.916229 -27.097555 3.489602 5.546637 -0.496183 -0.274739 -0.230583 0.440555 -0.141856 -5.929050 0.196717 -0.141117 -0.108636 0.182317 -0.091845 5.755149 0.137395 -2.065615 12.540232 0.110655 -3.978711 -12.707558 1.070537 -1.602467 -1.265785 7.725995 7.486789 -10.319751 69.999400 1.257962 23.541050 0.496012 -0.195043 11.953163 -4.667358 2.727703 -2.311506 -7.720225 -1.191221 -7.576890 -75.405681 1.995633 23.692004 5.495997 -3.337199 13.621383 -2.519720 5.114867 0.473855 -0.505919 1.611074 1.829514 -0.395158 1.589272 -6.362902 -0.545720 -0.014105 -1.538364 1.050565 -2.680815 -1.602843 1.538803 0.459193 3.850179 0.708685 2.483018 -7.477073 -0.186769 0.003067 -0.211243 -1.663419
-17.895166 94.917762 -27.070274 3.425843 5.582437 -0.515946 -0.282629 -0.235460 0.455113 -0.146011 -5.931231 0.203216 -0.145249 -0.110818 0.188394 -0.094478 5.753508 0.141974 -2.074736 12.539437 0.099178 -3.991322 -12.709171 1.052513 -1.608041 -1.285234 7.729617 7.456716 -10.299105 69.989661 1.279062 23.544648 0.505954 -0.194014 11.958854 -4.672252 2.734491 -2.333881 -7.718574 -1.112496 -7.509085 -75.427811 2.246478 23.709530 5.619744 -3.296441 13.663963 -2.589221 5.192191 0.447732 -0.471444 1.650951 1.817267 -0.391610 1.539374 -6.335109 -0.543322 -0.013938 -1.563332 1.021578 -2.639398 -1.608392 1.572789 0.484704 3.836479 0.724284 2.488160 -7.481730 -0.211946 0.003223 -0.220697 -1.673570
-17.937522 94.919137 -27.046250 3.384057 5.621786 -0.537402 -0.290201 -0.238595 0.468771 -0.149985 -5.932639 0.209313 -0.149202 -0.112227 0.194088 -0.097005 5.752448 0.146265 -2.089218 12.532509 0.093223 -4.016622 -12.721816 1.047451 -1.612485 -1.300827 7.736905 7.419914 -10.282565 69.983375 1.290389 23.552197 0.513143 -0.192969 11.960110 -4.675625 2.735440 -2.349687 -7.709715 -1.045148 -7.458723 -75.444801 2.408610 23.727979 5.699374 -3.266872 13.697307 -2.640434 5.260242 0.413658 -0.430572 1.675062 1.814660 -0.389869 1.494011 -6.319306 -0.549255 -0.013796 -1.581556 0.999527 -2.599788 -1.620354 1.613047 0.494970 3.820369 0.736989 2.488803 -7.486409 -0.233307 0.003314 -0.225088 -1.687096
-17.982990 94.919762 -27.027180 3.370728 5.670765 -0.560345 -0.298267 -0.240220 0.480048 -0.154074 -5.933374 0.214348 -0.153269 -0.112963 0.198707 -0.099700 5.751892 0.149745 -2.110322 12.515552 0.095743 -4.058368 -12.752575 1.061649 -1.617185 -1.307700 7.750041 7.366037 -10.278681 69.981030 1.296074 23.564817 0.520284 -0.189553 11.949356 -4.678045 2.725792 -2.354041 -7.688674 -0.991908 -7.431052 -75.454437 2.464942 23.743538 5.722754 -3.253675 13.716199 -2.672514 5.300352 0.364542 -0.382093 1.686814 1.824106 -0.390786 1.460853 -6.323810 -0.570394 -0.013713 -1.586158 0.990613 -2.563141 -1.646859 1.661689 0.479612 3.802762 0.743936 2.489793 -7.491978 -0.248346 0.003420 -0.226120 -1.705452
-18.030880 94.920231 -27.011366 3.379364 5.723320 -0.584935 -0.306012 -0.240119 0.490422 -0.157981 -5.933343 0.218979 -0.157155 -0.112933 0.202942 -0.102290 5.751912 0.152937 -2.136772 12.492488 0.103821 -4.112815 -12.794295 1.088896 -1.620746 -1.310715 7.766814 7.305424 -10.278892 69.982232 1.291972 23.581393 0.524611 -0.186115 11.934172 -4.678925 2.710325 -2.351818 -7.660439 -0.950000 -7.420829 -75.458965 2.432460 23.760684 5.701970 -3.251597 13.725486 -2.686481 5.331163 0.307449 -0.327229 1.682784 1.843178 -0.393479 1.432251 -6.340293 -0.599860 -0.013667 -1.584018 0.988635 -2.528315 -1.679838 1.716570 0.449012 3.782722 0.748008 2.486290 -7.497574 -0.259568 0.003458 -0.222086 -1.727181
-18.081158 94.921476 -26.995831 3.393593 5.767535 -0.610372 -0.310686 -0.236969 0.500341 -0.160506 -5.931952 0.223411 -0.159668 -0.111543 0.207117 -0.103855 5.752952 0.156084 -2.165558 12.469775 0.114429 -4.172776 -12.835178 1.121944 -1.620464 -1.314589 7.782924 7.264288 -10.274671 69.989106 1.266818 23.590719 0.517737 -0.185935 11.925149 -4.675123 2.695694 -2.350349 -7.635651 -0.927528 -7.422936 -75.454615 2.348765 23.780960 5.658785 -3.256609 13.726742 -2.681262 5.388207 0.255756 -0.269011 1.650571 1.866381 -0.397228 1.403241 -6.350110 -0.622398 -0.013589 -1.589722 0.979452 -2.495746 -1.705526 1.773621 0.427698 3.763300 0.753275 2.470280 -7.504782 -0.270452 0.003136 -0.205202 -1.750868
-18.132647 94.922994 -26.979159 3.410859 5.794517 -0.634084 -0.310942 -0.227453 0.508417 -0.160993 -5.927727 0.227024 -0.160154 -0.107318 0.210681 -0.103947 5.756118 0.158772 -2.196949 12.446967 0.128543 -4.239194 -12.875997 1.162787 -1.613782 -1.318332 7.795066 7.259969 -10.265307 70.001884 1.208417 23.580387 0.496733 -0.191668 11.926487 -4.666403 2.683220 -2.352219 -7.618949 -0.936665 -7.433222 -75.435287 2.212702 23.803730 5.595442 -3.268071 13.717989 -2.651581 5.466431 0.223251 -0.210868 1.593110 1.889231 -0.398588 1.375794 -6.370236 -0.648357 -0.013452 -1.586625 0.971451 -2.467006 -1.715372 1.827994 0.430387 3.746916 0.762935 2.431990 -7.513167 -0.283338 0.002087 -0.166157 -1.847566
-18.186523 94.925288 -26.962765 3.433731 5.813164 -0.658642 -0.308127 -0.214894 0.516036 -0.160098 -5.922146 0.230436 -0.159266 -0.101737 0.214184 -0.103014 5.760303 0.161415 -2.230677 12.424513 0.145178 -4.311135 -12.915955 1.209424 -1.603263 -1.322947 7.806528 7.275154 -10.251508 70.020280 1.129017 23.562698 0.464684 -0.200671 11.934000 -4.653026 2.671565 -2.354857 -7.605698 -0.965224 -7.455858 -75.407020 2.025343 23.829304 5.509617 -3.286598 13.701325 -2.602663 5.570893 0.196013 -0.149399 1.507460 1.916160 -0.401006 1.347934 -6.383695 -0.667388 -0.013282 -1.591369 0.956243 -2.440513 -1.717931 1.884583 0.442360 3.731160 0.773763 2.381199 -7.523195 -0.295887 0.000583 -0.114254 -1.946215
-18.246283 94.930806 -26.947920 3.453509 5.838233 -0.690993 -0.303539 -0.207923 0.527799 -0.158596 -5.919048 0.235697 -0.157773 -0.098639 0.219597 -0.101479 5.762625 0.165498 -2.262922 12.410197 0.158342 -4.378554 -12.940952 1.248535 -1.593898 -1.336130 7.822899 7.284072 -10.226867 70.045614 1.053935 23.563511 0.422086 -0.208282 11.945710 -4.632616 2.663370 -2.357870 -7.592635 -0.984781 -7.498233 -75.384268 1.827650 23.860711 5.416161 -3.310075 13.684436 -2.549203 5.752248 0.145658 -0.077622 1.372393 1.955024 -0.414113 1.308695 -6.320933 -0.633157 -0.013025 -1.668454 0.894489 -2.411968 -1.725083 1.953948 0.444001 3.711856 0.780199 2.339224 -7.537785 -0.304565 -0.000464 -0.069661 -1.832239
-18.315280 94.942460 -26.934830 3.469594 5.877779 -0.738226 -0.297096 -0.212247 0.546844 -0.156583 -5.920971 0.244208 -0.155771 -0.100561 0.228313 -0.099308 5.761179 0.172067 -2.292838 12.409836 0.166201 -4.438848 -12.940309 1.276009 -1.587520 -1.364433 7.848833 7.272004 -10.181077 70.082868 0.988315 23.600606 0.361828 -0.212198 11.958458 -4.599039 2.661834 -2.360792 -7.579883 -0.978784 -7.569071 -75.369952 1.633339 23.906318 5.318726 -3.339737 13.670972 -2.492757 6.049082 0.055500 0.011231 1.169397 2.005147 -0.446264 1.250996 -6.106000 -0.494481 -0.012202 -1.885616 0.741643 -2.370275 -1.743371 2.047083 0.425133 3.686124 0.777781 2.303969 -7.560357 -0.305078 -0.000501 -0.038975 -1.295380
-18.390161 94.957338 -26.923288 3.482549 5.923750 -0.793251 -0.288885 -0.222171 0.570018 -0.153962 -5.925382 0.254562 -0.153164 -0.104971 0.238933 -0.096536 5.757868 0.180072 -2.321273 12.417607 0.170572 -4.494576 -12.924741 1.295879 -1.582314 -1.401313 7.879663 7.253660 -10.124452 70.127074 0.926763 23.656151 0.290779 -0.214668 11.975427 -4.558426 2.663753 -2.364093 -7.567330 -0.963779 -7.659652 -75.361257 1.428586 23.957571 5.213222 -3.374408 13.657407 -2.431797 6.422620 -0.058593 0.109388 0.916949 2.067156 -0.489243 1.182860 -5.815058 -0.302309 -0.010283 -2.174891 0.541885 -2.326526 -1.766345 2.152947 0.395952 3.656828 0.770987 2.277540 -7.587478 -0.301724 -0.000161 -0.015617 -0.545899
-18.464366 94.969149 -26.913947 3.485428 5.966714 -0.841757 -0.280453 -0.229204 0.592485 -0.151213 -5.928506 0.264602 -0.150431 -0.108095 0.249252 -0.093693 5.755521 0.187849 -2.346958 12.423844 0.170939 -4.543438 -12.912267 1.307032 -1.577781 -1.434805 7.907016 7.247394 -10.081492 70.164651 0.878877 23.702729 0.230333 -0.217929 12.004116 -4.526807 2.662164 -2.368773 -7.551365 -0.960966 -7.751196 -75.363972 1.213186 23.992359 5.103198 -3.408325 13.640501 -2.376403 6.807520 -0.175879 0.202240 0.649255 2.150812 -0.527790 1.114800 -5.606511 -0.163692 -0.008146 -2.397444 0.389315 -2.309706 -1.786226 2.249081 0.367401 3.628403 0.767692 2.287559 -7.611743 -0.303853 0.000000 0.000000 0.000000
-18.536093 94.975826 -26.909233 3.475082 6.004693 -0.882205 -0.270946 -0.230734 0.614292 -0.147965 -5.929183 0.274350 -0.147201 -0.108770 0.259330 -0.090496 5.755011 0.195446 -2.370345 12.425322 0.166180 -4.585948 -12.908910 1.307661 -1.573501 -1.460698 7.927897 7.263946 -10.061136 70.188491 0.848054 23.731685 0.187554 -0.224920 12.058064 -4.512103 2.653566 -2.376811 -7.529467 -0.981525 -7.839545 -75.383715 0.988766 23.992823 4.990971 -3.440835 13.614654 -2.332294 7.221870 -0.297893 0.290382 0.349599 2.272031 -0.559504 1.036872 -5.546691 -0.121440 -0.007055 -2.499103 0.323386 -2.345642 -1.800958 2.329998 0.342454 3.600886 0.773436 2.359875 -7.631360 -0.317488 -0.000035 0.005159 0.135721
-18.607145 94.979435 -26.906721 3.454681 6.039643 -0.916153 -0.261208 -0.229358 0.635395 -0.144586 -5.928565 0.283785 -0.143841 -0.108152 0.269108 -0.087226 5.755471 0.202818 -2.390990 12.425255 0.157418 -4.621618 -12.908679 1.299588 -1.569873 -1.483183 7.945324 7.292570 -10.054416 70.205688 0.831061 23.751811 0.155482 -0.232785 12.123690 -4.506395 2.641470 -2.386219 -7.504144 -1.014206 -7.928899 -75.414708 0.753962 23.976758 4.874940 -3.472538 13.585408 -2.293629 7.647612 -0.422900 0.373158 0.034571 2.414724 -0.586889 0.958067 -5.569074 -0.132918 -0.006748 -2.534269 0.305013 -2.408502 -1.812307 2.401295 0.318129 3.574262 0.782740 2.468643 -7.648004 -0.336581 -0.000036 0.002581 0.067861
-18.676370 94.979889 -26.899790 3.426792 6.068032 -0.933933 -0.255316 -0.224383 0.650829 -0.142668 -5.926351 0.290687 -0.141934 -0.105937 0.276204 -0.085252 5.757129 0.208168 -2.406275 12.423632 0.147511 -4.646655 -12.911570 1.287165 -1.567611 -1.502875 7.959970 7.319392 -10.058968 70.223976 0.827742 23.761931 0.134588 -0.235092 12.167808 -4.501955 2.629442 -2.392034 -7.479321 -1.046594 -8.012992 -75.445565 0.504010 23.975585 4.752890 -3.499490 13.566197 -2.253183 7.965429 -0.524130 0.435496 -0.211582 2.540734 -0.601841 0.916168 -5.632539 -0.177310 -0.006857 -2.527200 0.310865 -2.449787 -1.818245 2.457130 0.296425 3.552880 0.786914 2.563933 -7.659517 -0.352392 -0.000000 -0.000000 0.000000
-18.741641 94.975792 -26.885355 3.391700 6.087575 -0.929526 -0.255505 -0.215628 0.658357 -0.143102 -5.922462 0.294053 -0.142367 -0.102049 0.279526 -0.085323 5.760044 0.210675 -2.414387 12.421126 0.136980 -4.657798 -12.916377 1.270599 -1.568098 -1.520216 7.971623 7.339383 -10.076146 70.245327 0.839739 23.760654 0.126318 -0.227467 12.172588 -4.494540 2.619793 -2.391473 -7.455391 -1.070351 -8.088654 -75.474657 0.229177 24.006438 4.619913 -3.518733 13.565897 -2.207602 8.107103 -0.586380 0.468277 -0.343145 2.634380 -0.597203 0.932004 -5.740937 -0.255827 -0.007313 -2.469421 0.339293 -2.446565 -1.815926 2.492970 0.276154 3.536146 0.779888 2.625366 -7.663750 -0.358639 -0.000000 -0.000000 -0.000000
-18.805086 94.968539 -26.866501 3.349146 6.100585 -0.908946 -0.259559 -0.203271 0.660214 -0.145005 -5.916977 0.294885 -0.144261 -0.096564 0.280165 -0.086697 5.764156 0.211159 -2.417141 12.417061 0.125294 -4.658306 -12.924315 1.249666 -1.569951 -1.534758 7.980515 7.357579 -10.104574 70.267788 0.865475 23.749410 0.129257 -0.214259 12.155866 -4.488395 2.610213 -2.387300 -7.431968 -1.093846 -8.159070 -75.503569 -0.061147 24.051986 4.480716 -3.533154 13.575696 -2.160396 8.141036 -0.624053 0.481798 -0.405695 2.711594 -0.580023 0.985105 -5.890366 -0.367356 -0.008104 -2.369391 0.391912 -2.421783 -1.808317 2.513287 0.258492 3.524630 0.767687 2.673300 -7.662918 -0.361629 -0.000000 0.000000 -0.000000
-18.871941 94.962227 -26.845867 3.300886 6.110440 -0.880562 -0.264889 -0.187159 0.658140 -0.147304 -5.909823 0.293961 -0.146550 -0.089410 0.279008 -0.088505 5.769521 0.210290 -2.417353 12.409405 0.113740 -4.654155 -12.938999 1.228077 -1.569734 -1.545776 7.987975 7.375205 -10.137802 70.293201 0.899959 23.731233 0.139567 -0.202093 12.137961 -4.488522 2.597335 -2.382881 -7.411811 -1.129778 -8.227468 -75.525734 -0.343077 24.092089 4.347394 -3.547576 13.582498 -2.114636 8.152889 -0.654514 0.490496 -0.451850 2.781693 -0.563392 1.051125 -6.028062 -0.487646 -0.008948 -2.276755 0.450295 -2.395747 -1.802218 2.525700 0.248968 3.524408 0.759714 2.718904 -7.661459 -0.371536 -0.000000 -0.000000 0.000000
-18.944185 94.956425 -26.826679 3.246345 6.117014 -0.846162 -0.270651 -0.164095 0.651985 -0.149621 -5.899578 0.291217 -0.148857 -0.079166 0.276029 -0.090469 5.777204 0.208049 -2.415181 12.393440 0.102816 -4.646015 -12.969159 1.207040 -1.565743 -1.553139 7.993855 7.393538 -10.179579 70.323967 0.944176 23.697055 0.157767 -0.193343 12.124289 -4.500035 2.577936 -2.379221 -7.395243 -1.188077 -8.296383 -75.535746 -0.616990 24.121482 4.220555 -3.563244 13.581438 -2.071894 8.176835 -0.688930 0.498977 -0.516884 2.858813 -0.551542 1.134264 -6.145969 -0.623511 -0.010028 -2.202969 0.521570 -2.377992 -1.800780 2.531665 0.243494 3.539671 0.758637 2.776891 -7.662298 -0.390405 -0.000000 0.000000 -0.000000
-19.019839 94.951564 -26.805712 3.186097 6.120463 -0.803953 -0.277712 -0.137293 0.641879 -0.152342 -5.887673 0.286709 -0.151567 -0.067261 0.271245 -0.092873 5.786134 0.204448 -2.410459 12.373885 0.092036 -4.633198 -13.006063 1.185362 -1.559687 -1.556978 7.998287 7.411310 -10.226137 70.357705 0.997130 23.655951 0.183338 -0.185584 12.109462 -4.517810 2.555236 -2.375324 -7.381923 -1.258869 -8.363269 -75.538841 -0.882388 24.145605 4.100086 -3.578862 13.577332 -2.030491 8.178711 -0.716147 0.502664 -0.565542 2.928818 -0.540272 1.230267 -6.252081 -0.768180 -0.011163 -2.136575 0.598629 -2.358988 -1.800853 2.529734 0.246129 3.566253 0.761755 2.832540 -7.662484 -0.416210 -0.000000 0.000000 0.000000
-19.098204 94.953038 -26.775921 3.123622 6.124568 -0.756941 -0.286030 -0.116212 0.629998 -0.155533 -5.878310 0.281407 -0.154743 -0.057899 0.265618 -0.095690 5.793157 0.200211 -2.405532 12.362863 0.081204 -4.619662 -13.027134 1.163131 -1.553262 -1.556962 8.003014 7.425911 -10.259761 70.389048 1.050855 23.638159 0.210912 -0.178290 12.097583 -4.531470 2.535526 -2.371564 -7.373625 -1.325143 -8.423738 -75.544504 -1.113825 24.160706 3.997022 -3.595492 13.571571 -1.988533 8.141636 -0.720095 0.502046 -0.544631 2.958572 -0.529819 1.301590 -6.317758 -0.876947 -0.011722 -2.092891 0.641760 -2.330437 -1.799779 2.523177 0.274634 3.597729 0.770442 2.852850 -7.657666 -0.452998 0.000000 0.000000 0.000000
-19.177748 94.966043 -26.732212 3.061547 6.129114 -0.702331 -0.296644 -0.104555 0.615268 -0.159602 -5.873137 0.274828 -0.158791 -0.052728 0.258626 -0.099264 5.797038 0.194942 -2.400994 12.366435 0.070234 -4.606293 -13.021104 1.140179 -1.545019 -1.547816 8.008549 7.437130 -10.276127 70.417532 1.102558 23.660627 0.239355 -0.168816 12.085250 -4.533851 2.521455 -2.366716 -7.373937 -1.385978 -8.475620 -75.552577 -1.299872 24.159239 3.916777 -3.615027 13.563892 -1.941462 8.034671 -0.685451 0.492194 -0.398418 2.923636 -0.519999 1.323810 -6.319084 -0.918315 -0.011350 -2.085711 0.623502 -2.287101 -1.796249 2.508312 0.344257 3.635999 0.787024 2.812521 -7.645222 -0.506181 0.000000 -0.000000 -0.000000
-19.260002 94.985383 -26.679679 2.997246 6.134338 -0.642920 -0.308497 -0.098635 0.598788 -0.164134 -5.870515 0.267465 -0.163299 -0.050107 0.250803 -0.103246 5.799006 0.189045 -2.396270 12.378538 0.059171 -4.592238 -12.999245 1.116622 -1.536417 -1.534811 8.014360 7.445167 -10.279564 70.443587 1.155011 23.706406 0.269861 -0.159851 12.075843 -4.532126 2.510357 -2.362033 -7.379291 -1.442299 -8.521081 -75.563349 -1.451786 24.149175 3.853820 -3.635594 13.554528 -1.893826 7.888656 -0.627766 0.477789 -0.182522 2.848658 -0.511047 1.321005 -6.280056 -0.923710 -0.010478 -2.101263 0.571337 -2.234227 -1.791529 2.488815 0.439759 3.679203 0.809236 2.736752 -7.627917 -0.570238 0.000000 0.000000 -0.000000
-19.348865 95.000863 -26.626565 2.926327 6.144684 -0.590114 -0.318385 -0.096797 0.586016 -0.167954 -5.869705 0.261758 -0.167099 -0.049298 0.244708 -0.106564 5.799614 0.184450 -2.391958 12.393105 0.048013 -4.578850 -12.972798 1.092957 -1.533502 -1.533437 8.020659 7.448013 -10.265363 70.463152 1.208611 23.754878 0.300568 -0.158938 12.083610 -4.537413 2.500561 -2.361589 -7.380722 -1.479830 -8.562296 -75.587110 -1.578214 24.150105 3.802392 -3.652677 13.545542 -1.857451 7.779423 -0.577059 0.473928 -0.010762 2.774090 -0.503480 1.328305 -6.243917 -0.942759 -0.009739 -2.113538 0.527978 -2.179240 -1.786834 2.478981 0.533177 3.715287 0.831530 2.668315 -7.609460 -0.632848 0.000000 -0.000000 0.000000
-19.446789 95.008464 -26.575306 2.847328 6.163340 -0.548586 -0.324374 -0.101772 0.578966 -0.170291 -5.871919 0.258604 -0.169422 -0.051513 0.241317 -0.108566 5.797954 0.181892 -2.389001 12.414503 0.036093 -4.567504 -12.933654 1.068136 -1.541457 -1.556452 8.028386 7.438847 -10.219950 70.476669 1.266197 23.806676 0.331864 -0.174554 12.129094 -4.559615 2.493209 -2.369888 -7.372641 -1.482546 -8.600377 -75.635230 -1.672233 24.176243 3.766203 -3.664384 13.535504 -1.838932 7.746292 -0.545046 0.488482 0.061565 2.713342 -0.498781 1.359748 -6.225102 -0.998456 -0.009472 -2.113891 0.513427 -2.117565 -1.782797 2.484817 0.610624 3.736757 0.852461 2.619512 -7.588157 -0.690866 -0.000000 -0.000000 -0.000000
-19.551320 95.012205 -26.523467 2.761715 6.187103 -0.513693 -0.328381 -0.110801 0.575645 -0.171910 -5.875936 0.257115 -0.171032 -0.055530 0.239663 -0.109898 5.794941 0.180643 -2.386470 12.438363 0.024059 -4.556847 -12.889928 1.043182 -1.555081 -1.591104 8.036689 7.424472 -10.156935 70.483550 1.324949 23.861155 0.363397 -0.198292 12.191724 -4.588862 2.487168 -2.382392 -7.360610 -1.466414 -8.634250 -75.696455 -1.740815 24.213520 3.741134 -3.672705 13.525681 -1.831736 7.750021 -0.519750 0.513761 0.089782 2.652856 -0.495225 1.401318 -6.209137 -1.067800 -0.009353 -2.110967 0.507681 -2.053760 -1.778788 2.500293 0.685998 3.751119 0.873408 2.578054 -7.565668 -0.747481 -0.000000 -0.000000 -0.000000
-19.658996 95.013949 -26.471973 2.669488 6.210812 -0.482857 -0.332994 -0.113985 0.575486 -0.173949 -5.877356 0.257041 -0.173059 -0.056951 0.239382 -0.111440 5.793875 0.180431 -2.382116 12.445523 0.013930 -4.544082 -12.877181 1.021785 -1.564849 -1.614621 8.043067 7.423311 -10.112400 70.478322 1.376773 23.895777 0.392128 -0.212273 12.224104 -4.606557 2.477364 -2.389611 -7.352386 -1.465197 -8.662866 -75.747098 -1.813508 24.238984 3.709799 -3.678944 13.522167 -1.828032 7.748665 -0.495477 0.541746 0.125963 2.592592 -0.488261 1.446129 -6.195863 -1.131416 -0.009064 -2.104698 0.493437 -2.008954 -1.774166 2.521667 0.772992 3.768851 0.893017 2.549918 -7.550634 -0.799963 0.000000 0.000000 0.000000
-19.767439 95.013903 -26.421310 2.569026 6.231087 -0.455625 -0.339495 -0.105832 0.579227 -0.177017 -5.873743 0.258715 -0.176113 -0.053339 0.240745 -0.113627 5.796582 0.181459 -2.374844 12.424577 0.006168 -4.527684 -12.916603 1.004819 -1.565600 -1.613540 8.045698 7.446193 -10.106283 70.454809 1.420083 23.896090 0.417935 -0.205092 12.194755 -4.601363 2.460780 -2.385033 -7.352924 -1.496730 -8.687922 -75.775154 -1.904099 24.237820 3.660464 -3.683707 13.529871 -1.828021 7.728417 -0.466369 0.568428 0.188504 2.528270 -0.474641 1.489844 -6.185572 -1.178632 -0.008422 -2.092791 0.461125 -2.005603 -1.764884 2.545958 0.895584 3.790732 0.914107 2.535213 -7.545742 -0.847601 -0.000000 -0.000000 -0.000000
-19.879025 95.011861 -26.370992 2.461943 6.251300 -0.432453 -0.346611 -0.091817 0.586088 -0.180508 -5.867527 0.261786 -0.179587 -0.047124 0.243462 -0.116027 5.801240 0.183511 -2.365675 12.386943 0.000419 -4.509058 -12.986981 0.991559 -1.562520 -1.601328 8.046309 7.482296 -10.118682 70.419331 1.456444 23.876542 0.440871 -0.188106 12.135184 -4.584554 2.440415 -2.375217 -7.357299 -1.543252 -8.707724 -75.792545 -1.998816 24.224798 3.605161 -3.686415 13.543859 -1.831565 7.703092 -0.438271 0.597795 0.259001 2.464229 -0.457631 1.536816 -6.177952 -1.220115 -0.007621 -2.077552 0.420311 -2.021244 -1.754988 2.576163 1.029784 3.816065 0.933828 2.533897 -7.548254 -0.891144 -0.000000 0.000000 -0.000000
-19.997429 95.009062 -26.320493 2.353090 6.276426 -0.412130 -0.353099 -0.078499 0.593218 -0.183731 -5.861620 0.264978 -0.182796 -0.041218 0.246327 -0.118215 5.805667 0.185673 -2.355537 12.347701 -0.002517 -4.489803 -13.060262 0.983303 -1.561599 -1.595596 8.047711 7.517550 -10.125908 70.385274 1.482484 23.857942 0.458115 -0.177478 12.092496 -4.571393 2.420238 -2.370267 -7.358437 -1.585182 -8.716181 -75.811533 -2.085843 24.221345 3.562208 -3.686534 13.555521 -1.830292 7.672174 -0.423076 0.633840 0.334304 2.413445 -0.442530 1.593187 -6.171917 -1.268511 -0.006895 -2.065805 0.382405 -2.009616 -1.755951 2.617530 1.117289 3.853070 0.942375 2.551743 -7.558648 -0.930080 0.000000 -0.000000 -0.000000
-20.125382 95.004600 -26.270145 2.238628 6.310487 -0.396499 -0.356652 -0.068543 0.600087 -0.185634 -5.857203 0.268052 -0.184691 -0.036802 0.249208 -0.119417 5.808977 0.187847 -2.344121 12.309426 -0.001218 -4.469846 -13.131623 0.982530 -1.567457 -1.607842 8.051605 7.549943 -10.115647 70.357486 1.495100 23.846055 0.466598 -0.182356 12.091497 -4.570820 2.401234 -2.376268 -7.350469 -1.616672 -8.704350 -75.841051 -2.165618 24.239390 3.541734 -3.682518 13.560771 -1.817140 7.643638 -0.435002 0.680346 0.416878 2.394059 -0.431023 1.659148 -6.177069 -1.336742 -0.006427 -2.055823 0.358217 -1.933791 -1.771100 2.675721 1.117305 3.899621 0.930766 2.595583 -7.586075 -0.952731 0.000514 0.001210 0.094069
-20.260152 94.999383 -26.219615 2.122392 6.349445 -0.383757 -0.359571 -0.059280 0.607233 -0.187267 -5.853094 0.271249 -0.186317 -0.032693 0.252239 -0.120406 5.812056 0.190134 -2.331738 12.269561 0.002891 -4.449270 -13.205857 0.986762 -1.575452 -1.626567 8.056369 7.581475 -10.100210 70.331087 1.497416 23.835113 0.469355 -0.193589 12.107364 -4.573963 2.382444 -2.387092 -7.339212 -1.643608 -8.681200 -75.872325 -2.237588 24.267079 3.533539 -3.675846 13.563709 -1.799164 7.609529 -0.459762 0.733675 0.504200 2.387967 -0.421448 1.734529 -6.183728 -1.411906 -0.006026 -2.049315 0.336942 -1.830677 -1.797106 2.745023 1.070512 3.957609 0.907984 2.658665 -7.621299 -0.970857 0.001079 0.002422 0.188137
-20.397210 94.997368 -26.167381 2.020747 6.386199 -0.367204 -0.367521 -0.049282 0.613427 -0.191094 -5.848664 0.274021 -0.190126 -0.028265 0.254623 -0.123082 5.815374 0.191933 -2.320284 12.235473 0.006274 -4.429966 -13.269365 0.989760 -1.577675 -1.634894 8.059824 7.604081 -10.092838 70.304880 1.495410 23.828642 0.472707 -0.199845 12.112776 -4.569336 2.364926 -2.394539 -7.335129 -1.663958 -8.667462 -75.891076 -2.288511 24.290164 3.525188 -3.670562 13.568002 -1.789145 7.545448 -0.466515 0.786643 0.585714 2.353744 -0.414052 1.824819 -6.161885 -1.467857 -0.005345 -2.058250 0.297573 -1.764788 -1.835418 2.813726 1.040791 4.041367 0.891169 2.726284 -7.637234 -1.019081 -0.000000 -0.000000 0.000000
-20.534062 94.999891 -26.113282 1.942844 6.418852 -0.343284 -0.385468 -0.037171 0.618432 -0.199314 -5.843309 0.276263 -0.198304 -0.022912 0.256030 -0.129110 5.819385 0.192996 -2.309667 12.207213 0.008239 -4.411464 -13.322082 0.990163 -1.567051 -1.619562 8.060496 7.614443 -10.106399 70.275124 1.493369 23.829210 0.480600 -0.194215 12.093882 -4.547375 2.349399 -2.392309 -7.345244 -1.670838 -8.676651 -75.886437 -2.315567 24.307317 3.503934 -3.669051 13.575441 -1.794414 7.434268 -0.441080 0.834770 0.654967 2.268388 -0.408687 1.939752 -6.091315 -1.492790 -0.004215 -2.091934 0.230850 -1.786164 -1.894316 2.878458 1.045750 4.171803 0.883494 2.820211 -7.627685 -1.114639 -0.006096 0.016506 -0.756190
-20.673202 95.005615 -26.057480 1.879544 6.449307 -0.315506 -0.408451 -0.024347 0.622494 -0.209731 -5.837643 0.278085 -0.208669 -0.017250 0.256794 -0.136827 5.823627 0.193575 -2.299997 12.184724 0.009443 -4.394256 -13.364086 0.989280 -1.550687 -1.593826 8.059746 7.615888 -10.128055 70.245640 1.486983 23.834258 0.489048 -0.183630 12.064578 -4.517563 2.335104 -2.386767 -7.362575 -1.671052 -8.695100 -75.869208 -2.321704 24.319856 3.482295 -3.669024 13.584227 -1.807635 7.293124 -0.397685 0.882360 0.718577 2.154868 -0.405287 2.069399 -5.992168 -1.498408 -0.002729 -2.141088 0.146044 -1.844805 -1.965477 2.942844 1.067630 4.328140 0.881588 2.918307 -7.598772 -1.240356 -0.016501 0.029107 -1.794569
-20.817579 95.014499 -25.998934 1.819785 6.476177 -0.287740 -0.427256 -0.013554 0.625111 -0.218222 -5.832872 0.279260 -0.217118 -0.012483 0.257108 -0.143142 5.827198 0.193813 -2.293501 12.175196 0.008340 -4.381707 -13.382019 0.984815 -1.541940 -1.580592 8.059653 7.610323 -10.132469 70.226529 1.469318 23.839618 0.492477 -0.177460 12.039155 -4.496928 2.320891 -2.388711 -7.376576 -1.683074 -8.702774 -75.857569 -2.302323 24.317468 3.485674 -3.667546 13.592641 -1.819589 7.149017 -0.348098 0.935332 0.785637 2.040703 -0.404300 2.189736 -5.895064 -1.493853 -0.000954 -2.189806 0.049939 -1.855151 -2.025453 3.005536 1.117441 4.462414 0.893199 2.939862 -7.542104 -1.378950 -0.023589 -0.033549 -2.539757
-20.968995 95.026892 -25.935772 1.760358 6.497810 -0.258811 -0.438056 -0.007115 0.623944 -0.222978 -5.830024 0.278743 -0.221851 -0.009636 0.256108 -0.146769 5.829331 0.193061 -2.292206 12.185678 0.003970 -4.377050 -13.362769 0.975516 -1.549968 -1.592881 8.061759 7.591894 -10.105748 70.229137 1.428325 23.842551 0.482594 -0.181330 12.029138 -4.495288 2.306745 -2.406354 -7.382046 -1.729734 -8.687904 -75.861693 -2.232422 24.288413 3.541531 -3.661819 13.601847 -1.827531 6.993611 -0.284890 0.995448 0.869021 1.922504 -0.407339 2.311230 -5.818817 -1.509187 0.000596 -2.220876 -0.030634 -1.773533 -2.065746 3.061641 1.221231 4.556756 0.928601 2.821621 -7.441180 -1.533331 -0.019683 -0.242971 -2.698451
-21.125648 95.042444 -25.869867 1.704468 6.515855 -0.229879 -0.444676 -0.002705 0.621335 -0.225808 -5.828072 0.277581 -0.224667 -0.007685 0.254658 -0.148993 5.830795 0.191969 -2.294132 12.209103 -0.002771 -4.377121 -13.319482 0.962546 -1.565583 -1.617685 8.064629 7.566468 -10.061711 70.241980 1.376060 23.845739 0.467623 -0.189566 12.022944 -4.502863 2.292716 -2.431444 -7.384143 -1.788230 -8.662346 -75.871494 -2.136941 24.244284 3.622121 -3.654626 13.610692 -1.834205 6.835265 -0.215424 1.060816 0.955902 1.803701 -0.412849 2.423451 -5.744626 -1.514376 0.002412 -2.251521 -0.122508 -1.643601 -2.094949 3.115787 1.353192 4.629031 0.978056 2.626285 -7.313093 -1.700133 -0.010266 -0.527375 -2.564078
-21.285079 95.060063 -25.805788 1.650673 6.533871 -0.208328 -0.449367 0.003926 0.623791 -0.228014 -5.825132 0.278683 -0.226863 -0.004747 0.255537 -0.150573 5.832997 0.192633 -2.295497 12.231489 -0.010628 -4.375689 -13.278181 0.947254 -1.574600 -1.638867 8.065894 7.553502 -10.016618 70.240925 1.341736 23.853210 0.466843 -0.194546 12.000212 -4.507253 2.277769 -2.450050 -7.387852 -1.808616 -8.641486 -75.874703 -2.086095 24.209954 3.670446 -3.651359 13.613966 -1.838630 6.726033 -0.173623 1.132193 1.016633 1.721994 -0.416763 2.471143 -5.646824 -1.428671 0.006055 -2.317631 -0.299348 -1.510769 -2.115307 3.180731 1.446634 4.684926 1.019363 2.462585 -7.199692 -1.852709 -0.003738 -0.742689 -2.441230
-21.447292 95.082532 -25.743853 1.592483 6.552397 -0.202531 -0.451301 0.013229 0.636719 -0.229473 -5.821010 0.284466 -0.228317 -0.000625 0.261171 -0.151234 5.836084 0.196883 -2.295377 12.252128 -0.019878 -4.370903 -13.240223 0.928755 -1.573952 -1.648285 8.063991 7.555641 -9.972476 70.225965 1.333302 23.865689 0.475424 -0.188427 11.969602 -4.509922 2.263530 -2.456281 -7.395556 -1.758857 -8.632360 -75.869653 -2.104775 24.193362 3.661920 -3.656562 13.604386 -1.840785 6.696348 -0.180315 1.214059 1.031657 1.700345 -0.416700 2.418849 -5.488792 -1.180813 0.013466 -2.461259 -0.627370 -1.375866 -2.117024 3.265735 1.472795 4.708129 1.045081 2.365623 -7.108430 -1.980500 -0.003119 -0.822183 -2.433209
-21.612283 95.107069 -25.683744 1.536377 6.570863 -0.204116 -0.451295 0.024778 0.654704 -0.230304 -5.815891 0.292509 -0.229146 0.004494 0.269130 -0.151248 5.839918 0.202887 -2.294703 12.271729 -0.030237 -4.364634 -13.204249 0.907955 -1.566714 -1.654075 8.060438 7.570175 -9.927305 70.197168 1.342815 23.882521 0.498270 -0.179016 11.922484 -4.509358 2.248355 -2.456042 -7.404903 -1.670956 -8.627837 -75.858041 -2.168087 24.186667 3.621420 -3.665673 13.589221 -1.840689 6.715705 -0.214754 1.302171 1.020283 1.715629 -0.415206 2.302941 -5.306539 -0.842757 0.023965 -2.641495 -1.039910 -1.238029 -2.110034 3.361583 1.460472 4.714880 1.062383 2.300789 -7.031556 -2.094306 -0.004982 -0.832549 -2.436611
-21.777589 95.124236 -25.629089 1.500369 6.591170 -0.195363 -0.454074 0.041496 0.668020 -0.232169 -5.808474 0.298471 -0.231005 0.011910 0.274902 -0.152203 5.845475 0.207243 -2.292433 12.278451 -0.039562 -4.356169 -13.192189 0.888961 -1.547911 -1.664511 8.057443 7.608463 -9.891415 70.130639 1.375682 23.905757 0.569324 -0.182099 11.812596 -4.488588 2.226293 -2.453124 -7.413777 -1.591005 -8.622021 -75.832550 -2.271556 24.191219 3.566470 -3.670420 13.585084 -1.837420 6.744791 -0.248536 1.384361 1.011122 1.736412 -0.415595 2.175061 -5.184045 -0.548070 0.034122 -2.769106 -1.411708 -1.140203 -2.126064 3.453319 1.429134 4.759819 1.070938 2.272733 -6.987713 -2.199687 -0.007060 -0.829717 -2.445832
-21.941946 95.129608 -25.581024 1.488392 6.608684 -0.176218 -0.462637 0.068574 0.676784 -0.236415 -5.796458 0.302407 -0.235235 0.023924 0.278408 -0.155111 5.854482 0.209894 -2.287423 12.262666 -0.047971 -4.343571 -13.221958 0.871429 -1.516277 -1.688488 8.055573 7.669354 -9.870841 70.002119 1.432018 23.950837 0.714935 -0.206001 11.588874 -4.430117 2.190839 -2.447206 -7.421985 -1.527332 -8.615897 -75.790673 -2.419129 24.215969 3.498394 -3.666187 13.601652 -1.829910 6.788572 -0.264370 1.463702 1.012363 1.744172 -0.420371 2.036345 -5.142468 -0.344424 0.041747 -2.817631 -1.696647 -1.089843 -2.152318 3.538968 1.370805 4.831751 1.069213 2.288777 -7.010000 -2.267664 -0.011497 -0.748899 -2.486273
-22.106617 95.127611 -25.538412 1.496527 6.628036 -0.146711 -0.474007 0.100799 0.680892 -0.241705 -5.782156 0.304270 -0.240504 0.038224 0.279733 -0.158967 5.865203 0.210903 -2.280779 12.234012 -0.055331 -4.328697 -13.275621 0.855700 -1.473061 -1.717086 8.054179 7.753852 -9.859212 69.835864 1.512366 24.002162 0.908891 -0.242161 11.302356 -4.351203 2.148485 -2.438623 -7.429672 -1.471506 -8.608501 -75.734958 -2.607003 24.251684 3.415876 -3.657589 13.629257 -1.819246 6.842113 -0.279655 1.537073 1.015818 1.757462 -0.426999 1.884881 -5.161443 -0.183468 0.047698 -2.812752 -1.941305 -1.079553 -2.201486 3.620526 1.293223 4.941759 1.058572 2.342069 -7.065089 -2.327362 -0.016310 -0.654899 -2.532557
-22.272926 95.122081 -25.501473 1.531040 6.665024 -0.089227 -0.483980 0.125472 0.670307 -0.245693 -5.771196 0.299563 -0.244476 0.049182 0.274622 -0.162341 5.873424 0.207056 -2.274833 12.209560 -0.059121 -4.316519 -13.321332 0.846902 -1.417078 -1.731846 8.053637 7.876538 -9.848074 69.680711 1.622518 24.015124 1.106057 -0.280941 11.059852 -4.287245 2.112804 -2.432117 -7.435241 -1.444489 -8.591081 -75.665529 -2.818971 24.272453 3.332566 -3.650210 13.655495 -1.807730 6.851339 -0.317875 1.583026 1.025543 1.800524 -0.431139 1.766803 -5.263377 -0.054040 0.051709 -2.742471 -2.159951 -1.130075 -2.343403 3.688994 1.238974 5.178051 1.042871 2.415467 -7.072007 -2.471479 -0.012388 -0.797980 -2.502826
-22.438395 95.116900 -25.470523 1.580885 6.726204 0.005573 -0.485233 0.136993 0.642459 -0.244996 -5.766055 0.287133 -0.243784 0.054324 0.262263 -0.162770 5.877288 0.197742 -2.269945 12.196251 -0.060740 -4.306925 -13.346244 0.842263 -1.336732 -1.716053 8.052552 8.016728 -9.829733 69.545503 1.801418 23.962019 1.308411 -0.325375 10.936579 -4.254670 2.092489 -2.431487 -7.444837 -1.495781 -8.553452 -75.578590 -3.037916 24.248997 3.264177 -3.645224 13.677005 -1.802557 6.787449 -0.381318 1.588869 1.042675 1.868273 -0.436294 1.717109 -5.453256 0.064992 0.054799 -2.626724 -2.369150 -1.269214 -2.575374 3.724568 1.243007 5.514027 1.048942 2.503368 -6.945342 -2.747996 0.006006 -1.365532 -2.363546
-22.605503 95.108185 -25.445247 1.657280 6.804863 0.128472 -0.485147 0.141024 0.599920 -0.243022 -5.764228 0.268134 -0.241819 0.056152 0.243464 -0.162735 5.878672 0.183569 -2.265761 12.187137 -0.058801 -4.300041 -13.363215 0.844545 -1.243643 -1.686424 8.052339 8.195016 -9.811399 69.421154 2.009773 23.870090 1.512576 -0.372484 10.857202 -4.237238 2.078856 -2.432892 -7.452352 -1.575805 -8.505822 -75.477743 -3.280632 24.210371 3.195293 -3.641490 13.697150 -1.796532 6.679426 -0.467889 1.567496 1.065928 1.965821 -0.438983 1.700953 -5.726078 0.152592 0.055439 -2.445302 -2.552426 -1.468653 -2.900414 3.748062 1.269561 5.976504 1.049537 2.608502 -6.770255 -3.108859 0.028665 -2.170469 -2.149128
-22.783006 95.088128 -25.424912 1.799928 6.896721 0.269366 -0.501600 0.141770 0.540405 -0.247619 -5.763865 0.241554 -0.246390 0.056512 0.216417 -0.168233 5.878958 0.163177 -2.263539 12.178431 -0.046608 -4.301219 -13.378994 0.867207 -1.171423 -1.674746 8.057567 8.488235 -9.807083 69.329246 2.136007 23.777717 1.666080 -0.403429 10.702751 -4.221808 2.059468 -2.429633 -7.437801 -1.556970 -8.470304 -75.374251 -3.582071 24.217970 3.091977 -3.641125 13.713637 -1.770345 6.559966 -0.594356 1.535705 1.095585 2.132697 -0.424187 1.660329 -6.089308 0.156536 0.049017 -2.125990 -2.674439 -1.665016 -3.396727 3.810928 1.253191 6.733630 0.967125 2.727045 -6.721293 -3.503027 0.042762 -2.901531 -1.879985
-22.982058 95.049396 -25.412398 2.019764 7.010288 0.440031 -0.542938 0.133932 0.450079 -0.261860 -5.767307 0.201210 -0.260552 0.053064 0.174627 -0.182052 5.876393 0.131667 -2.257828 12.172782 -0.016828 -4.303070 -13.388548 0.921841 -1.142876 -1.705436 8.079908 8.974575 -9.801859 69.293807 2.106609 23.694596 1.729015 -0.389957 10.329786 -4.202641 2.029775 -2.420478 -7.376125 -1.332871 -8.456833 -75.279251 -3.983117 24.333676 2.926693 -3.645736 13.725105 -1.709931 6.417675 -0.796108 1.487193 1.149613 2.427989 -0.379363 1.579012 -6.606215 0.031881 0.029557 -1.540524 -2.798506 -1.837246 -4.074383 3.947955 1.172352 7.800389 0.719062 2.872057 -6.890171 -3.914452 0.044219 -3.400870 -1.542694
-23.191505 94.999321 -25.404827 2.306169 7.136281 0.629253 -0.600939 0.123021 0.342860 -0.282737 -5.772089 0.153318 -0.281317 0.048273 0.124617 -0.201451 5.872824 0.093959 -2.254021 12.167442 0.023219 -4.312889 -13.397076 0.996862 -1.135234 -1.754192 8.107600 9.576323 -9.811886 69.290001 1.995703 23.611386 1.744067 -0.360137 9.881878 -4.186911 1.994538 -2.406787 -7.292313 -1.009835 -8.456232 -75.182323 -4.444463 24.494100 2.722790 -3.654044 13.733043 -1.629466 6.264600 -1.037829 1.427840 1.209853 2.792468 -0.315685 1.476316 -7.213592 -0.177313 0.003551 -0.816982 -2.860783 -2.006760 -4.923734 4.122229 1.038175 9.161408 0.387007 3.030904 -7.183783 -4.361799 0.038217 -3.827772 -1.151582
-23.386645 94.952100 -25.392825 2.666187 7.243844 0.792337 -0.668594 0.129387 0.258188 -0.308952 -5.769197 0.115521 -0.307395 0.051151 0.084159 -0.224106 5.875002 0.063457 -2.269684 12.150587 0.058249 -4.358137 -13.426541 1.070986 -1.113649 -1.779720 8.109988 10.136792 -9.896899 69.264142 1.913577 23.538348 1.782370 -0.379622 9.670509 -4.178931 1.955200 -2.385704 -7.241369 -0.779340 -8.462151 -75.062189 -4.879490 24.573430 2.524961 -3.663734 13.739338 -1.551964 6.167810 -1.229561 1.391948 1.222611 3.088024 -0.253939 1.345766 -7.729221 -0.389742 -0.013422 -0.268047 -2.634663 -2.174480 -5.992967 4.275464 0.835725 10.938921 0.139459 3.161544 -7.499468 -4.845452 0.029178 -4.346136 -0.768929
-23.552507 94.911187 -25.373100 3.131796 7.312887 0.918756 -0.756593 0.166014 0.210717 -0.345922 -5.752894 0.094398 -0.344186 0.067431 0.059282 -0.253603 5.887223 0.044712 -2.313447 12.113602 0.081984 -4.452973 -13.492855 1.136265 -1.066693 -1.763903 8.066238 10.587358 -10.095087 69.208334 1.883092 23.508424 1.861228 -0.505554 9.965483 -4.178831 1.905475 -2.348340 -7.252899 -0.742018 -8.470445 -74.885181 -5.280324 24.499395 2.335996 -3.672769 13.743971 -1.489171 6.153675 -1.329786 1.386199 1.168850 3.272336 -0.200071 1.163398 -8.101197 -0.593605 -0.012620 -0.048155 -1.850987 -2.254353 -7.333453 4.351688 0.428963 13.265488 0.050224 3.271480 -7.890628 -5.382083 0.017527 -4.991822 -0.405384
-23.704063 94.873128 -25.348944 3.670673 7.363509 1.018847 -0.854129 0.219789 0.186216 -0.388185 -5.728995 0.083584 -0.386252 0.091303 0.044178 -0.286308 5.905132 0.033342 -2.376727 12.065163 0.100705 -4.583445 -13.579896 1.200792 -1.005994 -1.724346 7.997409 10.997273 -10.367099 69.125875 1.881772 23.488476 1.962310 -0.681139 10.496909 -4.182548 1.851274 -2.303235 -7.296999 -0.796918 -8.485294 -74.684282 -5.652168 24.344954 2.156627 -3.683187 13.746833 -1.429348 6.195027 -1.379859 1.403625 1.067996 3.387286 -0.148507 0.951048 -8.380862 -0.800799 -0.004788 -0.007713 -0.779124 -2.331530 -8.893510 4.395718 -0.042373 16.007953 0.039904 3.348580 -8.303587 -5.954538 0.002416 -5.728880 -0.051635
-23.861525 94.841755 -25.320861 4.193220 7.426003 1.079164 -0.921833 0.271778 0.180640 -0.418054 -5.705905 0.081226 -0.415987 0.114373 0.038788 -0.309021 5.922437 0.029297 -2.451293 12.019439 0.117992 -4.734893 -13.661459 1.267373 -0.931060 -1.673482 7.935699 11.416762 -10.653838 68.979136 1.951596 23.389558 2.099694 -0.800824 10.766789 -4.187200 1.812322 -2.273682 -7.339600 -0.833592 -8.512772 -74.538081 -5.927703 24.204068 2.030347 -3.698725 13.749478 -1.360289 6.278028 -1.414259 1.457869 0.924120 3.421205 -0.104290 0.768116 -8.541247 -0.964764 0.000000 -0.000000 0.000000 -2.669686 -10.566910 4.515100 -0.171295 18.890995 0.066975 3.317402 -8.476427 -6.506027 -0.014188 -6.612423 0.259083
-24.038542 94.820474 -25.292251 4.693702 7.507852 1.081146 -0.948064 0.318735 0.202532 -0.430749 -5.685088 0.091113 -0.428637 0.135180 0.047386 -0.317851 5.938035 0.035798 -2.540095 11.980164 0.131470 -4.911800 -13.730569 1.332559 -0.834883 -1.614065 7.888287 11.836726 -10.928656 68.751386 2.124879 23.152035 2.291526 -0.815282 10.493759 -4.205751 1.795731 -2.268975 -7.372523 -0.837318 -8.576704 -74.483614 -6.051669 24.107717 1.997387 -3.713856 13.766064 -1.264451 6.416482 -1.434099 1.571698 0.702701 3.343075 -0.073943 0.649159 -8.532600 -1.056006 0.001137 0.029233 0.300675 -3.499163 -12.364877 4.781167 0.361293 21.971083 0.250672 3.049015 -8.205983 -7.053306 -0.032251 -7.974385 0.505911
-24.221465 94.805878 -25.259714 5.177746 7.602825 1.043667 -0.944203 0.363427 0.243207 -0.430937 -5.665304 0.109365 -0.428841 0.154963 0.065619 -0.316612 5.952859 0.049561 -2.640154 11.943617 0.143638 -5.109673 -13.794083 1.400024 -0.724396 -1.543390 7.848261 12.266671 -11.214012 68.457380 2.367420 22.833960 2.512825 -0.775284 9.959439 -4.232869 1.794453 -2.279773 -7.404418 -0.823345 -8.652479 -74.484599 -6.080924 24.026204 2.017235 -3.734806 13.782028 -1.159617 6.596828 -1.440140 1.722462 0.438397 3.183947 -0.052436 0.558145 -8.405108 -1.102479 0.001329 0.030432 0.308430 -4.611741 -14.270024 5.160700 1.267906 25.192527 0.541981 2.658572 -7.698665 -7.565532 -0.052150 -9.482207 0.706187
-24.389562 94.791588 -25.213553 5.572951 7.720419 1.009656 -0.905608 0.396318 0.272262 -0.415145 -5.650719 0.122372 -0.413138 0.169561 0.080229 -0.303719 5.963798 0.060586 -2.734306 11.912708 0.165389 -5.300217 -13.846728 1.483137 -0.619660 -1.466336 7.826524 12.785069 -11.523471 68.106590 2.621373 22.523237 2.713404 -0.725215 9.509932 -4.236301 1.807271 -2.301795 -7.426738 -0.726516 -8.673885 -74.509640 -6.116934 23.962859 2.010579 -3.782679 13.756074 -1.087073 6.764053 -1.464939 1.854941 0.238864 3.025560 -0.027363 0.449062 -8.282103 -1.144486 -0.000000 0.000000 -0.000000 -5.611209 -16.137243 5.604253 2.012254 28.116781 0.610166 2.454733 -7.302717 -7.924938 -0.066080 -10.194601 0.886921
-24.537486 94.774929 -25.155487 5.846819 7.875121 0.986801 -0.820797 0.408946 0.283241 -0.377961 -5.645073 0.127224 -0.376138 0.175233 0.088856 -0.275312 5.968051 0.067088 -2.819264 11.889570 0.201820 -5.479201 -13.884407 1.590100 -0.519323 -1.379917 7.831685 13.438905 -11.842818 67.678777 2.874464 22.260736 2.874239 -0.650302 9.218341 -4.160468 1.839033 -2.336400 -7.437611 -0.507521 -8.629348 -74.563181 -6.191172 23.901325 1.953465 -3.881332 13.660599 -1.073966 6.935454 -1.535675 1.953853 0.148544 2.893373 0.008277 0.258055 -8.194516 -1.180656 -0.003517 -0.088019 -0.851902 -6.370617 -17.969721 6.133919 2.313532 30.714555 0.171987 2.694851 -7.177771 -8.023543 -0.057050 -9.593850 0.999627
-24.670583 94.758574 -25.083798 6.031818 8.052197 0.967181 -0.701445 0.410030 0.281863 -0.324842 -5.644517 0.126504 -0.323278 0.175822 0.093529 -0.235312 5.968498 0.070600 -2.898211 11.871915 0.247885 -5.650623 -13.911453 1.712701 -0.424369 -1.287807 7.855346 14.182775 -12.180604 67.189639 3.137968 22.005458 3.012648 -0.564374 9.009869 -4.059545 1.884974 -2.382528 -7.439372 -0.206062 -8.529566 -74.639008 -6.271149 23.858403 1.869586 -4.006234 13.523826 -1.094904 7.093579 -1.623695 2.033899 0.122917 2.762196 0.047332 0.049149 -8.111803 -1.212936 -0.007168 -0.205871 -2.020173 -7.019097 -19.765630 6.722793 2.398480 33.017430 -0.564349 3.143011 -7.165857 -7.986756 -0.030236 -8.198115 1.113805
-24.784159 94.744168 -24.983631 6.153166 8.216665 0.970055 -0.577868 0.416405 0.256133 -0.268723 -5.641580 0.114910 -0.267432 0.178788 0.087631 -0.193879 5.970733 0.066142 -2.963705 11.856035 0.299155 -5.798504 -13.935300 1.839480 -0.358343 -1.204860 7.882563 14.957753 -12.588480 66.701678 3.390003 21.723267 3.136601 -0.553816 9.010859 -4.055259 1.929472 -2.432453 -7.429470 0.124530 -8.343292 -74.688278 -6.361555 23.887418 1.750983 -4.105918 13.388427 -1.111505 7.131033 -1.675867 2.085908 0.136081 2.638048 0.081832 -0.031461 -8.064469 -1.287471 -0.009497 -0.278312 -2.846304 -7.521127 -21.381368 7.219109 2.487887 34.683921 -1.220018 3.376898 -7.129440 -8.046942 0.004641 -6.622665 1.421526
-24.876390 94.735045 -24.847929 6.208753 8.357109 1.008044 -0.457885 0.430321 0.196238 -0.212625 -5.635275 0.088066 -0.211605 0.185117 0.066482 -0.153625 5.975497 0.050183 -3.009635 11.846521 0.358056 -5.911960 -13.947629 1.972190 -0.336843 -1.133329 7.917468 15.811725 -13.082297 66.218168 3.577539 21.363106 3.229814 -0.710445 9.468438 -4.242665 1.976646 -2.482290 -7.403998 0.490313 -8.050012 -74.685742 -6.491334 24.009360 1.565915 -4.163795 13.250986 -1.100295 6.971671 -1.664350 2.103037 0.189519 2.509470 0.105302 0.106087 -8.058513 -1.421367 -0.011643 -0.264771 -3.009368 -7.801554 -22.763920 7.555108 2.676792 35.557439 -1.663982 3.187624 -7.054710 -8.307915 0.079685 -4.873860 2.242539
-24.949101 94.727870 -24.683749 6.200801 8.484893 1.067959 -0.333909 0.449916 0.112120 -0.153628 -5.626457 0.050397 -0.152892 0.193954 0.034801 -0.112009 5.982141 0.026282 -3.042080 11.838820 0.422093 -6.001749 -13.956795 2.108887 -0.344177 -1.070789 7.955676 16.699962 -13.648513 65.731361 3.751452 20.976364 3.307758 -0.941877 10.140594 -4.516070 2.022385 -2.536205 -7.366755 0.885687 -7.671997 -74.653481 -6.631020 24.204517 1.347920 -4.197257 13.114730 -1.084038 6.691410 -1.616874 2.093507 0.281787 2.388328 0.125065 0.372160 -8.087099 -1.597779 -0.013554 -0.207753 -2.830065 -7.914006 -23.971178 7.779074 2.904501 35.796214 -2.006475 2.789068 -6.950086 -8.667502 0.201739 -2.944592 3.238440
-25.003060 94.714286 -24.497410 6.161048 8.599180 1.130456 -0.213133 0.485841 0.021830 -0.095760 -5.610422 0.009973 -0.095302 0.210001 0.000252 -0.071455 5.994185 0.000216 -3.072034 11.815664 0.479354 -6.084697 -13.995009 2.232512 -0.357297 -1.024672 7.969184 17.423783 -14.302078 65.290778 4.046777 20.680694 3.426744 -1.057858 10.419971 -4.698640 2.038708 -2.598329 -7.326403 1.240083 -7.242670 -74.614992 -6.698396 24.464717 1.188999 -4.205341 13.032178 -1.091813 6.411020 -1.563472 2.071335 0.382546 2.315632 0.153836 0.643766 -8.161303 -1.811924 -0.014584 -0.156325 -2.612363 -8.009994 -25.026982 7.911629 3.183867 35.532797 -2.201733 2.390015 -6.705883 -9.040789 0.277444 -1.428582 3.595912
-25.037540 94.693626 -24.294389 6.094530 8.700761 1.194347 -0.096574 0.543587 -0.073850 -0.039499 -5.584732 -0.032864 -0.039308 0.235699 -0.036874 -0.032291 6.013460 -0.027796 -3.103222 11.767119 0.529218 -6.168276 -14.080578 2.344138 -0.376139 -1.010637 7.943986 17.841584 -15.083089 64.947405 4.521825 20.564172 3.617375 -0.926915 9.843610 -4.691347 2.006075 -2.676482 -7.278633 1.538853 -6.757133 -74.578853 -6.667564 24.817402 1.125938 -4.182869 13.033060 -1.134782 6.126416 -1.525163 2.034142 0.508701 2.324805 0.200433 0.895167 -8.293123 -2.073038 -0.015072 -0.119424 -2.449460 -8.082632 -25.933544 7.902984 3.485476 34.731578 -2.196187 2.075534 -6.294521 -9.406262 0.210112 -0.612263 2.695608
-25.053269 94.666556 -24.069209 5.996160 8.788951 1.260680 0.016635 0.617552 -0.175616 0.015590 -5.551875 -0.078440 0.015524 0.268556 -0.076857 0.005787 6.038097 -0.057970 -3.132138 11.703276 0.572215 -6.245554 -14.194953 2.442740 -0.401284 -1.012688 7.893897 18.091915 -15.959373 64.658995 5.121680 20.532658 3.856230 -0.694377 8.867181 -4.623748 1.943983 -2.762478 -7.227184 1.797333 -6.219962 -74.537900 -6.562805 25.233586 1.128327 -4.133727 13.088133 -1.199780 5.841605 -1.481295 1.984049 0.643310 2.382577 0.255350 1.152543 -8.470737 -2.372453 -0.014783 -0.087924 -2.248211 -8.132545 -26.689446 7.799568 3.818589 33.424584 -2.059660 1.767329 -5.746177 -9.793179 0.079652 -0.222037 1.149819
-25.053208 94.626718 -23.811751 5.882403 8.860589 1.313634 0.122302 0.701602 -0.267575 0.066907 -5.514577 -0.119657 0.066610 0.305851 -0.112865 0.041362 6.066054 -0.085153 -3.158998 11.636963 0.598167 -6.311868 -14.314970 2.508135 -0.410666 -0.990875 7.832616 18.397377 -16.837195 64.333264 5.809665 20.429563 4.112250 -0.570194 8.264880 -4.641602 1.883027 -2.836343 -7.192852 1.989686 -5.678012 -74.493995 -6.377595 25.619353 1.186146 -4.069966 13.161749 -1.279216 5.689637 -1.398107 1.941428 0.705211 2.429625 0.303921 1.370624 -8.669814 -2.678277 -0.013183 -0.083506 -2.033094 -8.332552 -27.312202 7.777271 4.259455 31.845508 -1.924573 1.423329 -5.039224 -10.188267 -0.000000 0.000000 0.000000
-25.034551 94.572394 -23.520866 5.762432 8.910600 1.351975 0.213327 0.800079 -0.343106 0.110989 -5.470888 -0.153552 0.110501 0.349532 -0.142285 0.072047 6.098798 -0.107376 -3.184302 11.563891 0.598675 -6.364724 -14.449131 2.524683 -0.382367 -0.916453 7.755314 18.815414 -17.710931 63.930962 6.609447 20.205633 4.384078 -0.658847 8.491266 -4.804526 1.828818 -2.882664 -7.189924 2.072332 -5.146650 -74.442170 -6.096992 25.938461 1.304992 -3.984144 13.259047 -1.372675 5.745836 -1.261037 1.906271 0.644794 2.446317 0.342739 1.527291 -8.885997 -2.988163 -0.010472 -0.108424 -1.802348 -8.852582 -27.781569 7.925805 4.966420 30.000185 -1.800232 0.987880 -4.061613 -10.589696 -0.009883 0.100890 -0.269254
-25.000104 94.505301 -23.197704 5.626996 8.944005 1.376996 0.296953 0.908464 -0.408816 0.151362 -5.422812 -0.183087 0.150705 0.397599 -0.167721 0.100274 6.134828 -0.126602 -3.207697 11.488383 0.582184 -6.406779 -14.588950 2.508065 -0.338477 -0.818271 7.666681 19.291743 -18.584119 63.485991 7.491847 19.906435 4.661832 -0.838667 9.100525 -5.017595 1.775680 -2.916829 -7.203987 2.089488 -4.609959 -74.389822 -5.734936 26.223918 1.477709 -3.883775 13.375452 -1.479913 5.934803 -1.083676 1.878576 0.511704 2.451963 0.376187 1.644696 -9.123781 -3.304285 -0.007197 -0.160574 -1.557744 -9.527736 -28.114956 8.160222 5.780115 27.881811 -1.674425 0.517807 -2.927611 -11.017267 -0.003171 0.049595 -0.135006
-24.961234 94.424233 -22.835590 5.464904 8.972672 1.376676 0.390690 1.007309 -0.468640 0.195973 -5.379005 -0.210043 0.195136 0.441393 -0.190148 0.131901 6.167651 -0.143566 -3.227978 11.436173 0.563757 -6.440718 -14.685839 2.484903 -0.322430 -0.742877 7.594819 19.884263 -19.373936 63.009112 8.337209 19.523138 4.892017 -0.969462 9.518616 -5.179881 1.737344 -2.965226 -7.213265 2.146303 -4.068200 -74.356044 -5.329986 26.486717 1.672735 -3.803756 13.460753 -1.594978 6.163694 -0.874132 1.878375 0.373598 2.445493 0.401617 1.743684 -9.372162 -3.601235 -0.003661 -0.255117 -1.329032 -10.031023 -28.387617 8.395492 6.327722 25.708630 -1.630560 0.136774 -1.954547 -11.475979 0.000000 -0.000000 -0.000000
-24.926233 94.324884 -22.432652 5.268544 8.996071 1.346458 0.502948 1.092842 -0.525146 0.248675 -5.341155 -0.235586 0.247626 0.479222 -0.210341 0.169743 6.195994 -0.158857 -3.245818 11.420095 0.547789 -6.468956 -14.715688 2.463056 -0.356554 -0.716003 7.554843 20.688065 -20.016685 62.486154 9.104867 19.002800 5.029492 -0.993202 9.472116 -5.253062 1.721213 -3.042767 -7.209089 2.273598 -3.523398 -74.347608 -4.869180 26.724765 1.895197 -3.756997 13.499761 -1.721644 6.421735 -0.628084 1.918094 0.248587 2.417474 0.413225 1.822463 -9.625914 -3.877175 0.000419 -0.425530 -1.120074 -10.258357 -28.614304 8.639559 6.470702 23.527991 -1.749561 -0.062245 -1.299137 -11.987215 0.000000 -0.000000 0.000000
-24.886811 94.211561 -21.990762 5.045495 9.014460 1.290901 0.625510 1.168695 -0.575785 0.305689 -5.307639 -0.258564 0.304414 0.512710 -0.227531 0.211035 6.221078 -0.171890 -3.260384 11.427304 0.529864 -6.488698 -14.702642 2.434517 -0.418191 -0.711857 7.531864 21.608282 -20.572772 61.930462 9.831499 18.404313 5.108492 -0.976256 9.229623 -5.293266 1.719828 -3.134631 -7.200463 2.439803 -2.973720 -74.356115 -4.365886 26.938377 2.140099 -3.731040 13.508576 -1.857407 6.720384 -0.350231 1.985513 0.118501 2.377235 0.417061 1.882682 -9.890501 -4.133626 0.003872 -0.638219 -0.926951 -10.311183 -28.781861 8.879272 6.375268 21.293762 -1.932458 -0.168442 -0.805539 -12.508048 0.000000 -0.000000 -0.000000
-24.829457 94.095973 -21.508861 4.807319 9.040823 1.211532 0.750971 1.226546 -0.616804 0.363523 -5.282141 -0.277268 0.362020 0.538174 -0.240364 0.253270 6.240144 -0.181638 -3.268122 11.445005 0.511762 -6.494667 -14.670508 2.401994 -0.483015 -0.699740 7.509030 22.416716 -21.148762 61.397125 10.517944 17.886900 5.206341 -0.967173 9.027972 -5.349688 1.724738 -3.222579 -7.192182 2.655995 -2.414029 -74.376433 -3.898723 27.145071 2.361808 -3.722913 13.483418 -1.987912 7.000255 -0.062393 2.062798 -0.003416 2.351995 0.427760 1.950212 -10.171034 -4.350299 0.005410 -0.807573 -0.767674 -10.169707 -28.927423 8.996913 6.115903 19.086731 -1.998297 -0.339080 -0.321627 -12.943144 0.000000 -0.000000 0.000000
-24.748735 93.982472 -20.987289 4.550962 9.082368 1.102081 0.879697 1.259576 -0.643902 0.422115 -5.267678 -0.289758 0.420377 0.552596 -0.246905 0.296541 6.250931 -0.186634 -3.266954 11.474337 0.493088 -6.482665 -14.617310 2.363780 -0.544623 -0.666730 7.479801 23.015378 -21.798712 60.907792 11.166156 17.518166 5.375453 -0.978881 8.959070 -5.437958 1.733440 -3.297581 -7.183505 2.941474 -1.843644 -74.416091 -3.483694 27.344108 2.550686 -3.745607 13.395932 -2.110858 7.248077 0.225539 2.147351 -0.112196 2.348583 0.451923 2.032448 -10.474308 -4.516276 0.005238 -0.877468 -0.652485 -9.753738 -29.074922 8.912121 5.610289 16.902667 -1.860703 -0.691426 0.243895 -13.285070 -0.000000 0.000000 0.000000
-24.650082 93.866707 -20.425707 4.279354 9.131476 0.968638 1.011379 1.274488 -0.661362 0.481535 -5.261267 -0.297938 0.479555 0.558960 -0.249053 0.340758 6.255678 -0.188311 -3.258876 11.514105 0.474198 -6.456749 -14.545127 2.321526 -0.609325 -0.625769 7.450581 23.500770 -22.473188 60.446600 11.779201 17.226831 5.578640 -0.995464 8.932162 -5.537465 1.748475 -3.368699 -7.175164 3.276535 -1.263260 -74.465789 -3.105390 27.538118 2.716109 -3.786907 13.274262 -2.230333 7.477701 0.523377 2.241047 -0.212674 2.360346 0.482828 2.121871 -10.793618 -4.642376 0.004612 -0.903943 -0.571155 -9.141418 -29.201177 8.702561 4.914868 14.749747 -1.610944 -1.121172 0.797899 -13.557923 0.000000 -0.000000 0.000000
-24.536300 93.747329 -19.822030 4.013055 9.179098 0.831284 1.137565 1.283316 -0.678298 0.538478 -5.257561 -0.305863 0.536265 0.562615 -0.251198 0.383124 6.258394 -0.189982 -3.246529 11.548012 0.457974 -6.424162 -14.483868 2.282949 -0.671894 -0.585044 7.423827 23.936049 -23.126080 60.012917 12.362080 16.962484 5.765820 -1.017931 8.911718 -5.635644 1.768984 -3.444790 -7.174067 3.614450 -0.670095 -74.495818 -2.794989 27.752167 2.840899 -3.805287 13.198352 -2.339926 7.670069 0.839174 2.332383 -0.306286 2.394357 0.514902 2.221886 -11.113789 -4.741131 0.004323 -0.969620 -0.510886 -8.551492 -29.273315 8.489440 4.299877 12.726964 -1.348145 -1.460254 1.220530 -13.709216 0.000000 -0.000000 0.000000
-24.411559 93.623771 -19.177861 3.756864 9.226312 0.692556 1.256169 1.287944 -0.697094 0.592132 -5.255724 -0.314592 0.589698 0.564399 -0.254480 0.422945 6.259706 -0.192506 -3.229004 11.570605 0.446589 -6.384403 -14.443558 2.252161 -0.728244 -0.550071 7.404197 24.310572 -23.750383 59.621927 12.923325 16.739352 5.921167 -1.056882 8.912066 -5.729551 1.792115 -3.524055 -7.182859 3.955194 -0.068759 -74.489409 -2.570133 28.001584 2.909106 -3.775068 13.214357 -2.437948 7.793869 1.169991 2.420647 -0.383060 2.455627 0.548892 2.348191 -11.437212 -4.820430 0.004463 -1.094744 -0.467070 -8.040461 -29.277555 8.310343 3.849248 10.832686 -1.101529 -1.648043 1.457251 -13.644934 -0.000000 -0.000000 -0.000000
-24.271689 93.496599 -18.491597 3.505987 9.272049 0.549947 1.369258 1.286493 -0.715312 0.643296 -5.256588 -0.323033 0.640649 0.563479 -0.257728 0.460908 6.258990 -0.194999 -3.207234 11.587299 0.437858 -6.338004 -14.414236 2.225022 -0.782428 -0.515338 7.386982 24.632551 -24.354691 59.262106 13.456487 16.545181 6.065055 -1.101347 8.918687 -5.821558 1.820679 -3.608312 -7.198896 4.300124 0.544613 -74.462909 -2.413190 28.273913 2.936193 -3.720402 13.274759 -2.523675 7.880573 1.519142 2.505911 -0.452879 2.539240 0.583592 2.485080 -11.761403 -4.872657 0.004882 -1.259127 -0.444024 -7.552789 -29.228007 8.129209 3.479597 9.066905 -0.849154 -1.756342 1.569442 -13.438523 0.000000 -0.000000 0.000000
-24.106980 93.366165 -17.756348 3.266741 9.304356 0.416173 1.474629 1.285448 -0.734815 0.691090 -5.257271 -0.332027 0.688243 0.562739 -0.261870 0.496285 6.258410 -0.198164 -3.186681 11.598131 0.428112 -6.293834 -14.395774 2.196848 -0.841462 -0.472490 7.360626 24.994351 -24.914656 58.889897 13.941448 16.292320 6.194852 -1.121745 8.852084 -5.909970 1.862259 -3.711853 -7.221210 4.604842 1.185694 -74.437331 -2.302306 28.552387 2.951677 -3.674516 13.318716 -2.591773 8.004947 1.903811 2.578504 -0.547085 2.637264 0.610928 2.588645 -12.063905 -4.886780 0.005729 -1.484760 -0.442119 -7.140046 -29.134727 7.958222 3.220027 7.527762 -0.617033 -1.807636 1.613113 -13.276007 0.000000 0.000000 0.000000
-23.914230 93.232377 -16.968795 3.040476 9.311200 0.293757 1.571623 1.292632 -0.755242 0.735218 -5.254296 -0.341435 0.732193 0.565659 -0.266798 0.528871 6.260574 -0.201924 -3.168846 11.599639 0.417105 -6.254837 -14.394531 2.168008 -0.908378 -0.405529 7.315664 25.455967 -25.430903 58.469018 14.363171 15.918746 6.316521 -1.095619 8.628791 -5.996821 1.927059 -3.849101 -7.252519 4.847460 1.873979 -74.421910 -2.236715 28.834659 2.972616 -3.651894 13.320004 -2.633961 8.210062 2.332903 2.634061 -0.675865 2.754590 0.638387 2.629090 -12.324263 -4.856274 0.007335 -1.795691 -0.468113 -6.824027 -28.979316 7.801950 3.086109 6.215869 -0.406750 -1.774269 1.560767 -13.232936 -0.000000 0.000000 0.000000
-23.696641 93.095327 -16.132256 2.826005 9.304812 0.180422 1.660926 1.300295 -0.776876 0.775987 -5.251107 -0.351364 0.772797 0.568793 -0.272589 0.558882 6.262898 -0.206333 -3.152270 11.595297 0.405091 -6.218131 -14.404121 2.138139 -0.980126 -0.330495 7.261455 25.957552 -25.901942 58.034684 14.734481 15.488539 6.420197 -1.047838 8.331309 -6.084283 2.004828 -4.005697 -7.290241 5.050243 2.590437 -74.407986 -2.217546 29.123648 2.980617 -3.638774 13.304473 -2.659400 8.452704 2.797064 2.678242 -0.828989 2.886328 0.659277 2.636315 -12.562771 -4.786748 0.009745 -2.168010 -0.514841 -6.583125 -28.780251 7.656189 3.067000 5.129013 -0.221047 -1.677999 1.439275 -13.228583 -0.000000 -0.000000 -0.000000
-23.454110 92.955639 -15.249801 2.625804 9.309769 0.081610 1.742329 1.291597 -0.802543 0.813404 -5.255199 -0.363018 0.810054 0.564649 -0.280445 0.586225 6.259761 -0.212286 -3.137946 11.595571 0.389172 -6.183810 -14.405252 2.101473 -1.054626 -0.287066 7.214737 26.411290 -26.300623 57.651466 15.077355 15.103967 6.479256 -1.018963 8.129100 -6.168841 2.072481 -4.152734 -7.325335 5.234377 3.293332 -74.390508 -2.226196 29.410033 2.951565 -3.626712 13.289890 -2.689761 8.677981 3.285994 2.716423 -1.007791 3.009663 0.644772 2.655843 -12.818098 -4.685386 0.012513 -2.551726 -0.561824 -6.403487 -28.602854 7.519382 3.155547 4.360959 -0.087054 -1.609851 1.384929 -13.219109 -0.000000 -0.000000 -0.000000
-23.188011 92.811087 -14.321050 2.446212 9.330153 -0.000789 1.815243 1.262546 -0.833159 0.847240 -5.268347 -0.376781 0.843731 0.551452 -0.290773 0.610694 6.249830 -0.220085 -3.127786 11.606210 0.367992 -6.154653 -14.387236 2.055898 -1.130277 -0.291608 7.179116 26.786385 -26.614316 57.355607 15.398707 14.801920 6.471890 -1.022064 8.102109 -6.248805 2.120752 -4.285130 -7.353455 5.406041 3.971104 -74.365943 -2.257124 29.691143 2.872460 -3.615478 13.284124 -2.734886 8.881103 3.811063 2.760445 -1.250587 3.095167 0.568601 2.721909 -13.111607 -4.535994 0.015651 -2.918721 -0.612719 -6.318326 -28.458370 7.405902 3.419579 3.948280 -0.016714 -1.572053 1.347616 -13.209755 -0.000000 -0.000000 0.000000
-22.896970 92.663898 -13.346384 2.280820 9.362106 -0.068793 1.880223 1.217199 -0.867758 0.877700 -5.288747 -0.392230 0.874033 0.531005 -0.303131 0.632476 6.234459 -0.229398 -3.119811 11.621474 0.342922 -6.127778 -14.360738 2.003543 -1.208779 -0.327719 7.151058 27.110645 -26.857532 57.115719 15.694469 14.547975 6.424527 -1.041222 8.170406 -6.321100 2.158969 -4.407913 -7.378746 5.558833 4.635500 -74.339245 -2.317268 29.970617 2.754697 -3.605335 13.279333 -2.784856 9.066585 4.361130 2.798326 -1.520576 3.171615 0.458437 2.800582 -13.421642 -4.355271 0.019193 -3.297157 -0.663619 -6.294123 -28.335593 7.300726 3.797339 3.852915 0.000984 -1.562242 1.377327 -13.196452 -0.000000 -0.000000 0.000000
-22.576762 92.521381 -12.330010 2.112870 9.418289 -0.123032 1.938747 1.150775 -0.906347 0.905423 -5.318528 -0.409352 0.901593 0.501180 -0.317439 0.652050 6.212051 -0.240161 -3.109165 11.634577 0.315160 -6.094754 -14.338512 1.945029 -1.293050 -0.385872 7.136662 27.383535 -27.044611 56.896803 15.971371 14.336488 6.385441 -1.072523 8.263780 -6.378053 2.192029 -4.507325 -7.404736 5.694630 5.279685 -74.318506 -2.406997 30.248575 2.610687 -3.588491 13.269686 -2.831631 9.192701 4.892445 2.798055 -1.706251 3.303839 0.364205 2.834779 -13.722433 -4.199305 0.022173 -3.721285 -0.682547 -6.217233 -28.266131 7.158550 4.087811 4.057970 -0.024117 -1.663446 1.760718 -13.120902 -0.000000 -0.000000 -0.000000
-22.223366 92.373054 -11.272870 1.901240 9.528159 -0.185101 2.003576 1.042450 -0.938207 0.935518 -5.366927 -0.423303 0.931480 0.452733 -0.328337 0.673620 6.175680 -0.248315 -3.092622 11.646292 0.278682 -6.046771 -14.319609 1.867389 -1.393946 -0.465598 7.129573 27.633274 -27.163491 56.676472 16.242144 14.168368 6.373434 -1.119501 8.365534 -6.412756 2.224654 -4.578222 -7.430375 5.843849 5.930515 -74.310411 -2.561480 30.543013 2.424556 -3.555013 13.259193 -2.863997 9.240337 5.383471 2.749181 -1.734696 3.491545 0.315008 2.808888 -14.075471 -4.104220 0.022967 -4.118758 -0.646134 -6.111217 -28.294570 7.035803 4.382770 4.681348 -0.116334 -2.048149 2.723567 -13.050080 0.000000 -0.000000 -0.000000
-21.840803 92.229399 -10.174022 1.686908 9.662274 -0.233834 2.061954 0.913049 -0.973890 0.962857 -5.424703 -0.438835 0.958603 0.394911 -0.341093 0.692972 6.132275 -0.257846 -3.073344 11.655799 0.239563 -5.992535 -14.305024 1.783662 -1.500760 -0.567302 7.136235 27.831167 -27.226692 56.478881 16.495006 14.041961 6.372254 -1.178101 8.492159 -6.431982 2.252296 -4.625745 -7.456601 5.975440 6.561314 -74.309530 -2.746779 30.836192 2.211013 -3.514929 13.243433 -2.893382 9.226686 5.855529 2.660119 -1.678008 3.735288 0.277951 2.737430 -14.419347 -4.031205 0.022415 -4.561540 -0.577059 -5.952503 -28.376287 6.876003 4.592067 5.606152 -0.247594 -2.529764 4.044294 -12.916245 -0.000000 0.000000 0.000000
-21.436919 92.129171 -9.034848 1.576660 9.745336 -0.205008 2.077251 0.820257 -1.045468 0.972801 -5.466271 -0.470439 0.968434 0.353327 -0.371689 0.698003 6.101021 -0.280848 -3.056181 11.653956 0.217123 -5.950091 -14.310444 1.733437 -1.584308 -0.682622 7.182024 27.891822 -27.284855 56.337461 16.699625 13.947269 6.377657 -1.234300 8.623027 -6.450172 2.265966 -4.651579 -7.490022 5.998995 7.085190 -74.307589 -2.858926 31.074029 2.028822 -3.490844 13.204186 -2.945744 9.163617 6.329250 2.527746 -1.642243 4.101659 0.209239 2.609890 -14.543655 -3.924451 0.022821 -5.300435 -0.511200 -5.556791 -28.407513 6.463920 4.242001 6.465688 -0.335708 -2.641872 5.335589 -12.463447 0.000000 -0.000000 -0.000000
-21.006832 92.083239 -7.843153 1.628773 9.748246 -0.050549 2.017815 0.782721 -1.175262 0.952379 -5.483333 -0.528133 0.948083 0.336299 -0.431456 0.678188 6.088146 -0.325885 -3.035295 11.634824 0.216992 -5.910954 -14.346900 1.725293 -1.638396 -0.847818 7.306055 27.804357 -27.318700 56.247419 16.847107 13.891605 6.391265 -1.297272 8.806775 -6.473265 2.263540 -4.651200 -7.538199 5.898078 7.493910 -74.285241 -2.884009 31.230514 1.858420 -3.510658 13.087303 -3.020555 9.070660 6.848183 2.355257 -1.709192 4.587817 0.076860 2.368775 -14.418458 -3.796914 0.021315 -6.376824 -0.408140 -4.568275 -28.303082 5.523090 2.676913 6.975618 -0.317958 -1.957089 6.745748 -11.463836 0.000000 -0.000000 0.000000
-20.555425 92.080734 -6.611133 1.784951 9.699659 0.181829 1.915484 0.781690 -1.341256 0.914682 -5.484144 -0.602068 0.910565 0.335550 -0.509217 0.644135 6.087459 -0.384516 -3.016749 11.604392 0.233525 -5.884023 -14.403322 1.750695 -1.670254 -1.026419 7.469452 27.579654 -27.346916 56.212382 16.947322 13.868517 6.413246 -1.357773 8.994577 -6.496189 2.247235 -4.629089 -7.593732 5.688621 7.796996 -74.264379 -2.837018 31.330739 1.717732 -3.547747 12.947479 -3.118006 8.926054 7.368772 2.141087 -1.799377 5.196647 -0.086050 2.076072 -14.072432 -3.635962 0.018890 -7.749198 -0.304389 -3.349114 -28.120431 4.337144 0.554795 7.434426 -0.257772 -0.866390 8.119406 -10.153830 -0.000000 0.000000 -0.000000
-20.105188 92.127806 -5.376755 1.977325 9.611388 0.413139 1.828763 0.819110 -1.509112 0.884147 -5.467839 -0.676991 0.880201 0.351904 -0.587239 0.615439 6.099594 -0.443381 -3.023349 11.571549 0.269006 -5.913578 -14.462044 1.823374 -1.669438 -1.101530 7.579995 27.163332 -27.476206 56.279702 16.997767 13.848099 6.436772 -1.376274 9.019048 -6.517307 2.214457 -4.600287 -7.640768 5.327795 7.934293 -74.298469 -2.655382 31.396073 1.721996 -3.542060 12.929456 -3.265675 8.681290 7.780579 1.874589 -1.775575 6.003534 -0.225305 1.908997 -13.383385 -3.354484 0.028919 -9.545389 -0.357475 -2.781684 -28.007067 3.520065 -0.628417 8.332177 -0.286420 -0.169693 8.612552 -8.976663 0.000000 -0.000000 -0.000000
-19.670393 92.237427 -4.163324 2.227886 9.470203 0.629649 1.771066 0.921648 -1.676760 0.866779 -5.422624 -0.752062 0.862987 0.397145 -0.664072 0.596723 6.133384 -0.501419 -3.072972 11.525313 0.337214 -6.040488 -14.541731 1.978164 -1.619078 -0.992971 7.591265 26.420632 -27.846060 56.500257 17.019938 13.826159 6.501286 -1.322269 8.722817 -6.573564 2.155477 -4.569744 -7.678572 4.688772 7.838949 -74.419672 -2.222579 31.433242 1.981341 -3.453957 13.141515 -3.528229 8.303353 8.051242 1.559889 -1.572841 7.031914 -0.329522 1.948481 -12.213121 -3.001046 0.060691 -11.960442 -0.578044 -3.699725 -28.185388 3.555294 0.247373 10.167295 -0.509663 -0.385768 7.594358 -8.085287 -0.000000 -0.000000 -0.000000
-19.236768 92.396625 -2.947535 2.514029 9.288897 0.844230 1.728543 1.063447 -1.845708 0.856462 -5.359974 -0.827827 0.852818 0.459810 -0.740883 0.583322 6.180233 -0.559486 -3.147731 11.476882 0.424379 -6.224117 -14.622906 2.180436 -1.534252 -0.781437 7.550246 25.478181 -28.312714 56.838760 16.991840 13.808071 6.566797 -1.226538 8.262590 -6.625250 2.079966 -4.532126 -7.707576 3.897232 7.577976 -74.589073 -1.652873 31.431517 2.381813 -3.326290 13.475900 -3.842448 7.828265 8.211253 1.191031 -1.250374 8.257568 -0.406332 2.137843 -10.705232 -2.529477 0.129302 -14.796080 -0.992252 -5.265567 -28.456772 3.954840 2.058666 12.428738 -0.782555 -1.060667 5.706479 -7.299274 0.000000 -0.000000 0.000000
-18.783988 92.572635 -1.697442 2.701788 9.119990 1.018895 1.719147 1.167455 -1.987358 0.859503 -5.314139 -0.891340 0.855926 0.505642 -0.804088 0.580906 6.214466 -0.607269 -3.216578 11.468367 0.491334 -6.385632 -14.631162 2.339051 -1.451728 -0.591625 7.503802 24.681449 -28.560186 57.198402 16.847015 13.777349 6.506852 -1.145705 7.942535 -6.557204 2.014488 -4.487284 -7.713895 3.288811 7.290326 -74.758441 -1.230315 31.390060 2.707674 -3.216264 13.751270 -4.043836 7.313059 8.243062 0.741799 -0.852609 9.683644 -0.433418 2.467655 -9.162920 -1.722058 0.275452 -17.588064 -1.780400 -5.829461 -28.389565 3.846437 2.936141 14.068955 -0.942022 -1.549481 4.009970 -6.589222 -0.000000 -0.000000 -0.000000
-18.299716 92.756106 -0.383591 2.710129 8.979568 1.132761 1.773151 1.200744 -2.091341 0.888651 -5.299896 -0.937988 0.884978 0.519842 -0.847777 0.599397 6.224980 -0.640283 -3.272827 11.524512 0.522239 -6.503656 -14.522126 2.418910 -1.375993 -0.455032 7.454559 24.175671 -28.430299 57.536259 16.564161 13.660503 6.255249 -1.087267 7.841920 -6.253897 1.967208 -4.428070 -7.690030 3.041600 7.010520 -74.925983 -1.044716 31.323844 2.926989 -3.107866 13.952799 -4.045078 6.744690 8.185916 0.177215 -0.335895 11.273840 -0.415222 3.037763 -7.773747 -0.432670 0.547656 -20.181228 -3.089585 -4.383506 -27.743868 2.714431 1.879221 14.608064 -0.924414 -1.607687 2.822767 -6.004822 -0.000000 -0.000000 0.000000
-17.796289 92.956390 0.964564 2.620787 8.852715 1.207914 1.860751 1.195778 -2.168289 0.931264 -5.302748 -0.972542 0.927407 0.516921 -0.878006 0.628921 6.222658 -0.663115 -3.322947 11.620453 0.532823 -6.598714 -14.340786 2.454438 -1.302942 -0.339975 7.399556 23.827359 -28.084761 57.878324 16.166520 13.524611 5.881034 -1.045205 7.886578 -5.834069 1.929973 -4.361978 -7.643751 2.978464 6.702850 -75.098596 -1.008024 31.222648 3.076650 -3.012812 14.095316 -3.932492 6.140689 7.994502 -0.464248 0.269413 13.060730 -0.349320 3.810568 -6.367113 1.176153 0.948707 -22.712855 -4.801656 -1.986561 -26.701994 1.136603 -0.104995 14.539595 -0.797445 -1.470162 1.818667 -5.521912 0.000000 0.000000 0.000000
-17.290402 93.168770 2.290609 2.544376 8.745946 1.271380 1.910011 1.173032 -2.221916 0.955619 -5.313270 -0.996531 0.951643 0.506357 -0.899522 0.645452 6.214647 -0.679340 -3.355699 11.723768 0.531120 -6.654695 -14.147466 2.458374 -1.256896 -0.276696 7.375583 23.570386 -27.690281 58.214993 15.652622 13.563701 5.455544 -1.056495 8.148199 -5.539259 1.904843 -4.311038 -7.584447 2.901900 6.399964 -75.246102 -1.137284 31.050359 3.049315 -3.024019 14.040222 -3.800989 5.606534 7.528056 -1.094535 0.810359 15.153106 -0.204204 4.571337 -4.696499 2.856647 1.423251 -25.169000 -6.659743 -0.041765 -25.541848 -0.177367 -1.886668 14.261193 -0.691563 -1.182905 1.082290 -5.033651 0.000000 -0.000000 -0.000000
-16.783711 93.402664 3.594233 2.519462 8.661145 1.332279 1.884105 1.126012 -2.252042 0.945300 -5.334144 -1.009762 0.941336 0.485499 -0.913802 0.636615 6.198982 -0.690055 -3.357434 11.842221 0.514563 -6.644098 -13.928706 2.419637 -1.264046 -0.301241 7.413548 23.509580 -27.252539 58.522741 14.924531 13.861615 4.929416 -1.169605 8.747009 -5.501779 1.899609 -4.276950 -7.511965 2.816512 6.144416 -75.342976 -1.504227 30.756622 2.746370 -3.233880 13.633075 -3.653292 5.221998 6.732231 -1.664737 1.210906 17.613317 0.028110 5.323630 -2.535694 4.564174 1.991083 -27.809203 -8.682070 1.078574 -24.328751 -1.044296 -3.194410 13.766905 -0.698501 -0.718749 0.764370 -4.475929 0.000000 0.000000 -0.000000
-16.274560 93.648654 4.875746 2.507563 8.596324 1.381321 1.819734 1.061015 -2.259042 0.916678 -5.362741 -1.012531 0.912791 0.456949 -0.919477 0.614742 6.177599 -0.694246 -3.342040 11.967921 0.485499 -6.595165 -13.698194 2.349388 -1.298695 -0.377396 7.482156 23.537952 -26.766623 58.825606 14.070430 14.327330 4.338449 -1.337848 9.556401 -5.604826 1.906144 -4.257779 -7.426451 2.717824 5.893131 -75.413803 -2.029494 30.383499 2.276215 -3.548485 13.030340 -3.475857 4.915758 5.666353 -2.218239 1.565779 20.381834 0.346765 6.103933 -0.104977 6.354541 2.618961 -30.384877 -10.840181 1.777316 -23.047448 -1.689451 -4.308574 13.054458 -0.732589 -0.095022 0.710970 -3.915087 0.000000 -0.000000 -0.000000
-15.774675 93.873774 6.079668 2.503576 8.552026 1.417542 1.755095 1.017766 -2.247682 0.887175 -5.381613 -1.007184 0.883385 0.438126 -0.917124 0.592845 6.163532 -0.692406 -3.339574 12.045014 0.459510 -6.575131 -13.556932 2.293766 -1.306936 -0.427459 7.524473 23.271808 -26.379594 59.180467 13.370970 14.904464 3.875070 -1.453603 10.276168 -5.707360 1.902842 -4.270137 -7.337736 2.395036 5.548626 -75.500997 -2.506972 30.035747 1.839395 -3.778040 12.555988 -3.345210 4.568970 4.362656 -2.802616 1.982031 23.386292 0.773931 6.707471 2.198957 8.129408 3.051957 -32.162663 -12.699715 1.885167 -21.930371 -2.107180 -4.937731 12.508352 -0.723401 0.570170 0.551664 -3.438405 0.000000 0.000000 0.000000
-15.275936 94.065563 7.167219 2.505829 8.536977 1.441727 1.707196 1.016328 -2.214997 0.864317 -5.381924 -0.992483 0.860626 0.437850 -0.904743 0.576717 6.163388 -0.683050 -3.365583 12.035885 0.441121 -6.617519 -13.573619 2.270223 -1.261637 -0.420068 7.505146 22.456618 -26.193212 59.628812 12.982767 15.690338 3.628143 -1.473840 10.847244 -5.732397 1.880666 -4.353129 -7.241615 1.784868 5.100945 -75.641294 -2.909251 29.710147 1.475807 -3.825296 12.349669 -3.301612 4.100906 2.768627 -3.486287 2.598167 26.684781 1.424677 7.024362 4.387393 9.955396 3.150205 -33.052471 -14.200908 1.053519 -21.157987 -2.233616 -4.775985 12.385239 -0.657021 1.328525 0.102845 -3.097834 -0.000000 0.000000 -0.000000
-14.786462 94.236481 8.177178 2.516049 8.542441 1.453087 1.658977 1.036728 -2.163970 0.840553 -5.372485 -0.969656 0.836978 0.447325 -0.884327 0.560544 6.170575 -0.667656 -3.404242 11.978098 0.426259 -6.688284 -13.679672 2.261914 -1.189791 -0.386663 7.459300 21.346834 -26.098964 60.129142 12.754170 16.599521 3.501308 -1.440365 11.330412 -5.748109 1.849058 -4.467734 -7.141998 0.954000 4.554838 -75.790355 -3.267193 29.410764 1.146275 -3.787570 12.268766 -3.314058 3.603795 0.933652 -4.190242 3.324404 30.216277 2.211992 7.147974 6.477589 11.759847 2.893131 -33.208755 -15.273027 -0.340196 -20.555768 -2.171485 -4.131065 12.416264 -0.584068 2.122883 -0.451414 -2.846373 0.000000 0.000000 0.000000
-14.342334 94.390944 9.170399 2.534202 8.542783 1.448311 1.597504 1.058682 -2.108350 0.810680 -5.362292 -0.944749 0.807247 0.457561 -0.862453 0.539920 6.178343 -0.651158 -3.438585 11.928666 0.417616 -6.753019 -13.770062 2.263172 -1.118132 -0.344202 7.435487 20.327166 -25.930257 60.604754 12.508433 17.307697 3.417497 -1.368908 11.608154 -5.816946 1.814149 -4.513551 -7.061218 -0.113524 3.836081 -75.862396 -3.472812 29.261974 0.918769 -3.765376 12.210673 -3.359453 3.207877 -0.954966 -4.746923 3.880144 33.734968 2.820803 7.107895 8.091251 13.221617 2.184716 -32.248661 -15.466913 -1.379967 -19.825244 -2.160232 -3.633846 12.203426 -0.534288 2.667060 -0.926693 -2.615923 -0.000000 -0.000000 0.000000
-13.958745 94.530188 10.171932 2.541237 8.530538 1.432532 1.525027 1.076461 -2.057680 0.776123 -5.353930 -0.922010 0.772850 0.465971 -0.843222 0.515594 6.184740 -0.636645 -3.461705 11.901995 0.414029 -6.797188 -13.818508 2.267872 -1.047512 -0.291803 7.458480 19.510918 -25.640920 61.017270 12.210327 17.642582 3.388358 -1.257774 11.646582 -5.990718 1.784231 -4.457670 -7.006460 -1.462336 2.922022 -75.819720 -3.475492 29.360374 0.807385 -3.837022 12.093425 -3.442469 2.932609 -2.850137 -5.096022 4.125363 37.247839 3.044235 6.638578 9.131469 14.294455 1.013766 -29.808082 -14.487831 -1.699662 -18.821706 -2.284812 -3.550363 11.530446 -0.523727 2.857576 -1.216238 -2.385867 0.000000 -0.000000 -0.000000
-13.620502 94.652976 11.156726 2.556214 8.513182 1.400612 1.439291 1.095888 -2.002456 0.735457 -5.344783 -0.897205 0.732370 0.475172 -0.822545 0.486816 6.191739 -0.621037 -3.480624 11.883767 0.416559 -6.835463 -13.851127 2.281936 -0.976955 -0.230291 7.503432 18.787316 -25.280846 61.400141 11.896801 17.778411 3.414779 -1.102435 11.478228 -6.206037 1.750814 -4.333087 -6.971265 -3.050097 1.841873 -75.670020 -3.336524 29.615682 0.776182 -3.926276 11.996274 -3.555605 2.741546 -4.793631 -5.307864 4.108695 40.754819 3.005446 5.923121 9.706877 15.032569 -0.320957 -26.128783 -12.975276 -1.674200 -17.690736 -2.442752 -3.617779 10.618286 -0.528188 2.798631 -1.422745 -2.166215 0.000000 -0.000000 0.000000
-13.318098 94.760013 12.110485 2.636268 8.487571 1.333796 1.320557 1.114079 -1.927874 0.679185 -5.336027 -0.863671 0.676348 0.483998 -0.794723 0.446924 6.198487 -0.600025 -3.499574 11.888005 0.430876 -6.877551 -13.841319 2.317050 -0.930239 -0.179419 7.544653 18.208631 -24.831078 61.776799 11.496425 17.905656 3.402300 -0.915163 11.085669 -6.351255 1.694495 -4.138325 -6.957987 -4.765710 0.605392 -75.391840 -3.114301 29.874081 0.817146 -3.903340 12.061374 -3.663389 2.669980 -6.727672 -5.425033 3.787032 44.005983 2.849579 5.616965 9.721060 15.250809 -1.526399 -21.775343 -11.773929 -1.502679 -16.576344 -2.586499 -3.674724 9.730968 -0.511003 2.516016 -1.674979 -1.928825 0.000000 0.000000 -0.000000
-13.056727 94.848781 13.028496 2.818845 8.452113 1.222943 1.150891 1.129599 -1.830907 0.599178 -5.328250 -0.820008 0.596690 0.491866 -0.759182 0.389890 6.204554 -0.573169 -3.517856 11.926395 0.464261 -6.924472 -13.766955 2.386001 -0.921511 -0.130118 7.577246 17.872896 -24.291009 62.132569 10.940097 18.029184 3.300053 -0.639344 10.203685 -6.360028 1.595293 -3.832868 -6.981035 -6.679417 -0.806684 -74.915210 -2.792047 30.128843 0.944618 -3.686814 12.415244 -3.787775 2.620493 -8.650166 -5.413158 2.890956 46.996785 2.372585 6.200579 8.936714 14.651129 -2.809698 -16.398784 -11.330053 -1.129061 -15.500232 -2.712052 -3.653293 8.920724 -0.467013 1.869000 -2.046356 -1.648328 -0.000000 -0.000000 -0.000000
-12.831195 94.921797 13.915472 3.066575 8.409017 1.077023 0.948217 1.144329 -1.714646 0.503561 -5.320738 -0.767641 0.501485 0.499471 -0.716521 0.321737 6.210443 -0.540927 -3.536293 11.987410 0.509121 -6.975128 -13.649824 2.475314 -0.936630 -0.091559 7.606114 17.682934 -23.662447 62.481888 10.297186 18.138201 3.160285 -0.323866 9.102841 -6.284633 1.472592 -3.457745 -7.027718 -8.735753 -2.351409 -74.270201 -2.383753 30.393021 1.136296 -3.377456 12.939213 -3.931178 2.677105 -10.563459 -5.321673 1.578252 49.725674 1.659953 7.179057 7.579814 13.508595 -3.959350 -10.379504 -11.083016 -0.609223 -14.441018 -2.809579 -3.621274 8.134091 -0.414921 0.996425 -2.460719 -1.347465 0.000000 -0.000000 0.000000
-12.616418 94.987318 14.771260 3.324391 8.360818 0.904450 0.746583 1.160290 -1.573438 0.407210 -5.312753 -0.704132 0.405545 0.507533 -0.662793 0.253872 6.216674 -0.500332 -3.561445 12.050135 0.548866 -7.036216 -13.529425 2.557457 -0.956947 -0.111015 7.620650 17.400825 -22.927685 62.887883 9.699182 18.399500 3.029640 -0.152699 8.566939 -6.208268 1.366296 -3.133515 -7.058391 -10.629748 -3.942430 -73.615520 -1.985459 30.539991 1.348336 -3.106592 13.407881 -4.024084 3.160665 -12.417746 -5.337720 0.624652 51.970707 1.498081 7.737644 6.232521 12.499700 -4.262265 -5.473727 -10.028210 -0.302055 -13.479046 -2.842115 -3.618840 7.475888 -0.346112 0.344738 -2.826030 -1.071889 -0.000000 -0.000000 -0.000000
-12.405261 95.050094 15.591075 3.602588 8.302840 0.691754 0.549606 1.180468 -1.394326 0.311119 -5.303002 -0.623707 0.309862 0.517344 -0.592122 0.187484 6.224216 -0.446954 -3.601726 12.111914 0.578324 -7.121791 -13.410546 2.626284 -0.984887 -0.231212 7.610886 16.931385 -22.046485 63.390307 9.190099 18.912250 2.898978 -0.280980 9.152056 -6.207766 1.287247 -2.906196 -7.059757 -12.304783 -5.570208 -73.024273 -1.569511 30.533695 1.637623 -2.889235 13.767699 -4.031582 4.336271 -14.192129 -5.571640 0.632574 53.641456 2.628959 7.474171 5.079677 11.875758 -3.012455 -2.365157 -6.687407 -0.363741 -12.669815 -2.798181 -3.693660 7.033238 -0.226418 0.109754 -3.092553 -0.847288 -0.000000 -0.000000 -0.000000
-12.204860 95.105375 16.379701 3.891009 8.240326 0.452293 0.353637 1.201972 -1.190317 0.214270 -5.292794 -0.532160 0.213419 0.527597 -0.510407 0.121362 6.232073 -0.385239 -3.648854 12.175193 0.602679 -7.218059 -13.288758 2.688020 -1.017382 -0.409694 7.587531 16.377338 -21.055276 63.937108 8.716535 19.577844 2.760636 -0.583109 10.293898 -6.255011 1.224852 -2.729442 -7.043650 -13.815354 -7.261216 -72.443493 -1.152889 30.413575 1.963604 -2.696611 14.072988 -3.976938 5.963125 -15.902746 -5.963925 1.186246 54.797100 4.561880 6.787053 3.937043 11.381041 -1.029814 -0.628950 -2.284670 -0.631473 -11.956215 -2.704970 -3.794779 6.720192 -0.076320 0.098583 -3.313251 -0.650923 0.000000 -0.000000 -0.000000
-12.011538 95.147176 17.151347 4.103777 8.189603 0.235036 0.181808 1.217707 -0.994612 0.128520 -5.285355 -0.444371 0.128024 0.535062 -0.431323 0.063321 6.237798 -0.325513 -3.684285 12.226667 0.621068 -7.290124 -13.189906 2.734217 -1.027842 -0.565795 7.570885 15.796216 -20.051388 64.453454 8.263766 20.271237 2.660585 -0.811232 11.097583 -6.256914 1.187282 -2.584768 -7.006863 -15.013010 -9.003547 -71.877503 -0.897609 30.157852 2.153097 -2.574315 14.254237 -3.861452 7.609303 -17.555502 -6.436016 1.583334 55.500026 6.280175 6.035523 2.816252 10.958030 0.000000 -0.000000 -0.000000 -0.984193 -11.249357 -2.594637 -3.814946 6.381779 0.037737 0.175425 -3.552048 -0.456609 -0.000000 0.000000 -0.000000
-11.824399 95.171215 17.907116 4.205776 8.153079 0.056947 0.047892 1.226549 -0.817293 0.060485 -5.281175 -0.364880 0.060268 0.539254 -0.358739 0.018013 6.241026 -0.270699 -3.704904 12.260141 0.632819 -7.332246 -13.125764 2.762798 -0.998278 -0.654235 7.564614 15.180267 -19.071578 64.901600 7.863595 20.973523 2.647586 -0.819564 11.118373 -6.132962 1.180961 -2.477908 -6.942388 -15.777300 -10.827239 -71.362065 -0.847898 29.731526 2.166416 -2.534795 14.277018 -3.646698 9.268832 -19.154161 -6.993288 1.579313 55.794611 7.476395 5.210734 1.689813 10.613606 -0.865915 -0.497534 -2.171949 -1.439510 -10.520871 -2.467362 -3.695962 5.963586 0.085077 0.328296 -3.828955 -0.257751 -0.000000 0.000000 0.000000
-11.644339 95.181773 18.645905 4.231976 8.127222 -0.098664 -0.061921 1.229521 -0.648167 0.003548 -5.279728 -0.289107 0.003563 0.540704 -0.288747 -0.019207 6.242169 -0.217847 -3.713717 12.281868 0.638737 -7.350158 -13.084531 2.776169 -0.947034 -0.719919 7.564667 14.534254 -18.080781 65.318931 7.483923 21.708466 2.670830 -0.728787 10.810953 -5.926308 1.199723 -2.402611 -6.856801 -16.218972 -12.713943 -70.895326 -0.945987 29.156354 2.069778 -2.556743 14.175080 -3.360944 10.955402 -20.688371 -7.621956 1.303972 55.672253 8.324272 4.313579 0.584810 10.335409 -2.380310 -1.939074 -6.654290 -1.979406 -9.797619 -2.329928 -3.497016 5.519097 0.094674 0.568443 -4.124494 -0.062057 0.000000 -0.000000 -0.000000
-11.470377 95.185707 19.378599 4.201465 8.118794 -0.233160 -0.165858 1.222763 -0.489938 -0.050266 -5.282675 -0.218218 -0.050032 0.537755 -0.223320 -0.054442 6.239994 -0.168442 -3.701290 12.297387 0.640198 -7.326116 -13.056405 2.772665 -0.902305 -0.817338 7.579742 13.931077 -17.069557 65.748387 7.017208 22.412433 2.632781 -0.675964 10.634087 -5.702370 1.232709 -2.322415 -6.767768 -16.540224 -14.574907 -70.421427 -1.202353 28.487440 1.850471 -2.632348 13.977882 -3.104444 12.246292 -22.157136 -8.171669 0.622193 55.186805 8.498853 3.726434 -0.414627 10.067672 -3.141482 -3.263238 -9.953165 -2.431760 -9.076565 -2.219131 -3.288446 5.054249 0.086548 0.793839 -4.442868 0.136971 0.000000 -0.000000 -0.000000
-11.300751 95.186707 20.105743 4.100191 8.132409 -0.345572 -0.263543 1.203596 -0.345157 -0.100660 -5.291193 -0.153358 -0.100219 0.529230 -0.163577 -0.087553 6.233621 -0.123328 -3.659379 12.308007 0.637854 -7.244618 -13.039399 2.749996 -0.874215 -0.968998 7.619520 13.448590 -16.014706 66.194218 6.400549 23.037629 2.482906 -0.727763 10.779337 -5.487308 1.287719 -2.221162 -6.679114 -16.771034 -16.415273 -69.921985 -1.631472 27.712547 1.478008 -2.788183 13.633789 -2.917795 12.961544 -23.591950 -8.571091 -0.672101 54.366224 7.730645 3.714271 -1.284924 9.808562 -2.818943 -4.165406 -10.429639 -2.716696 -8.345394 -2.143962 -3.092096 4.542126 0.056357 0.971502 -4.785854 0.344299 0.000000 0.000000 0.000000
-11.137222 95.181083 20.826793 3.942075 8.163132 -0.436960 -0.355319 1.174831 -0.211041 -0.147907 -5.304026 -0.093287 -0.147269 0.516387 -0.108302 -0.118649 6.223995 -0.081591 -3.596147 12.312679 0.631131 -7.121052 -13.034961 2.710524 -0.852334 -1.152172 7.675210 13.007807 -14.938482 66.651511 5.694429 23.623387 2.269934 -0.826907 11.053726 -5.267942 1.356839 -2.114623 -6.587251 -16.879622 -18.230254 -69.424446 -2.199474 26.825509 1.002259 -2.990050 13.189977 -2.751582 13.256210 -24.975305 -8.842108 -2.216018 53.167549 6.426014 4.013565 -2.058537 9.603857 -2.135707 -4.899877 -9.632325 -2.916650 -7.618454 -2.092869 -2.886283 4.009635 0.007174 1.133729 -5.151870 0.555001 0.000000 0.000000 -0.000000
-10.984091 95.164618 21.551001 3.788187 8.203706 -0.511740 -0.460484 1.140851 -0.082301 -0.200833 -5.319214 -0.035596 -0.199970 0.501182 -0.055984 -0.154207 6.212588 -0.042084 -3.526812 12.313375 0.619523 -6.984056 -13.038511 2.659480 -0.833745 -1.353758 7.728055 12.449072 -13.896934 67.145371 4.974882 24.235550 2.042003 -0.932707 11.335018 -5.059244 1.405551 -2.014547 -6.499000 -16.983311 -19.912154 -68.924427 -2.856073 25.895453 0.521352 -3.142741 12.825614 -2.577013 13.198181 -26.239625 -8.960673 -3.285983 51.555983 5.291255 4.218862 -2.736343 9.460788 -1.614655 -5.048504 -8.845118 -3.104102 -6.933979 -2.067836 -2.675711 3.543855 -0.029722 1.276811 -5.539602 0.761261 0.000000 -0.000000 0.000000
-10.841155 95.137040 22.277043 3.654783 8.256318 -0.572456 -0.588201 1.099254 0.043765 -0.263639 -5.337839 0.020934 -0.262505 0.482532 -0.005830 -0.197301 6.198586 -0.004207 -3.450993 12.312646 0.601818 -6.832233 -13.045375 2.594223 -0.820689 -1.585544 7.770994 11.692810 -12.903071 67.706514 4.242289 24.942449 1.794609 -1.036026 11.604514 -4.879559 1.414746 -1.928094 -6.418437 -17.079583 -21.415460 -68.424227 -3.635358 24.926300 0.040345 -3.199597 12.643959 -2.382769 12.693585 -27.380324 -8.868734 -3.597222 49.506245 4.550872 4.143500 -3.334052 9.328522 -1.443510 -4.186510 -8.779806 -3.326137 -6.307313 -2.072465 -2.431862 3.165121 -0.033359 1.396793 -5.954172 0.962903 0.000000 0.000000 0.000000
-10.708617 95.098620 23.006242 3.525598 8.318932 -0.616620 -0.729262 1.052378 0.164660 -0.332106 -5.358872 0.075159 -0.330670 0.461463 0.041445 -0.244833 6.182759 0.031494 -3.369002 12.307954 0.579307 -6.666859 -13.060107 2.517475 -0.810602 -1.835823 7.811882 10.821123 -11.937988 68.293520 3.490293 25.674618 1.519081 -1.147753 11.879625 -4.711411 1.403561 -1.848307 -6.341614 -17.169900 -22.784524 -67.921970 -4.502389 23.909677 -0.438787 -3.215450 12.546116 -2.188325 11.814098 -28.398194 -8.593846 -3.428884 47.054859 4.010188 3.972194 -3.832687 9.232363 -1.360607 -2.723640 -8.751670 -3.537466 -5.723702 -2.101823 -2.182687 2.853062 -0.025495 1.497965 -6.390175 1.160158 0.000000 -0.000000 -0.000000
-10.591392 95.045961 23.751820 3.412991 8.378104 -0.640952 -0.875417 1.011562 0.277652 -0.402440 -5.377269 0.125854 -0.400690 0.443020 0.085000 -0.294036 6.168890 0.064385 -3.297075 12.293438 0.555241 -6.520537 -13.092462 2.442549 -0.793617 -2.056384 7.853384 9.916584 -11.012148 68.825233 2.790913 26.298231 1.266023 -1.252679 12.094050 -4.508047 1.394896 -1.765898 -6.263251 -17.381309 -24.045333 -67.397743 -5.320770 22.910025 -0.836602 -3.248462 12.408541 -2.013274 10.889052 -29.234281 -8.263412 -3.010625 44.289874 3.644491 3.846961 -4.175876 9.271261 -1.125052 -1.467542 -7.957202 -3.671772 -5.175905 -2.144056 -2.017257 2.634052 -0.036938 1.589597 -6.830340 1.345765 0.000000 -0.000000 0.000000
-10.493162 94.977603 24.518095 3.325432 8.430648 -0.645520 -1.026442 0.980221 0.383208 -0.474575 -5.391510 0.173238 -0.472502 0.428723 0.125061 -0.344847 6.158122 0.094639 -3.241138 12.264162 0.530628 -6.405218 -13.151262 2.374138 -0.764895 -2.221544 7.893440 8.960020 -10.145661 69.284133 2.192121 26.762364 1.083428 -1.343123 12.215733 -4.241222 1.397979 -1.673309 -6.177399 -17.812139 -25.187315 -66.828299 -6.066046 21.938803 -1.125485 -3.341481 12.135952 -1.869366 9.976480 -29.874594 -7.906247 -2.353633 41.208726 3.476390 3.836058 -4.311172 9.457628 -0.656217 -0.727600 -5.551762 -3.671182 -4.659474 -2.190545 -2.013058 2.512191 -0.085358 1.680639 -7.263882 1.528444 0.000000 0.000000 -0.000000
-10.410245 94.895005 25.300749 3.254524 8.479867 -0.630165 -1.182526 0.954622 0.480726 -0.548570 -5.403250 0.217039 -0.546164 0.416917 0.161351 -0.397331 6.149215 0.122049 -3.195068 12.224869 0.504649 -6.308606 -13.228123 2.307799 -0.729662 -2.356930 7.933129 7.967676 -9.322017 69.692147 1.656728 27.124958 0.940595 -1.425964 12.279288 -3.934414 1.403599 -1.577998 -6.090046 -18.366876 -26.218680 -66.230588 -6.775661 20.995636 -1.339905 -3.445629 11.820425 -1.738135 9.026109 -30.332135 -7.505832 -1.510982 37.819168 3.415547 3.845513 -4.291592 9.786850 -0.212835 -0.263297 -2.342365 -3.594554 -4.178749 -2.246674 -2.092429 2.483898 -0.149844 1.762690 -7.701519 1.699339 0.000000 -0.000000 -0.000000
-10.336508 94.799140 26.100049 3.187354 8.522062 -0.591209 -1.336049 0.935251 0.565680 -0.620829 -5.412247 0.255228 -0.618097 0.407845 0.192205 -0.448930 6.142355 0.145356 -3.157079 12.184149 0.477751 -6.227008 -13.307204 2.243086 -0.693334 -2.491213 7.979358 7.072895 -8.501949 70.034912 1.135446 27.416637 0.781452 -1.505495 12.319470 -3.616302 1.407036 -1.493270 -6.013630 -18.881595 -27.195220 -65.646432 -7.413699 20.132585 -1.507901 -3.482257 11.619439 -1.596742 8.218420 -30.596619 -7.140759 -0.757758 34.225390 3.269900 3.755318 -4.217282 10.333311 -0.000000 0.000000 0.000000 -3.550546 -3.739644 -2.322265 -2.111624 2.564144 -0.203972 1.819109 -8.158189 1.824885 0.000000 0.000000 -0.000000
-10.266187 94.688139 26.911830 3.115835 8.556669 -0.523808 -1.484148 0.924804 0.637066 -0.690040 -5.417284 0.287364 -0.686998 0.402728 0.217315 -0.498693 6.138462 0.164331 -3.127633 12.142096 0.447860 -6.160439 -13.388446 2.176249 -0.657853 -2.627594 8.032678 6.341497 -7.670954 70.302897 0.621089 27.624780 0.596498 -1.575412 12.307924 -3.288585 1.404167 -1.421321 -5.959210 -19.320645 -28.140554 -65.079632 -7.964695 19.359692 -1.638520 -3.393363 11.651679 -1.424265 7.635648 -30.659408 -6.852205 -0.111045 30.404910 3.000710 3.448037 -4.166867 11.207038 0.015762 0.089992 0.600726 -3.575020 -3.357381 -2.429643 -2.012708 2.772701 -0.235774 1.840830 -8.619280 1.894127 0.000000 -0.000000 -0.000000
-10.205046 94.563871 27.740257 3.048090 8.584340 -0.432774 -1.629709 0.920230 0.695746 -0.757529 -5.419709 0.313836 -0.754186 0.400217 0.236936 -0.547588 6.136526 0.179169 -3.106264 12.098472 0.417068 -6.108914 -13.472210 2.111118 -0.621326 -2.762774 8.092456 5.704026 -6.847856 70.513451 0.127615 27.762494 0.406871 -1.640023 12.273558 -2.946852 1.399205 -1.360325 -5.915460 -19.716543 -29.033018 -64.533540 -8.454118 18.671474 -1.740832 -3.244140 11.801053 -1.253001 7.204889 -30.533739 -6.612466 0.466849 26.382982 2.634997 2.995811 -4.055872 12.273554 -0.001911 0.043278 0.300879 -3.632786 -3.017159 -2.557162 -1.853103 3.089668 -0.258770 1.837060 -9.099162 1.918649 -0.000000 -0.000000 -0.000000
-10.164249 94.432912 28.598099 2.995490 8.603150 -0.328915 -1.773754 0.913400 0.740016 -0.823657 -5.423119 0.333861 -0.820016 0.396715 0.250249 -0.595945 6.133854 0.189244 -3.089947 12.061448 0.391907 -6.069020 -13.543131 2.058408 -0.583342 -2.915623 8.164276 5.091163 -6.043251 70.692138 -0.365389 27.895886 0.197185 -1.720423 12.335613 -2.614979 1.400044 -1.317452 -5.861020 -20.003310 -29.864107 -64.057027 -8.907697 18.093612 -1.849764 -3.141456 11.871552 -1.141315 6.874064 -30.244146 -6.396963 0.830441 22.333772 2.130514 2.592896 -3.739732 13.244588 -0.000000 0.000000 0.000000 -3.725726 -2.680075 -2.680022 -1.662213 3.470471 -0.286383 1.818306 -9.656182 1.898819 -0.000000 -0.000000 0.000000
-10.149030 94.299160 29.489424 2.956084 8.607939 -0.213475 -1.915920 0.903897 0.766494 -0.888102 -5.427671 0.345926 -0.884167 0.392065 0.255773 -0.643633 6.130331 0.193440 -3.077949 12.033634 0.374384 -6.040098 -13.596306 2.021522 -0.542292 -3.101616 8.261161 4.488239 -5.255144 70.841829 -0.884612 28.060028 -0.051717 -1.839275 12.589492 -2.294736 1.413127 -1.303834 -5.777996 -20.124065 -30.635337 -63.694441 -9.345998 17.673664 -1.989414 -3.143332 11.755003 -1.117343 6.636966 -29.744386 -6.185985 0.867038 18.174277 1.420507 2.370448 -3.027628 14.056771 0.000000 -0.000000 0.000000 -3.870665 -2.334012 -2.790834 -1.423877 3.911468 -0.322891 1.776436 -10.327867 1.825409 0.000000 0.000000 0.000000
-10.154155 94.158717 30.410163 2.931776 8.603815 -0.085184 -2.056582 0.891888 0.778501 -0.951187 -5.433290 0.351511 -0.946961 0.386343 0.254955 -0.690786 6.126015 0.192849 -3.071150 12.012454 0.362345 -6.023073 -13.636603 1.996899 -0.500087 -3.305123 8.370344 3.908720 -4.486620 70.961848 -1.403080 28.219463 -0.320272 -1.976629 12.938583 -1.991610 1.432154 -1.308045 -5.683827 -20.126805 -31.349458 -63.414312 -9.755235 17.363541 -2.150809 -3.186847 11.554085 -1.146546 6.500763 -29.081574 -6.001155 0.740524 13.982010 0.613909 2.239141 -2.113132 14.791651 0.000000 -0.000000 0.000000 -4.050774 -1.991495 -2.897502 -1.154952 4.416510 -0.364240 1.719396 -11.076605 1.708539 -0.000000 -0.000000 0.000000
-10.175077 94.006465 31.360880 2.939744 8.604143 0.048909 -2.197833 0.870216 0.784491 -1.014229 -5.443187 0.354361 -1.009704 0.376338 0.251406 -0.738106 6.118491 0.190189 -3.069020 11.998385 0.355983 -6.017010 -13.663162 1.984667 -0.461481 -3.498632 8.458598 3.327151 -3.754463 71.070610 -1.861617 28.335633 -0.567370 -2.088927 13.212583 -1.732950 1.445885 -1.303512 -5.610316 -20.103677 -32.000047 -63.151466 -10.106827 17.045012 -2.314980 -3.196524 11.388505 -1.191889 6.430927 -28.419744 -5.876390 0.686393 10.174962 -0.083717 2.087049 -1.433330 15.391039 -0.000000 0.000000 0.000000 -4.217275 -1.650074 -2.997603 -0.934739 4.952325 -0.410896 1.681951 -11.848035 1.576288 -0.000000 0.000000 -0.000000
-10.205900 93.837759 32.341468 2.992243 8.616738 0.193940 -2.345438 0.832095 0.784393 -1.079772 -5.460379 0.354412 -1.074919 0.359025 0.244805 -0.787513 6.105493 0.185211 -3.071621 11.996216 0.356870 -6.022466 -13.667014 1.987586 -0.434356 -3.668434 8.509844 2.703694 -3.079908 71.175951 -2.243458 28.420564 -0.771035 -2.152911 13.341490 -1.529787 1.450763 -1.278229 -5.573635 -20.068082 -32.588948 -62.884737 -10.398393 16.647781 -2.494742 -3.116313 11.325440 -1.250996 6.408639 -27.767548 -5.824754 0.805391 6.765961 -0.649230 1.849633 -1.211908 15.815724 0.000000 -0.000000 0.000000 -4.362902 -1.311937 -3.101713 -0.797656 5.506004 -0.461299 1.691891 -12.636040 1.442752 0.000039 0.015627 -0.113793
-10.252521 93.657244 33.352034 3.077076 8.633511 0.344806 -2.493541 0.784239 0.778355 -1.145235 -5.481868 0.351739 -1.140041 0.337407 0.235487 -0.837056 6.089274 0.178171 -3.079013 12.001204 0.363273 -6.039052 -13.657047 2.002652 -0.410726 -3.828764 8.539736 2.079176 -2.440955 71.272230 -2.562678 28.466200 -0.947944 -2.187934 13.393392 -1.364239 1.450306 -1.244711 -5.557784 -20.005849 -33.115144 -62.638542 -10.631910 16.243754 -2.678711 -3.004019 11.298420 -1.328921 6.448442 -27.116571 -5.828252 0.954019 3.747509 -1.148118 1.601362 -1.228168 16.106952 -0.000000 -0.000000 0.000000 -4.494938 -0.974485 -3.198276 -0.709741 6.090461 -0.516029 1.721983 -13.446552 1.291398 -0.000203 0.031438 -0.227561
-10.328083 93.473745 34.393458 3.174746 8.644012 0.479073 -2.626855 0.739953 0.775144 -1.204261 -5.501757 0.350294 -1.198755 0.317396 0.228052 -0.881651 6.074258 0.172548 -3.090576 11.999510 0.370525 -6.064302 -13.659225 2.021491 -0.371360 -3.994145 8.562370 1.549506 -1.789127 71.359676 -2.803486 28.405161 -1.109642 -2.212676 13.404893 -1.216113 1.443890 -1.213332 -5.546455 -19.970666 -33.567175 -62.412508 -10.785770 15.930410 -2.809755 -2.956831 11.228045 -1.402763 6.566197 -26.605069 -5.873711 0.959334 1.508888 -1.518369 1.432699 -1.252835 16.327944 -0.000000 0.000000 -0.000000 -4.585901 -0.627478 -3.251061 -0.647943 6.711155 -0.578053 1.724244 -14.243238 1.104754 -0.000000 0.000000 -0.000000
-10.435690 93.286685 35.464798 3.274992 8.649768 0.598070 -2.739219 0.700858 0.772331 -1.254001 -5.519305 0.348998 -1.248227 0.299740 0.221708 -0.919234 6.061012 0.167746 -3.105241 11.986500 0.375844 -6.095234 -13.682350 2.038622 -0.303003 -4.174567 8.580559 1.172536 -1.093590 71.448425 -2.967670 28.172488 -1.267580 -2.229309 13.368130 -1.064800 1.434128 -1.183501 -5.531630 -20.003925 -33.941664 -62.194400 -10.846890 15.746240 -2.865136 -3.056871 11.031231 -1.468996 6.862439 -26.287125 -6.020161 0.655218 0.225998 -1.715313 1.470761 -1.277940 16.533302 0.000000 0.000000 -0.000000 -4.600060 -0.260827 -3.250845 -0.606522 7.351226 -0.652739 1.643901 -15.020285 0.876155 0.003965 -0.081017 0.894131
-10.572239 93.096640 36.566996 3.388025 8.649275 0.700436 -2.836863 0.665550 0.772233 -1.297330 -5.535159 0.348895 -1.291319 0.283788 0.217207 -0.951891 6.049043 0.164332 -3.124024 11.966783 0.382064 -6.134768 -13.717663 2.059625 -0.218875 -4.360080 8.591005 0.890505 -0.385009 71.535836 -3.049020 27.835266 -1.402053 -2.234056 13.290321 -0.929142 1.418446 -1.155877 -5.521261 -20.063166 -34.242538 -61.998039 -10.832710 15.655960 -2.873280 -3.221188 10.790005 -1.530167 7.237287 -26.106879 -6.208104 0.179202 -0.281053 -1.767050 1.599181 -1.313317 16.679530 -0.000000 -0.000000 -0.000000 -4.571994 0.115715 -3.205723 -0.592691 8.027728 -0.732833 1.534774 -15.783504 0.615236 0.011655 -0.211205 2.129348
-10.741563 92.914159 37.703762 3.524966 8.627719 0.759609 -2.923213 0.642970 0.790636 -1.336530 -5.545449 0.357101 -1.330312 0.273408 0.221435 -0.980812 6.041234 0.167511 -3.149371 11.940355 0.393011 -6.189226 -13.764813 2.092856 -0.139525 -4.535182 8.598611 0.625215 0.292313 71.603176 -3.021423 27.524360 -1.479492 -2.237237 13.230392 -0.850092 1.388480 -1.142649 -5.522901 -20.075673 -34.469416 -61.862328 -10.768951 15.646799 -2.854848 -3.300917 10.673523 -1.575154 7.409572 -26.041036 -6.250075 -0.185692 -0.158594 -1.709031 1.543458 -1.155647 16.682711 0.000000 -0.000000 -0.000000 -4.578819 0.482465 -3.106071 -0.602827 8.796877 -0.802950 1.512150 -16.513610 0.326689 0.017249 -0.434485 3.070521
-10.943100 92.728240 38.873731 3.728765 8.589354 0.787633 -3.010952 0.629958 0.822898 -1.377017 -5.551582 0.371548 -1.370597 0.267178 0.231774 -1.010235 6.036522 0.175308 -3.185750 11.905674 0.411182 -6.268313 -13.826274 2.145107 -0.080970 -4.718797 8.601752 0.329431 0.964069 71.657399 -2.840398 27.290336 -1.488648 -2.246618 13.220680 -0.863554 1.334922 -1.155871 -5.531898 -20.010438 -34.628061 -61.811782 -10.663061 15.741413 -2.806758 -3.195799 10.809110 -1.591051 7.302550 -26.146809 -6.132870 -0.414157 0.797315 -1.477499 1.072642 -0.711612 16.405431 -0.000000 -0.000000 -0.000000 -4.666753 0.834952 -2.964774 -0.661938 9.660654 -0.850934 1.595220 -17.296217 0.016975 0.021104 -0.614505 3.404131
-11.177413 92.549885 40.078268 3.956453 8.530187 0.772229 -3.087505 0.629748 0.873582 -1.413418 -5.552132 0.394284 -1.406829 0.266539 0.250815 -1.035957 6.035980 0.189680 -3.228717 11.864238 0.434002 -6.362394 -13.899608 2.209529 -0.027190 -4.892074 8.601605 0.050237 1.604352 71.693539 -2.553890 27.084539 -1.444553 -2.253612 13.227912 -0.933925 1.267193 -1.183569 -5.552891 -19.896941 -34.713173 -61.823787 -10.508135 15.917365 -2.732241 -3.008356 11.071121 -1.591899 6.993018 -26.368310 -5.871081 -0.529936 2.384420 -1.143644 0.398496 -0.086794 15.990665 -0.000000 -0.000000 -0.000000 -4.788090 1.177460 -2.769354 -0.745453 10.616619 -0.889855 1.766584 -18.044385 -0.327891 0.019395 -0.885928 3.443022
-11.450015 92.422653 41.325176 4.090422 8.423427 0.650343 -3.118471 0.660886 0.972365 -1.431874 -5.538984 0.438632 -1.425234 0.279640 0.293290 -1.046527 6.045688 0.221756 -3.267316 11.820609 0.457728 -6.448717 -13.977119 2.274046 0.049189 -4.982790 8.607642 -0.150131 2.091054 71.674798 -2.276259 26.888579 -1.355548 -2.244184 13.212644 -0.995379 1.205053 -1.201915 -5.607339 -19.753308 -34.707831 -61.866470 -10.307622 16.093639 -2.660348 -2.894354 11.249487 -1.609742 6.429293 -26.512080 -5.318369 -0.328106 3.847058 -0.938525 -0.071619 0.639606 15.764292 -0.000000 -0.000000 -0.000000 -4.878389 1.503696 -2.473362 -0.776193 11.714520 -0.943533 2.083413 -18.478240 -0.738907 -0.003417 -1.699646 3.488280
-11.784393 92.356918 42.624299 4.064606 8.250239 0.342922 -3.078444 0.741930 1.155320 -1.422866 -5.504027 0.520769 -1.416364 0.314619 0.376341 -1.033560 6.071706 0.284484 -3.300871 11.764769 0.483143 -6.526893 -14.077377 2.340507 0.166305 -4.934224 8.630420 -0.255138 2.357789 71.556748 -2.008842 26.694554 -1.178643 -2.199975 13.146785 -1.025104 1.178943 -1.215905 -5.728255 -19.644212 -34.614484 -61.883032 -10.029417 16.223389 -2.601049 -2.929913 11.237520 -1.665312 5.379390 -26.527374 -4.228663 0.444689 4.884231 -1.032366 -0.072439 1.654821 15.934676 -0.000000 0.000000 -0.000000 -4.939012 1.861250 -2.030599 -0.715042 12.944229 -1.013021 2.719429 -18.595315 -1.225896 -0.055162 -3.183284 3.588892
-12.157060 92.342305 43.965793 3.946770 8.028551 -0.070052 -2.992549 0.853960 1.386750 -1.395930 -5.455410 0.624628 -1.389683 0.363303 0.482933 -1.005462 6.107947 0.365001 -3.329953 11.706698 0.509476 -6.597136 -14.181895 2.407074 0.305502 -4.802928 8.660146 -0.281815 2.471614 71.386752 -1.751222 26.509547 -0.958635 -2.139271 13.058778 -1.046152 1.158391 -1.220383 -5.882569 -19.505703 -34.430728 -61.929367 -9.705105 16.353041 -2.543163 -3.038441 11.141968 -1.739408 4.077770 -26.429982 -2.854335 1.523294 5.803350 -1.249245 0.159874 2.782837 16.288864 0.000000 -0.000000 0.000000 -4.966800 2.204479 -1.488759 -0.604627 14.316387 -1.099784 3.488190 -18.390698 -1.785183 -0.132243 -5.210046 3.675327
-12.503080 92.391247 45.327927 3.819256 7.787511 -0.413334 -2.902612 0.959637 1.588603 -1.365884 -5.409329 0.715180 -1.359896 0.409458 0.576533 -0.976035 6.142329 0.435714 -3.345574 11.681026 0.530714 -6.637624 -14.227328 2.456098 0.439044 -4.686534 8.675736 -0.217690 2.510557 71.266048 -1.613959 26.337763 -0.833883 -2.103315 12.993728 -1.061251 1.071557 -1.176878 -5.992586 -19.165038 -34.131474 -62.140906 -9.433270 16.541031 -2.483423 -3.146444 11.072512 -1.805205 3.179573 -26.163321 -1.799492 2.334740 6.753612 -1.295405 0.286099 3.417591 16.505102 -0.000000 -0.000000 -0.000000 -4.894927 2.384569 -0.940380 -0.494249 15.912513 -1.224296 3.887038 -17.586338 -2.400335 -0.241663 -7.851726 3.882163
-12.785328 92.525905 46.709101 3.686131 7.522097 -0.599146 -2.816078 1.058224 1.723975 -1.334234 -5.365959 0.775965 -1.328494 0.452902 0.640528 -0.947655 6.174763 0.484091 -3.341901 11.691371 0.542552 -6.635063 -14.207595 2.476502 0.573129 -4.618155 8.665102 -0.038963 2.484013 71.242029 -1.689836 26.182096 -0.898653 -2.113842 12.975228 -1.058859 0.846562 -1.038419 -6.017984 -18.428549 -33.759928 -62.607718 -9.271391 16.831565 -2.448776 -3.243192 11.067753 -1.852925 3.117852 -25.758883 -1.418629 2.618349 7.919280 -0.979637 0.068556 3.212920 16.465590 0.000000 0.000000 0.000000 -4.709435 2.347231 -0.440162 -0.400763 17.770024 -1.416495 3.711970 -16.040378 -2.981821 -0.399008 -11.207029 4.242327
-13.040927 92.724118 48.110915 3.542326 7.237874 -0.715153 -2.725945 1.150864 1.829829 -1.299595 -5.325007 0.823487 -1.294104 0.493935 0.691565 -0.918026 6.205431 0.522683 -3.324984 11.734253 0.549420 -6.603140 -14.128549 2.479571 0.701679 -4.564467 8.640210 0.231916 2.382731 71.266159 -1.885508 26.039615 -1.056362 -2.149295 12.979452 -1.050114 0.554786 -0.852801 -6.000232 -17.501395 -33.265190 -63.231812 -9.159817 17.179882 -2.407492 -3.339155 11.089511 -1.891245 3.456973 -25.221431 -1.346427 2.655963 9.106792 -0.486165 -0.260041 2.513095 16.294333 0.000000 0.000000 0.000000 -4.431933 2.143581 0.068299 -0.320051 19.853201 -1.637404 3.127288 -13.908574 -3.586810 -0.626234 -15.173473 4.775770
-13.316310 92.931829 49.516434 3.455414 6.981144 -0.850602 -2.652830 1.203215 1.938624 -1.272522 -5.301999 0.872127 -1.267206 0.517005 0.742953 -0.893979 6.222622 0.561495 -3.303863 11.833643 0.558545 -6.560906 -13.944771 2.481484 0.778917 -4.523835 8.615543 0.538171 2.256198 71.296736 -2.032177 25.907011 -1.159965 -2.186405 12.980215 -1.071634 0.339590 -0.723592 -5.983375 -16.813658 -32.485497 -63.859815 -9.020545 17.508395 -2.269302 -3.392527 11.131498 -1.919686 3.556019 -24.489235 -1.112938 2.679963 9.895796 -0.095825 -0.356021 1.755882 16.012507 0.000000 0.000000 -0.000000 -4.053313 1.778235 0.659613 -0.266462 22.133594 -1.794463 2.155714 -11.368479 -4.398414 -0.968556 -19.518824 5.626728
-13.641227 93.136488 50.940815 3.462558 6.764611 -1.056825 -2.615025 1.191945 2.068471 -1.261877 -5.307487 0.929928 -1.256602 0.511542 0.801835 -0.881559 6.218372 0.605893 -3.274350 12.032310 0.573529 -6.499559 -13.576930 2.484699 0.769234 -4.503584 8.600538 0.893431 2.142626 71.329256 -2.105877 25.774457 -1.170836 -2.222730 12.972366 -1.138882 0.272364 -0.702224 -5.974200 -16.653174 -31.258234 -64.418350 -8.790399 17.679587 -1.933580 -3.372175 11.171333 -1.940009 3.084348 -23.458219 -0.476374 2.802962 10.030479 0.055792 -0.022330 1.083332 15.523903 -0.000000 -0.000000 -0.000000 -3.496469 1.275577 1.400097 -0.267953 24.601051 -1.799148 0.453648 -8.242825 -5.499032 -1.602603 -24.852399 7.064908
-13.985927 93.350645 52.368900 3.526652 6.576108 -1.283404 -2.594806 1.140156 2.200893 -1.258958 -5.331056 0.988731 -1.253647 0.487980 0.860935 -0.874837 6.200534 0.650408 -3.240783 12.287453 0.591576 -6.428815 -13.104343 2.488667 0.708507 -4.496893 8.585065 1.283747 2.003338 71.369827 -2.130923 25.651572 -1.129719 -2.261130 12.961875 -1.236608 0.282183 -0.736520 -5.964799 -16.738811 -29.754739 -64.982325 -8.528421 17.821571 -1.504766 -3.308912 11.230050 -1.950418 2.400607 -22.221862 0.294284 2.902344 9.769869 0.096783 0.544443 0.363620 14.905331 0.000000 -0.000000 0.000000 -2.849101 0.600019 2.216371 -0.286817 27.262657 -1.708667 -1.727937 -4.743023 -6.812326 -2.554449 -30.523607 9.037335
-14.307595 93.557898 53.738290 3.603907 6.424303 -1.467250 -2.558279 1.082852 2.313543 -1.247786 -5.356885 1.038656 -1.242471 0.462174 0.911994 -0.862552 6.181045 0.688842 -3.224870 12.494577 0.609871 -6.394676 -12.719855 2.503735 0.658175 -4.480991 8.554688 1.611191 1.772892 71.391188 -2.011110 25.564092 -1.011204 -2.286675 12.939454 -1.355912 0.299334 -0.774323 -5.976243 -16.649310 -28.314345 -65.604527 -8.336194 18.261130 -1.189611 -3.252573 11.366152 -1.942951 1.889616 -21.023212 0.906632 2.841927 9.468808 0.134283 1.088976 -0.377304 14.429990 0.000000 0.000000 0.000000 -2.348941 -0.326523 2.973015 -0.238485 30.118750 -1.656668 -3.449252 -1.593714 -8.247237 -3.380469 -34.471080 10.867068
-14.589467 93.755481 55.022073 3.683561 6.321960 -1.581249 -2.492423 1.022153 2.400696 -1.222319 -5.383931 1.077134 -1.217061 0.435183 0.953058 -0.840348 6.160718 0.719724 -3.236466 12.616579 0.621813 -6.414959 -12.492185 2.523520 0.640722 -4.460446 8.503014 1.742313 1.428919 71.374807 -1.671726 25.558510 -0.793055 -2.302944 12.940079 -1.496438 0.303701 -0.800889 -6.023504 -16.195347 -27.065323 -66.306829 -8.231758 19.222145 -1.061724 -3.228237 11.605569 -1.926121 1.696749 -19.960102 1.244157 2.485198 9.240479 0.212743 1.567779 -1.160162 14.234429 0.000000 0.000000 -0.000000 -2.150276 -1.582157 3.636944 -0.089641 33.249233 -1.747306 -4.306114 1.156301 -9.831543 -3.659078 -36.078459 12.163789
-14.848305 93.946161 56.247160 3.775720 6.256176 -1.652484 -2.409726 0.955878 2.467993 -1.188369 -5.413250 1.106709 -1.183202 0.405936 0.986079 -0.812412 6.138740 0.744524 -3.265534 12.690466 0.633351 -6.470900 -12.352847 2.552728 0.633714 -4.430318 8.436874 1.811155 0.994011 71.335794 -1.186589 25.583238 -0.496921 -2.306576 12.930574 -1.658803 0.315718 -0.830586 -6.091705 -15.574818 -25.867199 -67.042765 -8.188856 20.490516 -1.020990 -3.205825 11.921853 -1.885816 1.654694 -18.943995 1.445265 1.970048 8.969837 0.298743 2.024449 -1.968881 14.187473 -0.000000 0.000000 -0.000000 -2.102159 -3.078038 4.244140 0.117664 36.579936 -1.878754 -4.686946 3.608359 -11.513829 -3.414246 -36.058589 12.929799
-15.091587 94.121824 57.431886 3.867783 6.196762 -1.698965 -2.313952 0.912626 2.510546 -1.147549 -5.432138 1.125332 -1.142526 0.387133 1.008844 -0.780152 6.124638 0.761617 -3.303903 12.722818 0.659843 -6.552925 -12.289077 2.616731 0.630931 -4.353434 8.362583 2.120811 0.470681 71.292712 -0.683985 25.517244 -0.169261 -2.273877 12.798988 -1.839026 0.326329 -0.855166 -6.157485 -14.948408 -24.653046 -67.751434 -8.244124 21.742992 -1.013037 -3.149915 12.293622 -1.778626 1.661266 -17.947582 1.616513 1.569181 8.669304 0.374665 2.330528 -2.729662 14.168071 -0.000000 -0.000000 -0.000000 -1.976444 -4.636071 4.761316 0.370965 39.881298 -1.872597 -4.749054 5.299881 -13.054725 -2.659137 -34.377536 12.850720
-15.320757 94.278003 58.576912 3.962231 6.142134 -1.730639 -2.206885 0.906092 2.531498 -1.100897 -5.434544 1.134449 -1.096079 0.384820 1.022697 -0.744263 6.122941 0.772033 -3.349261 12.693391 0.707462 -6.660400 -12.338073 2.727696 0.643958 -4.211666 8.276918 2.780697 -0.140581 71.242757 -0.172746 25.265313 0.201773 -2.169669 12.418541 -2.069200 0.327390 -0.859087 -6.212999 -14.374486 -23.406339 -68.417868 -8.456438 22.885429 -1.030204 -3.008123 12.785410 -1.538823 1.701075 -16.973618 1.786505 1.427122 8.350172 0.434420 2.346583 -3.461905 14.186640 0.000000 -0.000000 -0.000000 -1.712619 -6.251438 5.157843 0.701835 43.210390 -1.630864 -4.269394 5.885029 -14.488738 -1.356931 -30.315364 11.841190
-15.534369 94.419167 59.681578 4.056510 6.093773 -1.737541 -2.086477 0.922877 2.527977 -1.047292 -5.426414 1.132700 -1.042730 0.393051 1.026388 -0.703986 6.129194 0.774809 -3.404036 12.622242 0.769407 -6.794209 -12.462826 2.872639 0.660745 -4.022845 8.184257 3.680384 -0.840550 71.172073 0.351481 24.918849 0.587805 -2.035248 11.917819 -2.330453 0.326724 -0.857928 -6.265968 -13.792290 -22.144393 -69.057077 -8.769986 24.015898 -1.088458 -2.822352 13.326253 -1.227773 1.786520 -16.019604 1.929367 1.397312 8.001790 0.472957 2.209384 -4.149644 14.239752 0.000000 0.000000 -0.000000 -1.360955 -7.929960 5.454903 1.154445 46.502632 -1.180306 -3.390285 5.740769 -15.833273 0.138454 -24.490587 10.567220
-15.735563 94.550611 60.762230 4.130549 6.026079 -1.707876 -1.950779 0.951149 2.486301 -0.985144 -5.412972 1.113915 -0.980880 0.406605 1.013911 -0.658568 6.139496 0.765398 -3.467057 12.576418 0.842124 -6.946829 -12.539177 3.039938 0.639805 -3.804094 8.102208 4.792582 -1.629119 71.079675 0.782046 24.642681 0.885720 -1.961447 11.564412 -2.534818 0.339112 -0.890389 -6.316693 -13.180313 -20.855849 -69.658120 -9.052272 25.096929 -1.178365 -2.710769 13.696225 -1.000235 1.862369 -15.049249 2.063482 1.315321 7.603378 0.471774 2.204927 -4.664884 14.181169 0.000000 0.000000 0.000000 -0.854941 -9.513114 5.689609 1.748362 49.341751 -0.522098 -2.778074 5.450924 -16.780106 1.304540 -18.882465 9.546161
-15.931608 94.674811 61.826317 4.175771 5.922923 -1.631070 -1.796651 0.993416 2.392478 -0.912397 -5.393079 1.071839 -0.908483 0.426619 0.979219 -0.606937 6.154714 0.739235 -3.537763 12.576716 0.934660 -7.119473 -12.527822 3.244894 0.552670 -3.549062 8.042231 6.226345 -2.505897 70.974242 1.048296 24.496097 1.029574 -1.963837 11.421784 -2.606745 0.372530 -0.978196 -6.362019 -12.518831 -19.525204 -70.207113 -9.291966 26.128587 -1.323686 -2.762829 13.761667 -0.934963 1.907396 -14.035012 2.199762 1.087846 7.127938 0.414970 2.481724 -4.921878 13.932911 -0.000000 -0.000000 0.000000 -0.009483 -10.944891 5.867325 2.660439 51.608919 0.530360 -2.704907 5.132194 -17.032375 2.006779 -13.739078 8.437737
-16.115235 94.789291 62.866391 4.200507 5.800374 -1.517697 -1.627190 1.047972 2.260866 -0.831081 -5.367605 1.012867 -0.827559 0.452219 0.928500 -0.550133 6.174160 0.700983 -3.616327 12.602387 1.038550 -7.310013 -12.467664 3.472701 0.428686 -3.264041 7.993057 7.872861 -3.472680 70.823750 1.223775 24.426669 1.096368 -2.020059 11.422423 -2.607045 0.418703 -1.099765 -6.406084 -11.823378 -18.168893 -70.711266 -9.502510 27.112768 -1.502072 -2.907158 13.666778 -0.964658 1.940883 -13.003960 2.325372 0.809298 6.600988 0.325664 2.887387 -5.003453 13.569034 0.000000 0.000000 0.000000 1.001716 -12.279029 5.972510 3.749301 53.401129 1.823748 -2.864624 4.623350 -16.867470 2.386712 -8.807335 7.330503
-16.267764 94.891917 63.876453 4.210108 5.681156 -1.387691 -1.449794 1.096548 2.120125 -0.745740 -5.344819 0.949753 -0.742614 0.475123 0.874049 -0.490591 6.191582 0.659898 -3.702454 12.658372 1.124471 -7.505253 -12.351690 3.666971 0.313024 -2.985391 7.937647 9.379323 -4.529387 70.580768 1.424277 24.431102 1.207241 -2.160405 11.637998 -2.637761 0.468277 -1.228675 -6.460179 -11.125051 -16.823206 -71.192687 -9.585999 28.011099 -1.629634 -3.025938 13.611008 -1.027097 1.969056 -12.001559 2.421437 0.596720 6.081146 0.245216 3.258080 -5.034086 13.168236 -0.000000 0.000000 0.000000 1.701893 -13.522099 6.027134 4.416194 54.663195 2.678082 -3.059142 4.080422 -16.776013 2.629412 -5.402324 6.853304
-16.377325 94.982242 64.852599 4.194517 5.567456 -1.238022 -1.262556 1.133133 1.973329 -0.655646 -5.327412 0.883857 -0.652922 0.492641 0.817298 -0.427653 6.204958 0.617055 -3.799195 12.754197 1.182478 -7.706026 -12.162901 3.809093 0.218006 -2.719023 7.873520 10.623177 -5.707992 70.223918 1.656838 24.575887 1.398286 -2.454326 12.296775 -2.756621 0.520797 -1.346692 -6.527480 -10.449841 -15.502892 -71.659138 -9.493717 28.772432 -1.677338 -3.067211 13.674748 -1.107977 1.993131 -11.038736 2.473520 0.527544 5.586290 0.182838 3.519675 -5.040413 12.739499 0.000000 -0.000000 0.000000 1.897078 -14.666852 6.039433 4.222799 55.371315 2.614170 -3.294697 3.577366 -16.961157 2.887268 -4.315076 7.300828
-16.455789 95.060713 65.798733 4.163724 5.457224 -1.071613 -1.067307 1.163996 1.817313 -0.561501 -5.312611 0.813791 -0.559189 0.507543 0.756789 -0.361965 6.216362 0.571362 -3.903078 12.880731 1.222981 -7.910522 -11.917752 3.917928 0.131197 -2.458982 7.803143 11.732121 -6.970418 69.779397 1.923896 24.788877 1.643834 -2.819696 13.177212 -2.886430 0.576828 -1.471805 -6.604844 -9.768308 -14.193797 -72.104382 -9.272243 29.443403 -1.670884 -3.078619 13.777043 -1.218257 2.009675 -10.104493 2.495154 0.523080 5.100065 0.123133 3.744593 -4.996398 12.275571 -0.000000 -0.000000 -0.000000 1.779101 -15.721220 6.025609 3.461941 55.576272 1.916581 -3.554165 3.040284 -17.205877 3.059201 -4.770140 8.229240
-16.520089 95.126541 66.720561 4.153423 5.366680 -0.917424 -0.877098 1.188814 1.671079 -0.470020 -5.300647 0.748074 -0.468102 0.519590 0.700359 -0.297948 6.225595 0.528738 -4.004273 13.014951 1.247065 -8.102258 -11.659652 3.993413 0.059900 -2.223936 7.716754 12.728067 -8.210196 69.288273 2.328603 24.852184 1.957233 -3.072655 13.673618 -2.942178 0.628774 -1.631662 -6.694044 -9.029982 -12.887793 -72.530324 -8.963309 30.129708 -1.602664 -3.087218 13.871246 -1.330672 2.019277 -9.211530 2.510631 0.465392 4.630454 0.069075 3.991922 -4.949082 11.830604 -0.000000 0.000000 -0.000000 1.443959 -16.716272 6.029089 2.597739 55.364399 1.010290 -3.604078 2.422891 -17.362168 3.048094 -5.759760 9.137663
-16.569056 95.176950 67.616920 4.178301 5.304383 -0.778441 -0.697559 1.203944 1.540894 -0.384002 -5.293154 0.689523 -0.382448 0.527148 0.650540 -0.237498 6.231427 0.491095 -4.103685 13.152616 1.249350 -8.281199 -11.396965 4.026177 0.014626 -2.026390 7.602366 13.568151 -9.396273 68.770468 2.920317 24.670189 2.345612 -3.127260 13.402706 -2.874128 0.674583 -1.848504 -6.802851 -8.193678 -11.568704 -72.945194 -8.573078 30.905849 -1.460176 -3.100041 13.944385 -1.433636 1.981266 -8.351118 2.525602 0.297135 4.149967 0.018608 4.312723 -4.913426 11.448951 -0.000000 -0.000000 -0.000000 0.828211 -17.666013 6.055367 1.641301 54.727467 -0.107716 -3.285559 1.685487 -17.357713 2.778508 -7.292779 9.912828
-16.603859 95.214717 68.488973 4.223889 5.261583 -0.651749 -0.523123 1.212836 1.420196 -0.300680 -5.288551 0.635205 -0.299475 0.531801 0.604680 -0.178755 6.235056 0.456436 -4.200465 13.298159 1.235414 -8.447751 -11.121157 4.026138 -0.015570 -1.853494 7.471748 14.295396 -10.559809 68.216686 3.632620 24.327523 2.776714 -3.098936 12.737635 -2.772232 0.716395 -2.099646 -6.924606 -7.299423 -10.252454 -73.333777 -8.088826 31.692080 -1.242620 -3.110667 14.009712 -1.539403 1.937051 -7.532136 2.534696 0.075548 3.685465 -0.021781 4.656858 -4.874968 11.085572 0.000000 0.000000 0.000000 -0.009940 -18.557186 6.108879 0.684024 53.657898 -1.330756 -2.766661 0.873406 -17.240598 2.293616 -9.351220 10.708900
-16.644939 95.247372 69.345928 4.282256 5.228432 -0.557520 -0.350135 1.225494 1.308745 -0.218451 -5.282365 0.585013 -0.217591 0.538025 0.562836 -0.120525 6.239844 0.424807 -4.282234 13.441359 1.222689 -8.586410 -10.850674 4.022303 -0.055546 -1.686022 7.350786 15.059186 -11.687813 67.622043 4.387890 23.879165 3.193524 -3.102111 12.208630 -2.755304 0.752617 -2.345554 -7.039291 -6.417637 -8.980200 -73.666030 -7.527329 32.363381 -0.964788 -3.127820 14.060293 -1.658722 2.011869 -6.793344 2.549057 -0.145578 3.326292 -0.036898 4.931597 -4.835937 10.660177 0.000000 -0.000000 -0.000000 -0.792115 -19.377286 6.221409 0.256213 52.277654 -2.107327 -2.312596 0.071387 -17.062034 1.768129 -10.925916 11.339986
-16.703112 95.279696 70.191969 4.342753 5.200724 -0.508386 -0.171220 1.244799 1.207879 -0.134104 -5.273287 0.539520 -0.133597 0.547130 0.525906 -0.060343 6.246779 0.396883 -4.342674 13.575832 1.216411 -8.687869 -10.597416 4.022722 -0.112835 -1.505537 7.245467 15.926994 -12.772828 66.973599 5.188504 23.308124 3.587331 -3.168961 12.032003 -2.873258 0.780409 -2.579860 -7.147025 -5.561136 -7.764116 -73.926522 -6.883433 32.885969 -0.635533 -3.153505 14.106426 -1.799606 2.285922 -6.158013 2.569649 -0.337393 3.116846 -0.016148 5.081926 -4.768858 10.158285 -0.000000 -0.000000 0.000000 -1.463610 -20.115389 6.438470 0.586497 50.626969 -2.263233 -2.013390 -0.739465 -16.874988 1.278415 -11.725109 11.669041
-16.767562 95.306909 71.022912 4.416120 5.182745 -0.491696 0.006186 1.267461 1.116249 -0.050869 -5.262792 0.498139 -0.050708 0.557638 0.492975 -0.000686 6.254751 0.371975 -4.387962 13.707827 1.211502 -8.761373 -10.349794 4.019829 -0.179726 -1.330570 7.149836 16.833186 -13.818977 66.281236 6.021599 22.630796 3.949039 -3.254180 11.999430 -3.058080 0.802252 -2.809072 -7.247562 -4.711745 -6.595913 -74.136931 -6.170981 33.289362 -0.255806 -3.185205 14.139385 -1.954941 2.680281 -5.602945 2.600223 -0.529371 3.012939 0.026148 5.159758 -4.699113 9.596106 -0.000000 0.000000 -0.000000 -2.081570 -20.779175 6.709504 1.342345 48.685401 -2.068632 -1.787527 -1.544090 -16.647362 0.815417 -12.066214 11.756833
-16.826282 95.322209 71.835407 4.526474 5.177415 -0.489697 0.163499 1.294242 1.029689 0.023187 -5.250575 0.459057 0.023043 0.569856 0.461410 0.052222 6.263987 0.348103 -4.424346 13.845930 1.209922 -8.818937 -10.091240 4.019115 -0.258124 -1.197698 7.071515 17.727883 -14.830932 65.572450 6.797044 21.960625 4.236542 -3.338868 12.007277 -3.229837 0.824265 -3.013569 -7.319504 -3.893521 -5.485764 -74.330479 -5.443964 33.545383 0.156877 -3.225903 14.123737 -2.114705 3.081890 -5.097201 2.656740 -0.755436 2.971289 0.065778 5.232744 -4.707455 8.938575 0.000000 0.000000 0.000000 -2.530749 -21.385654 6.912884 2.138086 46.500436 -1.711842 -1.645214 -2.210511 -16.321864 0.460535 -11.866399 11.665412
-16.878098 95.322591 72.622955 4.687969 5.189368 -0.496459 0.290966 1.325996 0.945274 0.083869 -5.236262 0.420996 0.083479 0.584163 0.429510 0.095117 6.274773 0.323986 -4.446584 13.992240 1.215122 -8.851849 -9.817952 4.024865 -0.358081 -1.131102 7.019379 18.638128 -15.798766 64.853098 7.485329 21.342445 4.417153 -3.414268 12.042901 -3.349634 0.847084 -3.185213 -7.346935 -3.117192 -4.437384 -74.535020 -4.706516 33.585106 0.611126 -3.282801 14.038888 -2.282939 3.485357 -4.650434 2.746494 -1.042622 3.000964 0.096592 5.317044 -4.832010 8.108530 -0.000000 0.000000 -0.000000 -2.750623 -21.950358 6.996410 2.921975 44.054604 -1.184083 -1.599146 -2.686441 -15.831414 0.281856 -11.082408 11.687005
-16.924184 95.311059 73.392055 4.886457 5.214066 -0.517803 0.398292 1.361786 0.865916 0.135357 -5.220230 0.385231 0.134762 0.600185 0.398972 0.131253 6.286832 0.300903 -4.459679 14.144472 1.223804 -8.868424 -9.534108 4.033070 -0.469788 -1.106854 6.983632 19.537117 -16.733106 64.122168 8.120547 20.739720 4.533456 -3.486637 12.116729 -3.453815 0.869967 -3.333053 -7.345014 -2.372331 -3.445845 -74.731632 -3.972781 33.475588 1.074084 -3.350276 13.906142 -2.460434 3.897081 -4.254263 2.861526 -1.364222 3.092571 0.126298 5.397206 -5.032191 7.181312 -0.000000 0.000000 -0.000000 -2.795904 -22.460101 7.003056 3.668168 41.357051 -0.574314 -1.658754 -3.029192 -15.252644 0.204202 -9.759096 11.533928
-16.956053 95.289825 74.158851 5.103583 5.240656 -0.553642 0.496100 1.399754 0.796214 0.182154 -5.203269 0.353786 0.181376 0.617134 0.372278 0.164178 6.299576 0.280721 -4.485295 14.304838 1.227810 -8.906169 -9.234669 4.036604 -0.565411 -1.089449 6.943721 20.292935 -17.672999 63.401426 8.714420 20.143575 4.669359 -3.564357 12.157639 -3.582308 0.897086 -3.463280 -7.338793 -1.651709 -2.508055 -74.884186 -3.303129 33.398185 1.473550 -3.413526 13.751649 -2.632319 4.221769 -3.850205 2.993563 -1.673534 3.175545 0.151345 5.496486 -5.273540 6.349139 0.000000 0.000000 0.000000 -2.722149 -22.890492 6.953131 4.103411 38.502290 -0.144200 -1.819446 -3.265271 -14.738880 0.131747 -7.956619 10.387317
-16.973076 95.258267 74.923380 5.343773 5.264648 -0.607156 0.583398 1.441221 0.740641 0.223601 -5.184774 0.328659 0.222663 0.635613 0.351358 0.193545 6.313460 0.264897 -4.528154 14.478339 1.220016 -8.970829 -8.910556 4.023362 -0.630343 -1.076677 6.894883 20.839979 -18.647647 62.691992 9.263184 19.554764 4.871507 -3.663066 12.164306 -3.785421 0.929619 -3.575031 -7.333432 -0.936885 -1.635734 -74.981038 -2.702796 33.420868 1.783401 -3.483847 13.538878 -2.795662 4.412862 -3.420385 3.145151 -1.957546 3.229101 0.168224 5.632186 -5.558924 5.684120 0.000000 0.000000 -0.000000 -2.526260 -23.241448 6.849867 4.144669 35.501934 0.048606 -2.103530 -3.438165 -14.364434 0.075062 -5.270028 7.238728
-16.975881 95.217007 75.685605 5.602583 5.290764 -0.675134 0.661253 1.484662 0.694798 0.260384 -5.165420 0.307887 0.259309 0.654952 0.334320 0.219727 6.327984 0.252003 -4.583535 14.660261 1.207669 -9.056542 -8.570253 4.005424 -0.679306 -1.070872 6.841669 21.241725 -19.632657 62.001462 9.772650 18.970037 5.102474 -3.768240 12.140030 -4.015580 0.966631 -3.669290 -7.323402 -0.244495 -0.819192 -75.039203 -2.158311 33.483723 2.035980 -3.552424 13.303392 -2.955234 4.517982 -2.982385 3.312412 -2.229379 3.274413 0.179848 5.790766 -5.888580 5.112989 0.000000 0.000000 -0.000000 -2.209937 -23.512003 6.688091 3.927649 32.351001 0.109950 -2.470921 -3.497876 -14.068876 0.031302 -2.171668 3.057923
-16.957864 95.170109 76.461557 5.848355 5.321869 -0.747971 0.743368 1.523946 0.649894 0.299033 -5.147920 0.287514 0.297815 0.672433 0.317871 0.247349 6.341114 0.239549 -4.659005 14.838391 1.204034 -9.183319 -8.234696 4.011439 -0.728242 -1.043194 6.778000 21.557512 -20.588545 61.362812 10.268780 18.372806 5.319097 -3.846789 12.018708 -4.170328 1.009082 -3.754632 -7.317932 0.381483 -0.024573 -75.064151 -1.692829 33.578997 2.256495 -3.571787 13.177585 -3.100949 4.582915 -2.530092 3.477467 -2.481327 3.304194 0.191462 5.949215 -6.226486 4.610819 -0.000000 -0.000000 0.000000 -1.837793 -23.676312 6.479096 3.555517 29.125910 0.076175 -2.812324 -3.326575 -13.793174 -0.000000 0.000000 -0.000000
-16.915296 95.119687 77.255913 6.074138 5.356452 -0.822491 0.837242 1.558644 0.603452 0.342999 -5.132460 0.266412 0.341617 0.687868 0.301234 0.278930 6.352709 0.226946 -4.764232 15.013195 1.214201 -9.371019 -7.901675 4.054256 -0.776906 -0.966430 6.695581 21.743862 -21.536300 60.803628 10.779731 17.757170 5.521727 -3.886995 11.733210 -4.176857 1.058066 -3.834476 -7.320861 0.898581 0.763953 -75.060247 -1.310664 33.707462 2.459752 -3.496362 13.254810 -3.228566 4.592483 -2.048254 3.634560 -2.697981 3.299433 0.204715 6.112405 -6.559586 4.175290 0.000000 -0.000000 -0.000000 -1.378264 -23.703637 6.195601 3.015364 25.782760 -0.042883 -3.087761 -2.810870 -13.492555 0.011631 0.565169 -0.788564
-16.851906 95.063628 78.063996 6.286862 5.396013 -0.901844 0.935357 1.589120 0.557827 0.388823 -5.118889 0.245657 0.387272 0.701409 0.285130 0.311942 6.362882 0.214741 -4.889462 15.184366 1.232934 -9.599171 -7.572772 4.120144 -0.825409 -0.867529 6.603295 21.837886 -22.459371 60.305157 11.278591 17.130765 5.714009 -3.907053 11.344531 -4.115016 1.112549 -3.905337 -7.328208 1.350862 1.529665 -75.027279 -1.006385 33.871951 2.628857 -3.366672 13.438260 -3.331791 4.562165 -1.551315 3.788337 -2.894710 3.279414 0.217492 6.276083 -6.902494 3.809216 0.000000 -0.000000 -0.000000 -0.865357 -23.622691 5.869322 2.343544 22.366821 -0.224124 -3.331888 -2.062826 -13.207534 0.014477 0.279632 -0.396239
-16.772273 94.999657 78.887803 6.475679 5.447780 -0.985892 1.028828 1.610497 0.511314 0.432641 -5.109389 0.224531 0.430928 0.710878 0.268453 0.343415 6.369996 0.202104 -5.013272 15.338376 1.257649 -9.827607 -7.274957 4.197499 -0.890175 -0.798967 6.520565 22.020446 -23.260379 59.826589 11.710528 16.501202 5.855662 -3.915947 10.979195 -4.108709 1.170229 -3.965358 -7.337474 1.824391 2.257186 -74.962632 -0.790191 34.067426 2.739291 -3.265163 13.574806 -3.398805 4.583126 -1.078214 3.937396 -3.109922 3.294223 0.229738 6.402355 -7.260492 3.496431 0.000000 -0.000000 0.000000 -0.461842 -23.499625 5.599897 1.709104 19.086961 -0.416682 -3.550035 -1.304563 -12.996499 -0.000000 0.000000 -0.000000
-16.680576 94.927011 79.729008 6.638877 5.517836 -1.074637 1.114967 1.617655 0.460901 0.473405 -5.106243 0.201721 0.471538 0.713991 0.249781 0.372457 6.372340 0.187967 -5.130487 15.472051 1.291473 -10.048201 -7.014301 4.290710 -0.984351 -0.788724 6.453563 22.388457 -23.878971 59.351340 12.054515 15.830642 5.937780 -3.892173 10.629166 -4.224448 1.235208 -4.014576 -7.348648 2.369483 2.944286 -74.851026 -0.685813 34.327433 2.766869 -3.230741 13.608845 -3.414267 4.678516 -0.643901 4.084705 -3.353729 3.357949 0.239115 6.478142 -7.636954 3.234287 0.000000 -0.000000 0.000000 -0.194036 -23.344394 5.425705 1.118300 15.959819 -0.642042 -3.770262 -0.575860 -12.874745 -0.000000 0.000000 -0.000000
-16.572636 94.846453 80.585938 6.778093 5.600031 -1.168033 1.196383 1.615686 0.409376 0.512130 -5.107177 0.178455 0.510113 0.713024 0.230446 0.399924 6.371619 0.173335 -5.246599 15.588548 1.330700 -10.269714 -6.784782 4.394669 -1.094971 -0.808948 6.395459 22.843222 -24.375908 58.897568 12.335546 15.162246 5.972325 -3.853283 10.304928 -4.392725 1.303472 -4.053004 -7.361399 2.936969 3.590969 -74.709532 -0.668715 34.622636 2.733966 -3.228696 13.595645 -3.398844 4.824866 -0.233939 4.227534 -3.616068 3.456548 0.248398 6.516699 -8.029369 3.027021 -0.000000 -0.000000 -0.000000 -0.035308 -23.149800 5.308387 0.571914 12.967215 -0.863691 -3.955481 0.161942 -12.824560 0.000000 0.000000 -0.000000
-16.440494 94.757988 81.455569 6.887508 5.683196 -1.265914 1.272159 1.615000 0.363786 0.548055 -5.107547 0.157853 0.545899 0.712620 0.213491 0.425479 6.371318 0.160501 -5.356472 15.683702 1.362306 -10.478142 -6.595783 4.483729 -1.199265 -0.828674 6.345861 23.274480 -24.834575 58.473309 12.570722 14.626658 5.953884 -3.861373 10.162480 -4.525829 1.360586 -4.078695 -7.372624 3.462289 4.186698 -74.585346 -0.678498 34.852844 2.684039 -3.233401 13.549818 -3.399324 5.042983 0.156232 4.356761 -3.904917 3.597910 0.265650 6.519318 -8.433990 2.869200 0.000000 -0.000000 -0.000000 -0.067147 -22.958198 5.229491 0.211164 10.266399 -0.961725 -4.013818 0.802768 -12.842021 -0.000000 -0.000000 0.000000
-16.282117 94.660344 82.335209 6.967384 5.764559 -1.370083 1.342572 1.618928 0.325887 0.581218 -5.105861 0.140687 0.578936 0.714273 0.199692 0.449210 6.372559 0.150050 -5.456932 15.753511 1.383220 -10.666941 -6.455441 4.551655 -1.295892 -0.838378 6.303560 23.662451 -25.275135 58.085292 12.775823 14.300626 5.864471 -3.955514 10.323137 -4.583524 1.398749 -4.086930 -7.378376 3.932776 4.731796 -74.491923 -0.716497 34.960385 2.615170 -3.240875 13.454792 -3.434986 5.379548 0.520608 4.470814 -4.250796 3.789764 0.299241 6.470474 -8.856470 2.750511 0.000000 -0.000000 0.000000 -0.379456 -22.776004 5.190188 0.052561 7.860296 -0.863586 -3.812648 1.328985 -12.907896 0.000000 0.000000 -0.000000
-16.099537 94.554794 83.227551 7.017424 5.846762 -1.478868 1.407382 1.624029 0.293964 0.611597 -5.103648 0.126202 0.609202 0.716454 0.188291 0.471043 6.374196 0.141412 -5.551664 15.801895 1.396163 -10.843852 -6.355996 4.604654 -1.386132 -0.847885 6.269813 24.025435 -25.679182 57.730313 12.940238 14.109767 5.732266 -4.090863 10.665061 -4.598885 1.425914 -4.082315 -7.382271 4.358879 5.228524 -74.421538 -0.784783 35.003546 2.523549 -3.255824 13.327741 -3.487436 5.787340 0.864625 4.571562 -4.622516 4.024694 0.341723 6.385788 -9.291429 2.683153 0.000000 0.000000 -0.000000 -0.881104 -22.596166 5.187442 0.055188 5.747549 -0.647336 -3.481599 1.758054 -13.016317 0.000000 0.000000 0.000000
-15.890897 94.445156 84.137658 7.031003 5.926704 -1.586961 1.464947 1.630522 0.269944 0.638370 -5.100804 0.115262 0.635874 0.719268 0.180069 0.490422 6.376307 0.135175 -5.645887 15.836524 1.396853 -11.016457 -6.283193 4.635919 -1.450996 -0.855509 6.248009 24.310966 -26.072440 57.401546 13.041767 13.956451 5.622626 -4.206187 10.977902 -4.594772 1.451220 -4.076812 -7.392629 4.709143 5.671611 -74.391459 -0.824259 35.054324 2.451017 -3.263731 13.233756 -3.545162 6.146209 1.210766 4.654582 -4.935676 4.287892 0.376285 6.313375 -9.718257 2.694456 0.000000 0.000000 -0.000000 -1.382439 -22.440921 5.196743 0.272796 4.077240 -0.441326 -3.322436 2.035205 -13.192224 0.000000 -0.000000 0.000000
-15.657852 94.330407 85.060663 7.012435 6.007495 -1.698642 1.512536 1.640582 0.260116 0.660011 -5.096339 0.110675 0.657437 0.723708 0.177679 0.506410 6.379641 0.133343 -5.740580 15.855345 1.379887 -11.184855 -6.241404 4.636048 -1.478852 -0.855715 6.237811 24.488549 -26.485708 57.085114 13.078071 13.807129 5.570182 -4.293688 11.225388 -4.577342 1.473227 -4.073158 -7.414848 4.961845 6.055899 -74.414707 -0.806133 35.121573 2.411497 -3.261876 13.192161 -3.607960 6.419728 1.559615 4.728518 -5.168270 4.570165 0.392217 6.255481 -10.128182 2.803488 0.002807 0.047320 0.319324 -1.909113 -22.325888 5.251343 0.897128 2.899125 -0.303504 -3.496841 2.023533 -13.540360 0.000000 0.000000 -0.000000
-15.398746 94.211571 86.001433 6.957395 6.085825 -1.809778 1.552938 1.652024 0.258216 0.678070 -5.091238 0.109645 0.675432 0.728788 0.178482 0.519963 6.383458 0.133924 -5.835025 15.860234 1.350590 -11.349528 -6.226748 4.614596 -1.481242 -0.854395 6.239424 24.587835 -26.889592 56.798539 13.052794 13.694998 5.543005 -4.363199 11.442898 -4.542761 1.493316 -4.068549 -7.443529 5.136277 6.388551 -74.482404 -0.759271 35.195466 2.391615 -3.251987 13.183341 -3.675001 6.643918 1.911619 4.783321 -5.342639 4.880700 0.398087 6.210862 -10.529490 2.990880 0.007722 0.095290 0.638531 -2.435654 -22.234860 5.318460 1.748002 2.157399 -0.196339 -3.839915 1.860146 -13.969636 -0.000000 0.000000 -0.000000
-15.106761 94.095540 86.979621 6.846393 6.148918 -1.902467 1.592741 1.658549 0.247348 0.696302 -5.088354 0.104631 0.693598 0.731650 0.175319 0.533345 6.385607 0.131514 -5.931768 15.864788 1.320754 -11.518293 -6.212486 4.592968 -1.473949 -0.866997 6.257017 24.646054 -27.219497 56.582438 12.952250 13.622080 5.504991 -4.384790 11.526683 -4.501300 1.524819 -4.066711 -7.470929 5.262833 6.682521 -74.578217 -0.709495 35.319412 2.394742 -3.225495 13.213487 -3.733136 6.806806 2.289991 4.785838 -5.441005 5.232144 0.404416 6.222732 -10.927146 3.224109 0.000000 0.000000 0.000000 -2.696715 -22.145852 5.275209 2.330822 1.844086 -0.104858 -4.171572 1.899146 -14.219455 -0.000000 0.000000 -0.000000
-14.781665 93.978579 88.005780 6.660924 6.190225 -1.987238 1.640328 1.658087 0.231571 0.718238 -5.088591 0.097423 0.715449 0.731385 0.170338 0.549355 6.385409 0.127731 -6.032501 15.871295 1.290407 -11.694132 -6.194252 4.571554 -1.459424 -0.907757 6.292882 24.665415 -27.456179 56.450141 12.762696 13.592063 5.442060 -4.325642 11.343590 -4.457395 1.584259 -4.074001 -7.490995 5.339115 6.958129 -74.720679 -0.656717 35.536209 2.443289 -3.172964 13.295189 -3.769006 6.877752 2.727126 4.733256 -5.449124 5.600058 0.411981 6.360958 -11.360391 3.532896 -0.050134 -0.241540 -2.557029 -2.512921 -22.082520 5.062381 2.398331 2.143985 -0.026404 -4.482737 2.209654 -14.176539 0.000000 0.000000 -0.000000
-14.423689 93.864424 89.069357 6.419611 6.216123 -2.053584 1.687282 1.652667 0.206875 0.740330 -5.091068 0.086258 0.737453 0.728879 0.161415 0.565182 6.383526 0.120975 -6.135534 15.877338 1.259369 -11.874029 -6.176735 4.549692 -1.435332 -0.962377 6.344823 24.641956 -27.619510 56.390491 12.498545 13.601712 5.368127 -4.221569 11.026087 -4.406300 1.655144 -4.084176 -7.509768 5.366850 7.194960 -74.892507 -0.599087 35.802740 2.515824 -3.103343 13.415301 -3.796131 6.885626 3.190729 4.625755 -5.380748 6.008422 0.416844 6.557687 -11.790349 3.883045 -0.116957 -0.634516 -6.070346 -2.064634 -22.021926 4.739695 2.206980 2.877521 0.043286 -4.780088 2.724662 -13.948780 -0.000000 -0.000000 0.000000
-14.026709 93.771172 90.158349 6.158736 6.233640 -2.052008 1.714941 1.642032 0.144292 0.755688 -5.096017 0.058280 0.752748 0.723911 0.134996 0.574659 6.379776 0.101026 -6.238264 15.889633 1.239005 -12.056583 -6.146394 4.546818 -1.410271 -1.003373 6.410313 24.603286 -27.703183 56.406761 12.188252 13.642487 5.288782 -4.144010 10.869336 -4.344289 1.701327 -4.082087 -7.537644 5.383857 7.344378 -75.022863 -0.561491 36.034160 2.548695 -3.036194 13.541510 -3.841888 6.906467 3.606836 4.435908 -5.259353 6.542533 0.423093 6.648764 -12.104385 4.149305 -0.129531 -1.323184 -8.612588 -1.627216 -21.874294 4.363036 2.012567 3.492036 0.124787 -4.909494 3.590589 -13.610866 0.000000 -0.000000 0.000000
-13.585149 93.699361 91.271091 5.856424 6.248562 -1.967796 1.725272 1.620164 0.031886 0.765766 -5.106154 0.008178 0.762778 0.713761 0.085917 0.578478 6.372109 0.063991 -6.337172 15.912501 1.232290 -12.235959 -6.095228 4.566702 -1.389859 -1.025237 6.495443 24.595975 -27.693261 56.482671 11.825717 13.686317 5.202985 -4.137132 11.077711 -4.256325 1.707995 -4.061039 -7.583143 5.473604 7.389094 -75.068045 -0.577638 36.237142 2.484137 -2.970866 13.675880 -3.903029 6.985985 3.973555 4.152457 -5.100936 7.185693 0.436209 6.580555 -12.289869 4.271836 -0.055747 -2.323223 -9.223985 -1.284657 -21.590372 3.960490 2.015516 3.715203 0.246231 -4.845301 5.237351 -13.206216 -0.000000 -0.000000 0.000000
-13.104584 93.648453 92.409247 5.534607 6.256231 -1.815588 1.716458 1.592319 -0.118235 0.769156 -5.119081 -0.058664 0.766143 0.700828 0.019420 0.575982 6.362330 0.013823 -6.435810 15.941844 1.235907 -12.417924 -6.030856 4.604847 -1.368491 -1.033059 6.594089 24.573997 -27.602908 56.633568 11.416807 13.760412 5.110375 -4.155364 11.448099 -4.161916 1.690082 -4.027890 -7.637945 5.552901 7.346280 -75.071387 -0.617223 36.405183 2.377188 -2.908969 13.816252 -3.983636 7.076096 4.292163 3.787188 -4.887972 7.954120 0.451380 6.403585 -12.359070 4.317446 0.070609 -3.610292 -8.864111 -0.957001 -21.219661 3.504967 2.012400 3.818696 0.378817 -4.592684 7.230648 -12.688737 -0.000000 0.000000 0.000000
-12.595623 93.634926 93.565808 5.295239 6.248106 -1.589850 1.664101 1.575119 -0.299149 0.754669 -5.127348 -0.139136 0.751712 0.692581 -0.062524 0.558972 6.356042 -0.047986 -6.542170 15.971954 1.251862 -12.618456 -5.962680 4.668367 -1.337688 -1.015501 6.685168 24.426689 -27.465331 56.909410 11.007455 13.938607 5.016121 -4.134757 11.664034 -4.106120 1.656045 -3.987682 -7.687191 5.409923 7.219875 -75.091493 -0.610289 36.434002 2.333080 -2.874998 13.924120 -4.121847 7.113474 4.493738 3.349749 -4.592612 8.982465 0.460775 6.109967 -12.235941 4.355188 0.224709 -5.265595 -8.485694 -0.674467 -20.821695 2.970408 1.650261 4.067129 0.459144 -4.060201 8.418593 -12.016194 0.000000 -0.000000 0.000000
-12.047994 93.664916 94.754929 5.203808 6.213249 -1.235227 1.540703 1.576662 -0.537625 0.711398 -5.127341 -0.245115 0.708622 0.692645 -0.172895 0.518324 6.355955 -0.131227 -6.659251 16.002518 1.289733 -12.846489 -5.889716 4.776043 -1.292011 -0.950640 6.769524 24.122458 -27.301017 57.325715 10.603633 14.231741 4.922430 -4.042172 11.562702 -4.095302 1.602391 -3.930060 -7.734211 4.927157 7.028295 -75.134089 -0.525953 36.241084 2.402820 -2.896618 13.971321 -4.390088 7.093623 4.604025 2.825666 -4.160692 10.289369 0.454546 5.579245 -11.947624 4.297554 0.402859 -7.346323 -8.284027 -0.368855 -20.439465 2.269503 0.487240 4.648442 0.438206 -3.043535 8.166034 -11.120579 0.000000 0.000000 0.000000
-11.471968 93.732288 95.962455 5.194423 6.161816 -0.807063 1.373767 1.587698 -0.807272 0.650304 -5.122977 -0.364879 0.647786 0.697082 -0.298860 0.463191 6.359136 -0.226221 -6.784066 16.034398 1.339882 -13.092994 -5.811742 4.908798 -1.236457 -0.860625 6.845799 23.696743 -27.083754 57.863615 10.196709 14.627175 4.819350 -3.908792 11.306177 -4.115542 1.532701 -3.865206 -7.775988 4.222192 6.755008 -75.186784 -0.393677 35.909637 2.536662 -2.949849 13.984250 -4.715387 7.025366 4.597397 2.230816 -3.642053 11.855447 0.458208 4.927520 -11.466308 4.244075 0.601586 -9.796500 -8.066309 -0.112924 -20.027448 1.492423 -1.034995 5.380051 0.356213 -1.784021 7.108096 -10.095827 0.000000 0.000000 -0.000000
-10.908961 93.835117 97.138912 5.172288 6.116965 -0.465758 1.221144 1.600279 -1.021417 0.592890 -5.117610 -0.459926 0.590613 0.702512 -0.399736 0.412700 6.363102 -0.302287 -6.915580 16.063167 1.375798 -13.347081 -5.740234 5.017652 -1.178465 -0.800690 6.889970 23.140903 -26.775017 58.519663 9.809292 15.162983 4.690974 -3.767682 11.064120 -4.178845 1.465793 -3.828612 -7.787539 3.436611 6.349264 -75.279630 -0.232659 35.584392 2.689683 -2.979369 14.007908 -4.917896 6.870842 4.325644 1.621423 -3.160163 13.757435 0.513170 4.524858 -10.632658 4.526928 0.836756 -12.530625 -8.211311 -0.144923 -19.520588 0.875726 -1.941229 5.969905 0.297651 -0.860728 6.000831 -9.141105 -0.000000 -0.000000 0.000000
-10.373547 93.984321 98.251184 5.112031 6.085466 -0.278966 1.104438 1.622550 -1.143838 0.547012 -5.107698 -0.514184 0.544930 0.712469 -0.458650 0.374000 6.370522 -0.346707 -7.061308 16.080831 1.388607 -13.620327 -5.690282 5.089819 -1.108093 -0.790852 6.870581 22.373079 -26.387051 59.348976 9.441746 15.895057 4.512588 -3.631896 10.897050 -4.327540 1.406208 -3.847698 -7.759867 2.609042 5.769348 -75.434142 -0.014029 35.311588 2.881627 -2.945099 14.096109 -4.894294 6.613489 3.714672 1.014600 -2.794559 16.051621 0.624723 4.607902 -9.378271 5.297007 1.185148 -15.689488 -8.933213 -0.826472 -18.932851 0.572260 -1.558197 6.387195 0.323977 -0.541170 5.036319 -8.317971 -0.000000 0.000000 -0.000000
-9.851154 94.168983 99.332386 5.039368 6.060604 -0.178973 1.001833 1.647996 -1.210681 0.504708 -5.096253 -0.543686 0.502806 0.723954 -0.492447 0.339868 6.379123 -0.372179 -7.213686 16.094682 1.387583 -13.901284 -5.648123 5.139002 -1.035630 -0.811583 6.819570 21.485206 -25.896803 60.286291 9.084858 16.763862 4.294266 -3.488703 10.742033 -4.520708 1.349165 -3.894541 -7.701110 1.705060 5.050855 -75.618906 0.234932 35.046562 3.092892 -2.882111 14.199062 -4.748892 6.280549 2.834559 0.399990 -2.447657 18.681163 0.777347 5.011279 -7.777291 6.371638 1.659233 -19.123557 -10.064863 -1.785720 -18.257742 0.412593 -0.558964 6.650112 0.371881 -0.558243 4.025664 -7.543756 0.000000 -0.000000 -0.000000
-9.339477 94.354423 100.432393 4.936534 6.046237 -0.122982 0.906111 1.647653 -1.243477 0.463733 -5.096207 -0.557975 0.461990 0.724035 -0.510896 0.307868 6.379194 -0.386056 -7.349169 16.122645 1.373115 -14.144681 -5.583335 5.155538 -0.999092 -0.858504 6.808575 20.728742 -25.221576 61.144200 8.749544 17.636081 4.078970 -3.334482 10.585813 -4.649368 1.299401 -3.921432 -7.612039 0.756752 4.257461 -75.787369 0.410310 34.796486 3.221409 -2.845546 14.206989 -4.612199 5.900631 1.751640 -0.205828 -1.973157 21.551391 0.982157 5.512639 -5.882890 7.574882 2.165874 -22.316863 -11.392758 -2.165997 -17.403193 0.159200 0.010206 6.547907 0.360878 -0.664404 3.151751 -6.792270 -0.000000 0.000000 0.000000
-8.836993 94.540211 101.596404 4.778511 6.039788 -0.114595 0.826891 1.599976 -1.238231 0.428110 -5.117178 -0.555291 0.426487 0.703091 -0.511829 0.281158 6.363513 -0.386694 -7.462318 16.185033 1.333272 -14.334251 -5.460723 5.113000 -1.034969 -0.954095 6.875414 20.209565 -24.268159 61.861255 8.431391 18.479523 3.876854 -3.168044 10.392627 -4.654358 1.262878 -3.914027 -7.480964 -0.234767 3.430996 -75.950636 0.508742 34.584770 3.259649 -2.877822 14.025899 -4.510481 5.406107 0.478739 -0.792282 -1.259814 24.669468 1.243106 6.269816 -3.505032 8.900355 2.731476 -25.431837 -13.013904 -1.348791 -16.224187 -0.313803 -0.458305 5.852589 0.261313 -0.829590 2.523028 -6.030435 0.000000 -0.000000 -0.000000
-8.345227 94.726778 102.779219 4.590355 6.043593 -0.150251 0.754545 1.527101 -1.198480 0.393803 -5.149328 -0.537223 0.392291 0.670966 -0.497243 0.256595 6.339465 -0.375614 -7.558902 16.260902 1.279163 -14.486809 -5.316946 5.036629 -1.107053 -1.074963 6.982963 19.823251 -23.138695 62.489811 8.133310 19.327397 3.679511 -2.989667 10.202880 -4.595210 1.233326 -3.886015 -7.320139 -1.266948 2.525842 -76.092633 0.533610 34.385314 3.218885 -2.930986 13.748740 -4.409582 4.867382 -0.999378 -1.357338 -0.389431 28.023331 1.584159 7.176191 -0.844981 10.364433 3.303967 -28.309575 -14.823056 0.025218 -14.850582 -0.834582 -1.361274 4.803154 0.130780 -1.081949 2.031519 -5.291770 0.000000 -0.000000 0.000000
-7.866447 94.880726 103.895116 4.429351 6.069197 -0.176478 0.653163 1.465010 -1.157137 0.346548 -5.176619 -0.518383 0.345207 0.643706 -0.483201 0.222331 6.319075 -0.364941 -7.632020 16.306781 1.246032 -14.606273 -5.228434 4.994696 -1.143928 -1.147852 7.089997 19.498455 -22.052013 63.020792 7.884208 20.148245 3.512584 -2.799794 10.118713 -4.543630 1.197554 -3.831924 -7.166834 -2.310072 1.481074 -76.123710 0.392854 34.126524 3.032853 -2.930398 13.544375 -4.353385 4.519921 -2.654541 -1.908811 0.499303 31.489111 2.072239 7.554615 1.482929 11.829274 3.514685 -29.999365 -16.145616 0.932834 -13.616701 -1.217888 -1.929639 3.895390 0.012553 -1.257891 1.531836 -4.656726 -0.000000 0.000000 0.000000
-7.395495 94.983901 104.904011 4.310138 6.130425 -0.167564 0.508511 1.423982 -1.127734 0.280691 -5.194472 -0.504779 0.279605 0.625892 -0.476283 0.173648 6.305773 -0.359640 -7.673866 16.297778 1.252808 -14.687122 -5.239430 5.022662 -1.109578 -1.127382 7.185063 19.263949 -21.084543 63.401042 7.711871 20.943850 3.398990 -2.608036 10.248337 -4.500418 1.152859 -3.758664 -7.024856 -3.318249 0.280408 -76.017379 0.026733 33.782771 2.664842 -2.832009 13.533417 -4.359183 4.518009 -4.540789 -2.495539 1.520463 35.142114 2.895403 6.832078 3.339871 13.427392 3.111686 -30.113411 -16.714042 0.921666 -12.674610 -1.404592 -1.792049 3.316102 -0.109764 -1.280835 0.958355 -4.172150 0.000000 -0.000000 0.000000
-6.937529 95.054457 105.845988 4.218095 6.213599 -0.149341 0.334934 1.393591 -1.096680 0.201924 -5.207547 -0.490378 0.201150 0.612849 -0.469878 0.115290 6.296056 -0.354721 -7.691742 16.259533 1.281751 -14.734129 -5.304085 5.087091 -1.039670 -1.058813 7.278367 19.081280 -20.164658 63.694236 7.592439 21.716667 3.321166 -2.410026 10.483357 -4.472125 1.102450 -3.659228 -6.891052 -4.343303 -1.050578 -75.782460 -0.495835 33.363784 2.173267 -2.688890 13.595653 -4.419690 4.715851 -6.596175 -3.092409 2.648635 38.895104 3.974478 5.559341 4.906203 15.047305 2.240933 -29.077003 -16.739380 0.463627 -11.882973 -1.493056 -1.319004 2.872216 -0.243590 -1.226121 0.374167 -3.793101 -0.000000 0.000000 0.000000
-6.510294 95.113465 106.755576 4.166579 6.289222 -0.145559 0.139528 1.378572 -1.056588 0.113053 -5.213766 -0.471900 0.112639 0.606655 -0.460422 0.049628 6.291485 -0.347500 -7.701313 16.224583 1.313350 -14.766359 -5.363227 5.153199 -0.969941 -1.005404 7.361187 18.782630 -19.285136 64.065141 7.478814 22.436103 3.245339 -2.185192 10.598141 -4.535701 1.042336 -3.508021 -6.792691 -5.509043 -2.501667 -75.373342 -1.070209 32.851196 1.640285 -2.571833 13.537010 -4.541313 4.890788 -8.618455 -3.599077 3.432392 42.405568 4.855120 4.647562 6.042217 16.150070 1.131809 -27.142060 -16.242283 -0.063630 -11.146827 -1.568019 -0.853582 2.486453 -0.348155 -1.157347 -0.173665 -3.461405 -0.000000 0.000000 0.000000
-6.119694 95.163614 107.638492 4.164374 6.349960 -0.154876 -0.083425 1.386308 -1.010853 0.011712 -5.209844 -0.450822 0.011711 0.610589 -0.449634 -0.025238 6.294517 -0.339268 -7.700832 16.195520 1.345551 -14.779676 -5.412552 5.216282 -0.911632 -0.977449 7.427821 18.336583 -18.464383 64.578273 7.347760 23.078681 3.142782 -1.907169 10.479801 -4.760695 0.967589 -3.284099 -6.745677 -6.898208 -4.070440 -74.719945 -1.712486 32.216874 1.052154 -2.495487 13.217489 -4.761837 4.918459 -10.563864 -3.960995 3.467595 45.682114 5.131330 4.348928 6.628062 16.401730 -0.162294 -23.946720 -15.035873 -0.632933 -10.447729 -1.651566 -0.457034 2.140259 -0.402049 -1.059661 -0.663675 -3.155530 -0.000000 -0.000000 -0.000000
-5.759824 95.202213 108.489019 4.202667 6.403133 -0.178470 -0.328174 1.409673 -0.956329 -0.099719 -5.198984 -0.425733 -0.099269 0.621440 -0.435857 -0.107412 6.302741 -0.328772 -7.692058 16.169849 1.380279 -14.778189 -5.456189 5.280766 -0.853424 -0.964904 7.484279 17.780538 -17.677597 65.163765 7.223733 23.667619 3.044856 -1.593814 10.239842 -5.068315 0.882670 -3.009584 -6.735843 -8.448756 -5.733522 -73.856895 -2.390850 31.478113 0.449772 -2.433281 12.770795 -5.028338 4.908779 -12.477341 -4.228196 2.937238 48.742761 4.949558 4.307634 6.758304 16.108919 -1.422188 -19.755997 -13.549795 -1.270445 -9.803375 -1.720946 -0.066519 1.852462 -0.423730 -0.945381 -1.117253 -2.897006 -0.000000 0.000000 -0.000000
-5.430711 95.242264 109.324530 4.268348 6.441224 -0.243831 -0.570433 1.432022 -0.875994 -0.211300 -5.188678 -0.389110 -0.210405 0.631714 -0.410560 -0.188833 6.310527 -0.309579 -7.696316 16.171962 1.403272 -14.793894 -5.448619 5.324426 -0.797250 -1.000643 7.540603 17.055597 -16.849804 65.776027 7.130259 24.242800 3.006392 -1.290326 9.989706 -5.309530 0.797502 -2.723725 -6.744891 -10.066743 -7.454640 -72.901806 -2.935366 30.701023 -0.020051 -2.393884 12.416078 -5.211740 4.981307 -14.292575 -4.449823 2.226865 51.279124 4.639667 4.503037 6.598148 15.668872 -2.356471 -15.813745 -12.502852 -1.681983 -9.171770 -1.783230 0.161121 1.604664 -0.423574 -0.918570 -1.550300 -2.690305 0.000000 -0.000000 -0.000000
-5.137808 95.290510 110.150644 4.362946 6.452444 -0.369115 -0.802288 1.450528 -0.761917 -0.319904 -5.180248 -0.337450 -0.318579 0.640093 -0.369925 -0.266874 6.316879 -0.278811 -7.724071 16.218948 1.408651 -14.842379 -5.357882 5.337782 -0.743318 -1.103581 7.608393 16.063652 -15.973698 66.413343 7.074892 24.827541 3.072544 -0.999506 9.752614 -5.443098 0.708051 -2.417562 -6.781259 -11.870678 -9.224671 -71.817436 -3.270442 29.851666 -0.318405 -2.418799 12.221070 -5.323154 5.113208 -15.991987 -4.615893 1.287961 53.195029 4.172182 5.151970 6.113475 15.115077 -3.032383 -12.362632 -12.005333 -1.697170 -8.524083 -1.837961 0.132810 1.384835 -0.396076 -1.052503 -1.964496 -2.556020 -0.000000 -0.000000 -0.000000
-4.875661 95.340208 110.961743 4.484960 6.448920 -0.536207 -1.031661 1.468699 -0.622234 -0.428655 -5.172139 -0.274358 -0.426905 0.648131 -0.317874 -0.344165 6.322954 -0.239427 -7.765373 16.293288 1.401520 -14.908802 -5.216776 5.329096 -0.691299 -1.254813 7.677139 14.906377 -15.051124 67.062962 7.050015 25.403580 3.199206 -0.718055 9.508105 -5.507899 0.617678 -2.100658 -6.836469 -13.760311 -11.038919 -70.623056 -3.469977 28.980327 -0.492595 -2.472992 12.120436 -5.359005 5.320057 -17.593201 -4.743888 0.156157 54.583578 3.578096 6.057064 5.344834 14.418708 -3.528151 -9.208281 -11.755459 -1.485871 -7.889151 -1.875681 -0.057120 1.206854 -0.341286 -1.272831 -2.357449 -2.471330 0.000000 -0.000000 -0.000000
-4.627937 95.384120 111.758351 4.616635 6.458948 -0.718166 -1.258026 1.479409 -0.463823 -0.536995 -5.167535 -0.202926 -0.534821 0.652642 -0.257441 -0.420520 6.326359 -0.193716 -7.810963 16.367275 1.384161 -14.979629 -5.077255 5.302963 -0.642191 -1.430593 7.723889 13.823031 -14.026587 67.663896 7.057687 25.948057 3.308345 -0.490421 9.301743 -5.480835 0.548138 -1.839090 -6.865152 -15.293635 -12.908173 -69.561953 -3.606638 28.289679 -0.555551 -2.457486 12.146721 -5.181651 5.789018 -19.081661 -4.937810 -0.475302 55.436077 3.498450 6.582199 4.576775 13.883693 -3.792787 -6.991706 -11.692001 -1.264543 -7.311110 -1.890566 -0.284630 1.091559 -0.277664 -1.462670 -2.738916 -2.375901 0.000000 -0.000000 0.000000
-4.391145 95.421837 112.538470 4.763971 6.493617 -0.913392 -1.483741 1.477489 -0.281270 -0.646228 -5.168772 -0.120756 -0.643624 0.651291 -0.186360 -0.496738 6.325333 -0.139973 -7.861973 16.439777 1.351500 -15.055330 -4.941992 5.250547 -0.601233 -1.637063 7.730599 12.876856 -12.850921 68.212430 7.128366 26.436542 3.380813 -0.345831 9.107445 -5.336345 0.513222 -1.665553 -6.848965 -16.260219 -14.896276 -68.770267 -3.669027 27.939335 -0.482815 -2.294170 12.411042 -4.660634 6.674855 -20.451122 -5.267485 -0.009946 55.705841 4.517503 6.370575 3.909480 13.660356 -3.812591 -6.177348 -11.894497 -1.051352 -6.810248 -1.883276 -0.552344 1.052408 -0.205136 -1.602596 -3.102764 -2.248178 -0.000000 -0.000000 0.000000
-4.168776 95.453768 113.304098 4.920795 6.542056 -1.123368 -1.706461 1.468253 -0.079755 -0.755048 -5.173495 -0.030165 -0.752010 0.646434 -0.106815 -0.572003 6.321637 -0.079849 -7.917435 16.511619 1.308659 -15.135862 -4.808853 5.180926 -0.562464 -1.868556 7.715668 12.004018 -11.578121 68.710544 7.234921 26.893153 3.441612 -0.259997 8.951551 -5.103510 0.499841 -1.546410 -6.804390 -16.843777 -16.982818 -68.164575 -3.693140 27.779896 -0.336369 -2.070205 12.823286 -3.939186 7.836301 -21.703307 -5.687488 0.962691 55.409438 6.099559 5.762609 3.246299 13.573409 -3.637529 -6.298822 -12.271602 -0.827548 -6.366915 -1.854194 -0.856754 1.076240 -0.122682 -1.711432 -3.455513 -2.110747 -0.000000 0.000000 -0.000000
-3.954965 95.473911 114.061752 5.051023 6.599200 -1.325757 -1.918522 1.460045 0.118082 -0.858941 -5.177922 0.058749 -0.855487 0.641859 -0.028448 -0.643674 6.318119 -0.020620 -7.964426 16.558326 1.273822 -15.206079 -4.721999 5.126478 -0.510430 -2.083438 7.710265 11.247886 -10.313921 69.118744 7.293128 27.364794 3.476637 -0.200535 8.956882 -4.846194 0.489917 -1.447752 -6.737987 -17.180120 -19.070977 -67.680723 -3.821175 27.541025 -0.251441 -1.931566 13.111916 -3.285573 9.017837 -22.836741 -6.123645 1.406101 54.683188 7.246836 5.160999 2.568786 13.446002 -3.327260 -6.608724 -12.521838 -0.754309 -5.963285 -1.803529 -1.065138 1.143250 -0.050569 -1.730047 -3.826231 -1.971505 -0.000000 -0.000000 -0.000000
-3.749824 95.480977 114.812238 5.151251 6.662720 -1.523391 -2.119089 1.457612 0.312371 -0.957548 -5.179927 0.146063 -0.953703 0.639695 0.048857 -0.711480 6.316379 0.037804 -7.999403 16.565810 1.253891 -15.263162 -4.706892 5.100539 -0.430901 -2.262984 7.727009 10.644760 -9.072273 69.409015 7.293089 27.873917 3.481925 -0.168591 9.262765 -4.574311 0.474474 -1.364752 -6.642012 -17.174487 -21.183475 -67.377555 -4.099607 27.167394 -0.259935 -1.928776 13.153704 -2.774388 10.257854 -23.847994 -6.590988 0.911881 53.593159 7.666097 4.649671 1.829968 13.216391 -2.860224 -7.039740 -12.495435 -0.932397 -5.600527 -1.715393 -1.114722 1.258781 0.001242 -1.617981 -4.227351 -1.836489 -0.000000 0.000000 -0.000000
-3.553242 95.476253 115.554750 5.224817 6.734617 -1.713487 -2.308874 1.456130 0.503034 -1.051184 -5.181635 0.231728 -1.046966 0.637822 0.125018 -0.775659 6.314830 0.095359 -8.025301 16.548457 1.242615 -15.308919 -4.737497 5.090713 -0.338459 -2.425506 7.752716 10.149302 -7.845554 69.623124 7.242856 28.396050 3.457424 -0.169076 9.730074 -4.288464 0.462834 -1.301748 -6.523859 -16.891704 -23.304216 -67.237493 -4.474953 26.705528 -0.320444 -2.010361 13.063301 -2.321869 11.515208 -24.739710 -7.066030 -0.080195 52.107020 7.660322 4.155380 1.074022 12.950413 -2.288809 -7.674832 -12.323980 -1.260797 -5.274780 -1.609579 -1.068418 1.416818 0.039362 -1.415642 -4.647014 -1.702698 0.000000 -0.000000 -0.000000
-3.359022 95.457603 116.293390 5.245848 6.815879 -1.865406 -2.482553 1.449318 0.667105 -1.136358 -5.185693 0.305449 -1.131797 0.633599 0.190093 -0.834351 6.311515 0.144537 -8.038770 16.524764 1.238486 -15.334815 -4.780255 5.090743 -0.261401 -2.584846 7.779858 9.682585 -6.706172 69.828901 7.083478 28.905947 3.391245 -0.172160 10.062827 -4.033497 0.464119 -1.238928 -6.413435 -16.735893 -25.270514 -67.043785 -4.920862 26.031279 -0.429086 -2.161720 12.916031 -1.953703 12.401852 -25.529519 -7.392154 -1.213048 50.258103 7.232020 3.855394 0.412700 12.693964 -1.785388 -7.997841 -12.103794 -1.598802 -4.960871 -1.540458 -0.982495 1.580256 0.067646 -1.185583 -5.077790 -1.564264 0.000000 -0.000000 -0.000000
-3.162588 95.423803 117.024397 5.199423 6.910800 -1.971474 -2.638396 1.434518 0.798653 -1.212003 -5.193208 0.364555 -1.207126 0.625928 0.241522 -0.886949 6.305625 0.183399 -8.034768 16.497578 1.243539 -15.331930 -4.830204 5.102299 -0.206698 -2.742100 7.805850 9.242179 -5.674517 70.045585 6.784011 29.403003 3.275535 -0.153884 10.058277 -3.855212 0.485657 -1.168891 -6.322433 -16.855426 -27.032440 -66.710385 -5.452996 25.002117 -0.593628 -2.419988 12.695778 -1.710476 12.755845 -26.246152 -7.493531 -2.534294 48.041201 6.271072 3.900206 -0.105153 12.447349 -1.442771 -7.936481 -12.211665 -1.933709 -4.660940 -1.525265 -0.856862 1.740122 0.090918 -0.928263 -5.519659 -1.415466 -0.000000 -0.000000 -0.000000
-2.968516 95.376075 117.751532 5.100547 7.014728 -2.039624 -2.778197 1.413905 0.903741 -1.279211 -5.203208 0.411764 -1.274043 0.615780 0.281910 -0.934073 6.297894 0.213913 -8.018264 16.464331 1.255798 -15.309003 -4.891790 5.123689 -0.167557 -2.896367 7.833592 8.830566 -4.729270 70.257810 6.373896 29.883977 3.114550 -0.130973 9.917725 -3.697147 0.520087 -1.099090 -6.239248 -17.121168 -28.638223 -66.301180 -6.034538 23.755485 -0.769051 -2.739992 12.408483 -1.547409 12.722115 -26.867769 -7.415470 -3.802144 45.437415 5.082082 4.140419 -0.534080 12.244606 -1.143988 -7.555630 -12.267582 -2.279901 -4.374218 -1.547192 -0.691872 1.905082 0.103253 -0.643280 -5.972864 -1.262893 0.000000 0.000000 -0.000000
-2.784336 95.315954 118.490175 4.968357 7.115255 -2.062623 -2.902037 1.388157 0.977366 -1.337779 -5.215329 0.444844 -1.332347 0.603524 0.309046 -0.975739 6.288607 0.234412 -8.001210 16.435270 1.267452 -15.284417 -4.945800 5.143210 -0.151610 -3.058748 7.864193 8.379722 -3.878012 70.476617 5.886472 30.319595 2.916133 -0.137652 9.952735 -3.451507 0.554352 -1.032275 -6.158997 -17.545345 -30.071532 -65.794907 -6.570121 22.592821 -0.883362 -2.986268 12.168889 -1.365324 12.369254 -27.339100 -7.176497 -4.310229 42.479785 4.209649 4.290146 -0.913667 12.167926 -0.811418 -6.560743 -11.207540 -2.538023 -4.073119 -1.608585 -0.544704 2.064746 0.094185 -0.392068 -6.430052 -1.117210 0.000000 0.000000 0.000000
-2.611753 95.241511 119.241093 4.796387 7.216819 -2.032619 -3.004962 1.351932 1.013047 -1.385178 -5.231864 0.460854 -1.379514 0.586875 0.320246 -1.010259 6.276067 0.242864 -7.986655 16.416241 1.276128 -15.262414 -4.981421 5.156779 -0.172433 -3.242895 7.898776 7.842085 -3.135339 70.719600 5.300687 30.708944 2.665953 -0.228056 10.409949 -3.019797 0.588207 -0.967499 -6.079695 -18.206736 -31.302767 -65.143914 -7.050718 21.587468 -0.927643 -3.112337 12.005375 -1.107827 11.649686 -27.655481 -6.765698 -3.686159 39.153709 3.857873 4.207213 -1.275079 12.218237 -0.463596 -4.448594 -7.861476 -2.657490 -3.753470 -1.717226 -0.440955 2.204308 0.058370 -0.192508 -6.886159 -0.973802 0.000000 -0.000000 -0.000000
-2.449062 95.154674 120.003520 4.591336 7.315365 -1.957605 -3.091984 1.309866 1.017300 -1.423970 -5.250777 0.462744 -1.418098 0.567865 0.318199 -1.039344 6.261796 0.241303 -7.971664 16.401354 1.284079 -15.238939 -5.009545 5.168323 -0.216654 -3.435274 7.936736 7.265528 -2.484768 70.969570 4.639360 31.050316 2.376861 -0.358037 11.047653 -2.517039 0.621916 -0.905815 -6.003225 -19.035670 -32.353659 -64.388029 -7.499578 20.671696 -0.927891 -3.166115 11.895722 -0.832446 10.609685 -27.812388 -6.189936 -2.428580 35.495252 3.685930 4.012155 -1.583399 12.365608 -0.164474 -1.828363 -3.330671 -2.690769 -3.420302 -1.864986 -0.355869 2.338630 0.002035 -0.026928 -7.346074 -0.836185 0.000000 -0.000000 0.000000
-2.298681 95.062766 120.790539 4.392074 7.385760 -1.853795 -3.178178 1.277640 1.004406 -1.461593 -5.265205 0.457024 -1.455525 0.553342 0.308661 -1.068130 6.250909 0.234100 -7.959236 16.383116 1.290417 -15.220001 -5.043778 5.178199 -0.251450 -3.606174 7.976152 6.724965 -1.888619 71.185923 4.005299 31.316578 2.104804 -0.415456 11.441221 -2.148912 0.643197 -0.853019 -5.930405 -19.813998 -33.289471 -63.646880 -7.885022 19.938516 -0.894749 -3.158925 11.881696 -0.616022 9.466086 -27.755780 -5.507054 -1.184355 31.635773 3.367057 3.804222 -1.776059 12.630490 0.000000 0.000000 -0.000000 -2.692789 -3.059539 -2.030202 -0.271171 2.502013 -0.067345 0.096520 -7.817076 -0.726199 0.000000 0.000000 0.000000
-2.160220 94.970384 121.607595 4.201874 7.413054 -1.718428 -3.267918 1.265042 0.973649 -1.499988 -5.270793 0.443461 -1.493744 0.547654 0.291202 -1.098112 6.246672 0.220945 -7.948027 16.356467 1.295485 -15.203742 -5.093587 5.187242 -0.265695 -3.736243 8.016325 6.231876 -1.358983 71.356628 3.416694 31.491800 1.881640 -0.319849 11.355767 -2.016431 0.645734 -0.811361 -5.860635 -20.457846 -34.132507 -62.969421 -8.218695 19.469633 -0.833086 -3.074084 12.021172 -0.505785 8.219301 -27.434623 -4.692946 0.066666 27.508546 2.820869 3.597660 -1.876836 13.058743 0.005326 0.452713 0.855975 -2.655590 -2.654998 -2.215725 -0.195744 2.698202 -0.147948 0.167657 -8.292127 -0.655785 0.000000 0.000000 -0.000000
-2.034067 94.872932 122.449244 4.017376 7.412456 -1.553922 -3.356915 1.261889 0.925401 -1.537239 -5.272049 0.422151 -1.530833 0.546298 0.266112 -1.127826 6.245707 0.202043 -7.939337 16.326426 1.299042 -15.191963 -5.149575 5.194793 -0.270639 -3.844776 8.057204 5.773832 -0.885605 71.499454 2.860971 31.595499 1.685486 -0.138968 11.020595 -1.998446 0.635861 -0.778709 -5.794339 -21.040152 -34.864661 -62.321862 -8.499848 19.184875 -0.763080 -2.931577 12.252422 -0.461511 6.886935 -26.891108 -3.798342 1.365973 23.186412 2.148720 3.354903 -1.861138 13.604410 -0.011457 0.223126 0.429745 -2.588457 -2.222394 -2.418284 -0.121295 2.923616 -0.241338 0.196351 -8.777894 -0.611440 -0.000000 -0.000000 -0.000000
-1.923814 94.763939 123.312239 3.867452 7.403673 -1.384146 -3.447217 1.254230 0.875545 -1.574984 -5.275280 0.400094 -1.568408 0.542964 0.240224 -1.157965 6.243264 0.182533 -7.940120 16.300583 1.299325 -15.196151 -5.197148 5.198958 -0.266935 -3.960036 8.097559 5.389585 -0.399007 71.619228 2.396836 31.656187 1.498399 0.016019 10.703583 -1.960243 0.620244 -0.754360 -5.733811 -21.572901 -35.496812 -61.705702 -8.677664 18.932533 -0.720182 -2.795841 12.435075 -0.425871 5.707937 -26.224203 -2.988996 2.170548 18.995990 1.410509 3.112990 -1.590620 14.164032 -0.000000 0.000000 -0.000000 -2.570868 -1.795976 -2.607484 -0.003717 3.201564 -0.345871 0.204591 -9.302218 -0.577273 0.000000 -0.000000 -0.000000
-1.829467 94.639661 124.196255 3.768034 7.384543 -1.207207 -3.542782 1.241128 0.824770 -1.615011 -5.280911 0.377596 -1.608248 0.537220 0.213663 -1.189854 6.239016 0.162511 -7.952423 16.280492 1.293752 -15.219062 -5.233583 5.195491 -0.252904 -4.098594 8.137562 5.111553 0.142004 71.723514 2.050186 31.654532 1.307834 0.088808 10.464406 -1.840365 0.595244 -0.738217 -5.674856 -22.065174 -36.028765 -61.108654 -8.730554 18.663418 -0.732376 -2.661625 12.512431 -0.359115 4.796836 -25.393065 -2.340658 2.124319 14.842663 0.619378 2.887918 -0.855111 14.765405 -0.000000 -0.000000 0.000000 -2.641223 -1.378013 -2.777324 0.196760 3.536728 -0.471572 0.178038 -9.873451 -0.545066 -0.000000 0.000000 0.000000
-1.751019 94.503841 125.101618 3.703107 7.356908 -1.024978 -3.639566 1.223569 0.772372 -1.655496 -5.288491 0.354338 -1.648538 0.529523 0.186297 -1.222141 6.233309 0.141875 -7.974250 16.264488 1.284780 -15.258022 -5.261841 5.188475 -0.230239 -4.243940 8.176981 4.906840 0.695330 71.807906 1.799206 31.612436 1.134914 0.131996 10.242601 -1.704278 0.564456 -0.730570 -5.621517 -22.499523 -36.463946 -60.554314 -8.682747 18.425593 -0.778452 -2.531245 12.540207 -0.297047 4.037695 -24.450449 -1.776611 1.614707 10.790027 -0.125399 2.678546 0.148183 15.361920 0.000000 0.000000 0.000000 -2.760578 -0.966918 -2.934290 0.439246 3.924827 -0.608974 0.130661 -10.483110 -0.522443 0.000000 0.000000 -0.000000
-1.692041 94.361244 126.026064 3.653813 7.346267 -0.867097 -3.727537 1.190845 0.732378 -1.692627 -5.302872 0.336468 -1.685467 0.515033 0.164661 -1.251476 6.222493 0.125539 -8.006541 16.255343 1.278096 -15.316451 -5.275861 5.188331 -0.204620 -4.374777 8.214040 4.716155 1.205402 71.858037 1.628581 31.620459 1.009464 0.190458 10.125803 -1.614879 0.545390 -0.731441 -5.588422 -22.848451 -36.820043 -60.097661 -8.550028 18.213242 -0.814925 -2.478145 12.546204 -0.291759 3.312952 -23.640914 -1.216451 1.160967 7.406297 -0.674693 2.515408 0.935976 15.765579 0.000000 0.000000 0.000000 -2.890898 -0.591314 -3.066777 0.647542 4.375357 -0.727265 0.127487 -11.134048 -0.519347 0.000000 -0.000000 -0.000000
-1.651654 94.209142 126.965465 3.610798 7.369679 -0.737914 -3.799902 1.134143 0.706549 -1.723447 -5.327983 0.324678 -1.716079 0.489829 0.149744 -1.275566 6.203626 0.114234 -8.051831 16.258183 1.274453 -15.398769 -5.265786 5.196649 -0.173030 -4.480776 8.249444 4.516590 1.655456 71.856584 1.547661 31.742552 0.958879 0.285356 10.199697 -1.612346 0.548844 -0.742446 -5.583830 -23.119984 -37.114399 -59.753488 -8.301881 18.019747 -0.826012 -2.562317 12.533883 -0.411109 2.517904 -23.047619 -0.595167 0.856777 4.868621 -1.037684 2.404955 1.178064 15.993404 0.000000 -0.000000 0.000000 -3.046659 -0.270999 -3.183318 0.800502 4.889443 -0.810879 0.222870 -11.843822 -0.532483 0.000000 -0.000000 -0.000000
-1.630736 94.050262 127.923948 3.583573 7.409930 -0.633109 -3.863403 1.062607 0.693263 -1.750894 -5.359766 0.318325 -1.743308 0.457961 0.140606 -1.296682 6.179746 0.107265 -8.107693 16.267858 1.272891 -15.500695 -5.241544 5.211504 -0.138527 -4.572350 8.282107 4.330712 2.061518 71.823079 1.545550 31.916979 0.955147 0.394616 10.377757 -1.658467 0.564131 -0.762222 -5.599337 -23.299902 -37.334218 -59.514937 -7.969996 17.852565 -0.830444 -2.723497 12.497839 -0.586458 1.751914 -22.585803 0.032889 0.545253 3.010092 -1.272120 2.357077 1.191148 16.063397 0.000000 -0.000000 0.000000 -3.212006 0.014136 -3.274850 0.920172 5.465617 -0.875391 0.363745 -12.594970 -0.569083 0.000000 -0.000000 0.000000
-1.635502 93.897553 128.911628 3.581594 7.441142 -0.569292 -3.928397 0.992624 0.701475 -1.780030 -5.391034 0.321564 -1.772219 0.426604 0.140890 -1.318345 6.156220 0.107403 -8.167592 16.271779 1.276592 -15.612543 -5.226630 5.238189 -0.115848 -4.659343 8.307528 4.167700 2.417468 71.797584 1.575418 32.045198 0.943090 0.499904 10.489254 -1.697763 0.576547 -0.786348 -5.624611 -23.327276 -37.452632 -59.404182 -7.662700 17.727036 -0.834423 -2.855507 12.453616 -0.665607 1.200494 -22.248823 0.574248 0.337067 1.902423 -1.393033 2.412746 1.446114 15.806223 0.000000 -0.000000 0.000000 -3.302585 0.296424 -3.302580 0.995416 6.109315 -0.935263 0.453969 -13.337747 -0.653815 0.000000 -0.000000 -0.000000
-1.669340 93.747847 129.936900 3.612985 7.457193 -0.536201 -4.001390 0.924057 0.724439 -1.813422 -5.421810 0.331397 -1.805367 0.395722 0.147335 -1.342717 6.133032 0.112189 -8.229157 16.266667 1.288662 -15.731317 -5.226915 5.282083 -0.114644 -4.755549 8.321176 4.025314 2.747324 71.812198 1.642632 32.090364 0.895651 0.588227 10.446740 -1.725924 0.582555 -0.821018 -5.649450 -23.156149 -37.451722 -59.450511 -7.420845 17.650955 -0.830232 -2.904468 12.424361 -0.545709 0.912726 -22.083786 0.997619 0.245942 1.798636 -1.393738 2.679373 2.137997 15.090837 0.000000 -0.000000 -0.000000 -3.246935 0.606384 -3.262330 1.003307 6.796718 -0.995114 0.411194 -14.081249 -0.789228 0.000366 0.048712 -0.240561
-1.728862 93.604313 130.991369 3.669551 7.464163 -0.544082 -4.076082 0.857214 0.768763 -1.848571 -5.452012 0.350762 -1.840261 0.365407 0.163135 -1.367687 6.110236 0.124031 -8.294763 16.255816 1.305999 -15.860004 -5.236485 5.337854 -0.125156 -4.847304 8.327470 3.906237 3.027479 71.836059 1.742932 32.089572 0.841352 0.673449 10.337434 -1.747049 0.585798 -0.860080 -5.684060 -22.831450 -37.349537 -59.625566 -7.203582 17.616149 -0.824747 -2.925187 12.387049 -0.330088 0.832305 -22.050392 1.342864 0.234416 2.451851 -1.318968 3.015027 3.079932 14.050281 -0.000000 -0.000000 -0.000000 -3.114790 0.913729 -3.156454 0.966219 7.551768 -1.046647 0.316759 -14.816119 -0.968436 -0.000687 0.097837 -0.481038
-1.810117 93.489398 132.059960 3.736204 7.454584 -0.640319 -4.143810 0.809240 0.863342 -1.883015 -5.474263 0.392697 -1.874479 0.343042 0.201576 -1.390427 6.093329 0.152971 -8.364893 16.236469 1.322635 -15.997763 -5.261203 5.395027 -0.133033 -4.903225 8.335312 3.827155 3.180300 71.815407 1.814744 32.054577 0.807824 0.778194 10.252443 -1.717677 0.582320 -0.880648 -5.748859 -22.429434 -37.172694 -59.864171 -6.996405 17.613946 -0.845510 -2.974780 12.289311 -0.176219 0.987481 -22.014286 1.622173 0.345076 3.184789 -1.257511 3.097803 4.163079 12.906061 0.000000 0.000000 -0.000000 -3.032982 1.159726 -2.956865 0.940382 8.451643 -1.085419 0.319641 -15.464471 -1.203839 0.000000 -0.000000 -0.000000
-1.913537 93.406377 133.130626 3.814048 7.434187 -0.868307 -4.206555 0.786486 1.034810 -1.918907 -5.485990 0.469164 -1.910175 0.331195 0.274402 -1.411657 6.084186 0.207878 -8.438659 16.199788 1.335113 -16.142739 -5.317941 5.448209 -0.136668 -4.909055 8.348356 3.774969 3.160474 71.710382 1.848265 32.014623 0.819482 0.919578 10.255318 -1.599420 0.579841 -0.870976 -5.869129 -21.975221 -36.953092 -60.131514 -6.790611 17.638282 -0.912682 -3.094711 12.076873 -0.133319 1.543459 -21.972339 1.780530 0.580271 3.782221 -1.259877 2.781208 5.648303 11.730021 0.000000 0.000000 0.000000 -3.034878 1.325234 -2.642396 0.897527 9.515875 -1.098784 0.550364 -16.095112 -1.518821 0.030790 -0.101039 1.894735
-2.038691 93.351975 134.215415 3.902176 7.397714 -1.184687 -4.262548 0.782779 1.256440 -1.954210 -5.489708 0.568178 -1.945314 0.327356 0.369833 -1.430747 6.080957 0.279860 -8.516761 16.154458 1.347040 -16.296553 -5.390058 5.503133 -0.137876 -4.879038 8.362762 3.764220 3.013214 71.562565 1.852644 31.940138 0.851057 1.079998 10.281320 -1.430070 0.570520 -0.842917 -6.019704 -21.446889 -36.657363 -60.459193 -6.594398 17.695999 -1.004974 -3.244427 11.805592 -0.154241 2.334603 -21.933861 1.874165 0.939942 4.460337 -1.260145 2.197952 7.282440 10.473650 0.000000 0.000000 0.000000 -3.086846 1.429886 -2.235201 0.865968 10.724792 -1.101710 0.878274 -16.636827 -1.900429 0.084212 -0.367335 4.508590
-2.180327 93.338827 135.335391 3.982689 7.321023 -1.506746 -4.297517 0.796294 1.477096 -1.980185 -5.485732 0.666870 -1.971195 0.331242 0.465890 -1.442847 6.083506 0.352336 -8.602173 16.123980 1.362957 -16.463729 -5.433151 5.565852 -0.127509 -4.824453 8.376241 3.852611 2.797259 71.440180 1.794419 31.754508 0.854763 1.229541 10.229584 -1.281042 0.527051 -0.809108 -6.145431 -20.852206 -36.214117 -60.880179 -6.418741 17.797598 -1.087959 -3.356608 11.589642 -0.251197 2.894905 -21.780742 2.083597 1.467020 5.187333 -1.178224 1.497082 8.163924 9.157004 0.000000 -0.000000 0.000000 -3.216422 1.474583 -1.773602 0.984391 12.097176 -1.130768 1.054087 -16.803180 -2.297834 0.079911 -1.385432 6.478711
-2.347471 93.375029 136.506941 4.031022 7.185189 -1.836904 -4.298963 0.834190 1.696705 -1.991317 -5.470804 0.765247 -1.982338 0.346132 0.563137 -1.443814 6.094299 0.425747 -8.694560 16.112422 1.381969 -16.642838 -5.439835 5.633996 -0.089846 -4.734823 8.388373 4.083115 2.517175 71.358716 1.624857 31.383744 0.793391 1.384167 10.012708 -1.154153 0.420611 -0.769474 -6.227450 -20.139855 -35.607462 -61.416793 -6.269807 17.931645 -1.165821 -3.402950 11.480654 -0.456477 3.023710 -21.499974 2.528174 2.388651 6.068531 -0.945328 0.574393 7.705293 7.686857 -0.000000 -0.000000 -0.000000 -3.504737 1.505785 -1.261045 1.360306 13.603349 -1.193652 1.043833 -16.520374 -2.591800 -0.049483 -3.439948 7.040778
-2.531098 93.452483 137.713679 4.072570 7.008892 -2.172708 -4.279361 0.888789 1.915521 -1.993174 -5.448344 0.863370 -1.984276 0.368585 0.661071 -1.437833 6.110759 0.499703 -8.794451 16.115626 1.404840 -16.835534 -5.417543 5.709698 -0.040869 -4.620512 8.399932 4.413108 2.170127 71.299671 1.393999 30.901800 0.704100 1.526654 9.718288 -1.049967 0.279883 -0.724404 -6.284840 -19.375441 -34.848536 -62.033939 -6.140670 18.109530 -1.232144 -3.410739 11.430302 -0.736270 2.927081 -21.098545 3.085893 3.482030 6.995974 -0.630518 -0.403664 6.478819 6.150899 0.000000 -0.000000 0.000000 -3.874001 1.482424 -0.695286 1.880511 15.275577 -1.275713 0.868045 -15.865057 -2.883226 -0.261974 -6.226967 6.972722
-2.698889 93.559535 138.927508 4.163801 6.824432 -2.424423 -4.261966 0.935919 2.082864 -1.993594 -5.428745 0.938444 -1.984772 0.388182 0.736102 -1.432514 6.125160 0.556376 -8.906364 16.144845 1.438435 -17.051227 -5.343859 5.805356 -0.018635 -4.524219 8.410271 4.770278 1.803098 71.280820 1.215051 30.454332 0.648683 1.578864 9.509722 -1.037733 0.164072 -0.686832 -6.319233 -18.743357 -33.908560 -62.677450 -6.021993 18.373820 -1.235464 -3.396376 11.400954 -1.002851 2.750777 -20.486480 3.576560 4.109371 7.620783 -0.391619 -0.890551 5.318974 4.803426 -0.000000 -0.000000 0.000000 -4.116502 1.268446 -0.104141 2.348667 17.226093 -1.371325 0.335293 -14.780509 -3.429847 -0.529215 -9.427047 7.234733
-2.833103 93.707536 140.153230 4.332985 6.627745 -2.542358 -4.262093 0.969584 2.170097 -1.997964 -5.414519 0.977668 -1.989176 0.402393 0.774881 -1.432881 6.135657 0.585687 -9.028570 16.216078 1.489538 -17.287035 -5.188326 5.930295 -0.046028 -4.465682 8.425443 5.144722 1.432504 71.322696 1.089237 30.068932 0.622149 1.494194 9.445561 -1.175700 0.093518 -0.655700 -6.319041 -18.322043 -32.750397 -63.358690 -5.885365 18.729217 -1.111001 -3.375994 11.354485 -1.236549 2.507152 -19.551227 3.934546 3.791117 7.742165 -0.337092 -0.441327 4.516951 3.718798 -0.000000 -0.000000 0.000000 -4.152330 0.818658 0.493945 2.647224 19.494677 -1.468332 -0.762567 -13.189348 -4.252430 -0.920047 -13.184361 8.172445
-2.951479 93.885134 141.386043 4.550858 6.422779 -2.576971 -4.264272 0.995955 2.205830 -2.000768 -5.403109 0.993844 -1.992010 0.413793 0.790772 -1.433809 6.144139 0.597721 -9.162940 16.313395 1.551283 -17.545616 -4.980992 6.074592 -0.099858 -4.425364 8.439048 5.544600 1.039943 71.404251 1.013446 29.717888 0.626543 1.320660 9.469997 -1.403587 0.047905 -0.631690 -6.295637 -18.043006 -31.413503 -64.060151 -5.751775 19.165422 -0.915861 -3.335733 11.328490 -1.457732 2.186282 -18.404391 4.221662 3.004663 7.559356 -0.358010 0.489982 3.787933 2.794901 0.000000 -0.000000 -0.000000 -4.069020 0.169471 1.115508 2.883883 22.042617 -1.556817 -2.284237 -11.188203 -5.306147 -1.473850 -17.329381 9.538106
-3.074917 94.046611 142.583448 4.787132 6.254173 -2.588646 -4.245624 1.009172 2.225199 -1.993466 -5.397309 1.002562 -1.984762 0.419619 0.800232 -1.427660 6.148480 0.604878 -9.319345 16.400201 1.610054 -17.844727 -4.790086 6.221809 -0.148838 -4.387075 8.431681 5.924447 0.619466 71.482059 1.091756 29.463245 0.731678 1.122897 9.575107 -1.610824 0.025658 -0.629943 -6.284967 -17.861220 -29.986694 -64.689530 -5.687369 19.705974 -0.780254 -3.245857 11.395062 -1.637728 1.895916 -17.296664 4.456100 2.541620 7.332087 -0.316870 1.064646 3.103801 2.019210 -0.000000 0.000000 -0.000000 -3.912792 -0.697929 1.785549 3.203879 24.865314 -1.619626 -3.929425 -8.975528 -6.732478 -2.115230 -21.081289 11.331956
-3.216618 94.177501 143.740929 5.035231 6.137438 -2.586072 -4.196283 0.999185 2.231726 -1.971781 -5.401567 1.005288 -1.963157 0.415435 0.805159 -1.411080 6.145350 0.608565 -9.504531 16.473182 1.660937 -18.195613 -4.621393 6.365550 -0.190314 -4.356935 8.397451 6.201987 0.179341 71.554942 1.376020 29.370814 0.980903 0.904523 9.823273 -1.767504 0.038414 -0.665960 -6.296060 -17.828491 -28.447918 -65.189756 -5.710933 20.402907 -0.739997 -3.065194 11.614483 -1.761079 1.638321 -16.292112 4.642702 2.860247 7.128944 -0.163644 0.837740 2.447524 1.444042 0.000000 -0.000000 0.000000 -3.692055 -1.804553 2.565842 3.738788 28.044032 -1.682321 -5.876627 -6.376772 -8.649100 -2.893872 -24.566342 13.755401
-3.363380 94.292270 144.863000 5.301614 6.056810 -2.560170 -4.125994 0.976233 2.221786 -1.939930 -5.411350 1.000512 -1.931412 0.405762 0.803614 -1.387382 6.138142 0.607340 -9.711639 16.535752 1.708847 -18.586868 -4.468583 6.512007 -0.226804 -4.328353 8.342384 6.458766 -0.289368 71.622144 1.816484 29.369183 1.331741 0.662160 10.152555 -1.897780 0.074654 -0.723956 -6.320246 -17.885766 -26.820846 -65.620742 -5.802361 21.210097 -0.750410 -2.829185 11.921309 -1.838823 1.406120 -15.327503 4.781209 3.501006 6.884735 0.023933 0.254404 1.826588 1.035486 0.000000 -0.000000 0.000000 -3.408468 -3.134214 3.385864 4.374670 31.503188 -1.644455 -8.061598 -3.564232 -10.902990 -3.738587 -27.678601 16.551138
-3.496487 94.388598 145.920707 5.575994 6.010519 -2.544161 -4.041488 0.964493 2.219983 -1.902207 -5.416146 0.999436 -1.893842 0.401096 0.806366 -1.358995 6.134682 0.609375 -9.930063 16.561360 1.755036 -19.002662 -4.381773 6.664376 -0.234936 -4.265895 8.265672 6.896610 -0.817238 71.636801 2.362481 29.314210 1.719386 0.450349 10.367174 -1.974916 0.098200 -0.771858 -6.366792 -17.820472 -25.259817 -66.059224 -5.976587 22.009479 -0.826943 -2.622163 12.198963 -1.881188 1.291719 -14.463041 4.888676 3.876054 6.664932 0.178147 -0.189715 1.247852 0.656467 0.000000 -0.000000 -0.000000 -3.093563 -4.646097 4.073254 4.912301 34.990863 -1.321590 -9.763961 -1.226642 -13.232013 -4.148391 -29.370745 18.794242
-3.609562 94.460208 146.892015 5.872895 6.016083 -2.556030 -3.945894 0.970637 2.242200 -1.860791 -5.413126 1.009203 -1.852623 0.404254 0.820336 -1.327025 6.137052 0.619900 -10.160478 16.524862 1.798182 -19.447331 -4.407086 6.824924 -0.199680 -4.168969 8.160566 7.586381 -1.390797 71.578698 3.035639 29.134566 2.133542 0.305620 10.308001 -1.958576 0.088377 -0.792355 -6.441432 -17.584800 -23.819705 -66.507834 -6.276921 22.784939 -1.000588 -2.460990 12.429819 -1.881685 1.334853 -13.741923 4.973163 3.697319 6.484534 0.285067 -0.267087 0.721707 0.244528 -0.000000 -0.000000 0.000000 -2.741481 -6.418023 4.521492 5.489105 38.519719 -0.406661 -10.728725 0.439029 -15.891394 -3.715858 -29.118054 20.202770
-3.708982 94.513378 147.798959 6.177876 6.056216 -2.577199 -3.836066 0.987605 2.272654 -1.813493 -5.405282 1.022693 -1.805562 0.412250 0.838623 -1.290350 6.143042 0.633697 -10.402129 16.451476 1.839827 -19.917275 -4.497708 6.992597 -0.136728 -4.037238 8.035009 8.458722 -2.020416 71.452562 3.809053 28.896450 2.564835 0.190934 10.131477 -1.896328 0.065654 -0.802060 -6.538083 -17.227850 -22.441784 -66.952614 -6.665185 23.557985 -1.246066 -2.327556 12.630467 -1.846431 1.493580 -13.121500 5.031985 3.253400 6.327119 0.376167 -0.206990 0.241056 -0.144577 -0.000000 -0.000000 0.000000 -2.348305 -8.368844 4.824974 6.066209 42.048761 0.839927 -11.177548 1.688289 -18.650650 -2.598153 -27.558657 20.973757
-3.795156 94.564622 148.678690 6.437238 6.076990 -2.586468 -3.709430 1.019029 2.288788 -1.758123 -5.390813 1.029849 -1.750483 0.426893 0.851397 -1.248088 6.154053 0.643353 -10.642196 16.390172 1.885751 -20.384442 -4.564525 7.165791 -0.068909 -3.836142 7.911157 9.506479 -2.770668 71.242307 4.557555 28.666217 2.949849 0.051674 10.117917 -1.888992 0.055641 -0.819811 -6.648211 -16.689106 -21.106408 -67.436174 -7.034845 24.265574 -1.499956 -2.258986 12.739466 -1.807235 1.738382 -12.532929 5.066529 2.821791 6.211840 0.462614 -0.199461 -0.210703 -0.475650 -0.000000 -0.000000 0.000000 -1.945019 -10.217162 5.123949 6.040917 45.270391 1.550010 -10.945259 2.499879 -20.552216 -1.177044 -25.316413 20.876713
-3.868769 94.616056 149.543513 6.631810 6.057648 -2.586059 -3.561699 1.074390 2.288095 -1.692708 -5.365473 1.029592 -1.685433 0.452434 0.857778 -1.198847 6.173278 0.648218 -10.877448 16.348162 1.941967 -20.843692 -4.593600 7.352940 0.011460 -3.523740 7.789044 10.787699 -3.675974 70.919356 5.268856 28.459213 3.280645 -0.147219 10.447070 -1.977431 0.067273 -0.852207 -6.780284 -15.939740 -19.805780 -67.960723 -7.386377 24.847364 -1.769760 -2.287606 12.709916 -1.763523 2.106562 -11.966758 5.074039 2.474827 6.168096 0.553464 -0.336946 -0.649469 -0.731881 -0.000000 0.000000 0.000000 -1.503054 -11.867798 5.488373 4.597571 48.175490 0.879520 -9.424116 2.694236 -21.084239 0.420489 -22.029669 19.567127
-3.929135 94.665564 150.381124 6.780736 6.018803 -2.574068 -3.397194 1.144609 2.273515 -1.619248 -5.333357 1.023155 -1.612386 0.484764 0.858795 -1.144023 6.197624 0.649049 -11.110917 16.318397 2.002880 -21.299611 -4.598328 7.545799 0.096300 -3.142119 7.671087 12.249163 -4.691061 70.481856 5.953890 28.261127 3.561747 -0.366809 10.944486 -2.104205 0.091473 -0.892204 -6.926223 -15.011779 -18.542158 -68.511986 -7.718989 25.364994 -2.054569 -2.388455 12.592526 -1.722295 2.559313 -11.431649 5.058484 2.139410 6.166605 0.637417 -0.527970 -1.060400 -0.927572 0.000000 0.000000 0.000000 -1.050078 -13.415912 5.856853 2.199292 50.764920 -0.745458 -7.078531 2.401557 -20.833172 1.946580 -17.844573 17.712087
-3.974606 94.723311 151.191766 6.887756 5.968337 -2.523475 -3.226378 1.206057 2.230557 -1.541563 -5.304947 1.003932 -1.535109 0.513389 0.847454 -1.086959 6.219239 0.640532 -11.339116 16.328536 2.056859 -21.737749 -4.530974 7.716761 0.140193 -2.783844 7.581605 13.717478 -5.763848 69.966771 6.527048 28.098308 3.767203 -0.550541 11.360554 -2.222846 0.127223 -0.938867 -7.052960 -13.939367 -17.308513 -69.106512 -7.920228 25.934226 -2.269663 -2.511783 12.473668 -1.725773 2.952938 -10.885366 5.029304 1.874177 6.139548 0.688816 -0.686737 -1.414711 -1.072958 0.000000 -0.000000 0.000000 -0.704411 -14.864924 6.187141 0.243418 52.813865 -2.179245 -5.316052 2.059503 -20.432892 2.995888 -14.184959 16.281050
-4.006570 94.796331 151.976911 6.947549 5.896053 -2.415499 -3.050645 1.254325 2.145543 -1.459589 -5.282159 0.965807 -1.453537 0.536393 0.817647 -1.028068 6.236700 0.618054 -11.558892 16.405961 2.099757 -22.146501 -4.343061 7.851551 0.119947 -2.459493 7.535222 15.223608 -6.896082 69.368948 6.928628 27.992870 3.882467 -0.664420 11.568049 -2.311144 0.179261 -0.979942 -7.147781 -12.690558 -16.134756 -69.766143 -7.915956 26.613536 -2.368970 -2.659330 12.365969 -1.802982 3.232332 -10.303685 4.987215 1.713216 6.071713 0.688679 -0.786621 -1.696075 -1.160997 -0.000048 0.004898 0.090553 -0.486570 -16.208126 6.485605 -0.468376 54.288949 -2.749739 -4.758504 1.865568 -19.929191 3.559099 -11.594863 15.343944
-4.023637 94.877590 152.735087 6.965235 5.812133 -2.268868 -2.868628 1.294615 2.032020 -1.373394 -5.262792 0.914866 -1.367749 0.555976 0.775454 -0.966949 6.251631 0.586211 -11.773106 16.523568 2.135804 -22.536117 -4.083122 7.963314 0.060072 -2.159347 7.515486 16.744007 -8.081581 68.694211 7.221412 27.928128 3.938857 -0.746437 11.692600 -2.402578 0.243069 -1.028495 -7.223440 -11.300305 -14.981989 -70.461472 -7.771950 27.338151 -2.378814 -2.827096 12.260566 -1.926189 3.451369 -9.710160 4.928338 1.621328 5.979179 0.653446 -0.854882 -1.920387 -1.199897 0.000222 0.009777 0.181106 -0.372033 -17.448648 6.758761 -0.489571 55.267709 -2.850371 -4.790632 1.632208 -19.228870 3.806460 -9.610491 14.573145
-4.019994 94.956159 153.462126 6.960359 5.754988 -2.112770 -2.686666 1.317608 1.915896 -1.286998 -5.251182 0.862649 -1.281735 0.567789 0.732004 -0.905749 6.260723 0.553391 -11.987603 16.627221 2.165592 -22.925616 -3.849311 8.065362 -0.013237 -1.945684 7.498003 18.019310 -9.269349 68.026469 7.505337 27.871585 3.984680 -0.848653 11.863907 -2.539286 0.303905 -1.121956 -7.285446 -9.904424 -13.742512 -71.132073 -7.587463 28.036953 -2.322538 -2.952147 12.208339 -2.046014 3.630350 -9.134476 4.853709 1.553433 5.841219 0.610475 -0.886561 -2.106810 -1.224146 0.000000 0.000000 0.000000 -0.409595 -18.603375 6.967537 -0.269667 55.750393 -2.727452 -4.970889 1.266850 -18.706495 3.859475 -8.245546 14.118206
-3.992649 95.031264 154.154957 6.939248 5.735264 -1.951049 -2.506977 1.317424 1.801193 -1.201568 -5.249978 0.810947 -1.196658 0.569180 0.688973 -0.845208 6.261983 0.520854 -12.206319 16.705062 2.186109 -23.323334 -3.663537 8.156105 -0.098364 -1.881255 7.483443 18.926290 -10.437164 67.419973 7.785024 27.861029 4.014948 -1.007189 12.195200 -2.748529 0.354603 -1.285281 -7.327892 -8.519852 -12.362181 -71.782909 -7.380747 28.671144 -2.180936 -2.994196 12.252008 -2.138962 3.743187 -8.576389 4.763208 1.512275 5.637643 0.563933 -0.864364 -2.246038 -1.243429 -0.003318 -0.025654 -0.722738 -0.628682 -19.688273 7.081045 0.134047 55.725448 -2.355960 -5.263848 0.686673 -18.572053 3.772635 -7.620890 14.143721
-3.944592 95.103680 154.816650 6.895816 5.742489 -1.779817 -2.327262 1.299914 1.683408 -1.115909 -5.256545 0.757796 -1.111337 0.562788 0.644517 -0.784586 6.257395 0.487223 -12.425664 16.768938 2.199907 -23.721836 -3.504268 8.236845 -0.197384 -1.903312 7.469080 19.584867 -11.621531 66.849005 8.058752 27.858535 4.042134 -1.181195 12.577505 -2.999221 0.402186 -1.493905 -7.357723 -7.132370 -10.894994 -72.397834 -7.135921 29.274019 -1.974532 -2.989897 12.345779 -2.221300 3.815664 -8.036643 4.654523 1.495209 5.388735 0.509349 -0.805719 -2.347250 -1.248830 -0.009904 -0.065876 -1.717119 -0.997743 -20.688000 7.138941 0.766485 55.202142 -1.775091 -5.689891 -0.024036 -18.621645 3.523938 -7.617439 14.455917
-3.878988 95.164795 155.452245 6.831233 5.783335 -1.616702 -2.147181 1.272940 1.575481 -1.030537 -5.267442 0.709015 -1.026296 0.552053 0.604402 -0.723844 6.249527 0.456860 -12.640499 16.800092 2.215844 -24.117489 -3.404619 8.325978 -0.289936 -1.885605 7.426220 20.097398 -12.863981 66.282861 8.410944 27.712903 4.127800 -1.309053 12.806875 -3.246576 0.453345 -1.710542 -7.399779 -5.825777 -9.405242 -72.893131 -6.904248 29.888541 -1.796348 -2.994137 12.406190 -2.304637 3.946591 -7.545867 4.527196 1.449466 5.134231 0.462255 -0.757716 -2.457409 -1.246595 -0.015235 -0.131402 -2.444881 -1.475849 -21.572477 7.206532 1.298114 54.211425 -1.375278 -5.895616 -0.700971 -18.599234 3.127617 -7.887554 14.691922
-3.793251 95.211326 156.063192 6.746873 5.862067 -1.463657 -1.963129 1.235700 1.482411 -0.944089 -5.283024 0.666837 -0.940179 0.536622 0.570999 -0.661783 6.238110 0.431554 -12.854617 16.783264 2.231561 -24.519061 -3.392288 8.423910 -0.362702 -1.764473 7.330499 20.394729 -14.234285 65.735108 8.883739 27.378000 4.296652 -1.369545 12.794960 -3.492753 0.510061 -1.930091 -7.471614 -4.605400 -7.905339 -73.231361 -6.721691 30.553196 -1.703842 -3.037468 12.382760 -2.401221 4.175343 -7.111667 4.373244 1.360360 4.880306 0.429788 -0.742988 -2.593030 -1.233394 -0.014733 -0.236924 -2.641631 -2.114430 -22.329510 7.310386 1.645542 52.742838 -1.310226 -5.709135 -1.281522 -18.381863 2.520088 -8.606241 14.718955
-3.689966 95.246557 156.648042 6.641606 5.974556 -1.318905 -1.778754 1.188771 1.398832 -0.857936 -5.303015 0.628889 -0.854355 0.516768 0.541797 -0.599622 6.223357 0.409415 -13.064424 16.733534 2.249322 -24.918619 -3.439968 8.531044 -0.429275 -1.603234 7.207117 20.543839 -15.667830 65.201926 9.421885 26.892429 4.509486 -1.390696 12.628329 -3.747408 0.570722 -2.157300 -7.555695 -3.454808 -6.394065 -73.459433 -6.551219 31.234999 -1.639491 -3.092642 12.327181 -2.503547 4.462589 -6.725340 4.201161 1.242539 4.620812 0.405407 -0.738923 -2.737633 -1.212306 -0.010519 -0.367802 -2.571842 -2.865189 -22.970978 7.428171 1.936310 50.807404 -1.380742 -5.322866 -1.820555 -18.066378 1.790989 -9.613809 14.670168
-3.580050 95.271725 157.207478 6.512791 6.114816 -1.194542 -1.604734 1.141851 1.322243 -0.776743 -5.323116 0.594119 -0.773475 0.496783 0.515268 -0.540968 6.208487 0.389301 -13.253608 16.677654 2.285187 -25.287309 -3.498012 8.666174 -0.509230 -1.466367 7.102071 20.856484 -16.997790 64.610565 9.957159 26.232524 4.718826 -1.390453 12.362668 -3.980664 0.636562 -2.369758 -7.623540 -2.421520 -4.917970 -73.634851 -6.333908 31.870671 -1.525511 -3.128589 12.309597 -2.595211 4.789923 -6.392676 4.036050 1.087267 4.376961 0.384714 -0.724758 -2.888698 -1.199008 -0.006315 -0.490605 -2.490534 -3.537287 -23.501653 7.545852 2.169014 48.472251 -1.442689 -4.944754 -2.325093 -17.725264 1.194150 -10.070245 14.550599
-3.472609 95.285947 157.736737 6.362919 6.292484 -1.094049 -1.444469 1.093978 1.249717 -0.701874 -5.343743 0.561225 -0.698899 0.476255 0.489973 -0.486947 6.193195 0.370128 -13.419344 16.618866 2.348446 -25.622485 -3.558684 8.844726 -0.616154 -1.381458 7.037182 21.493903 -18.145550 63.913265 10.458836 25.298580 4.902949 -1.361842 11.930272 -4.184987 0.712323 -2.561966 -7.662966 -1.556385 -3.479155 -73.771942 -6.051580 32.423356 -1.338362 -3.124903 12.368889 -2.658718 5.163195 -6.129932 3.888388 0.873469 4.152661 0.361436 -0.689609 -3.043402 -1.201479 -0.003266 -0.593597 -2.480657 -4.123404 -23.953064 7.699115 2.403755 45.764684 -1.477164 -4.580703 -2.801231 -17.391498 0.850269 -9.724108 14.746389
-3.358536 95.290106 158.240582 6.189454 6.497900 -1.014361 -1.294682 1.045726 1.184096 -0.632009 -5.364630 0.531469 -0.629309 0.455451 0.467310 -0.436467 6.177682 0.352951 -13.564389 16.553986 2.430066 -25.926806 -3.629406 9.051880 -0.736242 -1.321338 6.990168 22.299265 -19.183249 63.149118 10.944096 24.191993 5.061498 -1.318226 11.396537 -4.376086 0.792983 -2.739913 -7.685547 -0.804283 -2.077698 -73.875882 -5.724490 32.925905 -1.107356 -3.099800 12.463910 -2.707173 5.577842 -5.920733 3.746353 0.622235 3.943998 0.342887 -0.644420 -3.204570 -1.211847 -0.000275 -0.688494 -2.459215 -4.629037 -24.292655 7.846233 2.582546 42.657804 -1.497225 -4.231559 -3.242548 -17.027397 0.609676 -8.816441 14.840900
-3.221439 95.288087 158.733991 5.982025 6.696075 -0.957714 -1.156042 1.008992 1.131815 -0.567780 -5.380495 0.507743 -0.565341 0.439653 0.450105 -0.389792 6.165906 0.339906 -13.680656 16.500127 2.518720 -26.178828 -3.683365 9.260754 -0.847720 -1.268690 6.940416 23.109016 -20.169433 62.370259 11.427834 23.194020 5.191758 -1.302735 11.016836 -4.548503 0.864973 -2.898643 -7.697948 -0.057708 -0.753362 -73.993005 -5.350522 33.416164 -0.833450 -3.079592 12.545001 -2.769342 6.000022 -5.722599 3.601800 0.388068 3.760553 0.344587 -0.601164 -3.378147 -1.222048 0.002498 -0.776919 -2.432254 -4.878498 -24.431453 7.848233 2.494570 39.140050 -1.431351 -4.089208 -3.638572 -16.626675 0.385791 -7.295995 13.581685
-3.056899 95.281530 159.210149 5.745028 6.894121 -0.929410 -1.032005 0.981151 1.099286 -0.511013 -5.392507 0.492902 -0.508811 0.427695 0.441025 -0.348081 6.156991 0.333005 -13.761286 16.465084 2.614789 -26.364622 -3.707802 9.468132 -0.946039 -1.238479 6.884778 23.880966 -21.107152 61.589412 11.927210 22.413810 5.302185 -1.327386 10.926230 -4.673031 0.925662 -3.035858 -7.699872 0.739304 0.477134 -74.154493 -4.906074 33.913834 -0.495448 -3.082975 12.590670 -2.843855 6.435052 -5.553975 3.447789 0.183940 3.615578 0.380451 -0.581249 -3.565391 -1.225545 0.004790 -0.853547 -2.408386 -4.686325 -24.358341 7.591747 2.006859 35.070396 -1.178747 -4.360493 -4.004980 -16.161388 0.206074 -4.780242 9.555724
-2.869334 95.268794 159.675870 5.473761 7.084713 -0.924459 -0.919050 0.964619 1.080292 -0.459847 -5.399555 0.484157 -0.457865 0.420691 0.437476 -0.310140 6.151779 0.330286 -13.812882 16.441027 2.717899 -26.497420 -3.715913 9.677054 -1.035851 -1.215998 6.826338 24.654940 -21.995612 60.799777 12.436524 21.742356 5.401339 -1.371645 10.988595 -4.766268 0.977796 -3.153881 -7.690919 1.528157 1.632684 -74.338489 -4.412875 34.395362 -0.113714 -3.092595 12.623772 -2.933984 6.877995 -5.396923 3.290794 -0.003078 3.496158 0.435802 -0.563322 -3.765043 -1.228696 0.006864 -0.923690 -2.378966 -4.238922 -24.084123 7.184293 1.223867 30.598347 -0.816285 -4.845444 -4.325420 -15.703699 0.072590 -1.907203 4.062668
-2.655596 95.248842 160.166565 5.144243 7.211266 -0.929233 -0.807371 0.978910 1.062469 -0.409379 -5.392920 0.475987 -0.407623 0.427364 0.434428 -0.272697 6.156823 0.327964 -13.847586 16.421610 2.815523 -26.596523 -3.720054 9.869811 -1.109375 -1.139472 6.753576 25.388706 -22.892628 60.027249 12.944083 21.133084 5.500256 -1.427503 11.054118 -4.887506 1.015928 -3.254571 -7.677427 2.244244 2.726639 -74.510609 -3.937749 34.837070 0.246552 -3.081616 12.663220 -3.076903 7.278998 -5.155000 3.144368 -0.157479 3.372666 0.482904 -0.495257 -3.979320 -1.242985 0.009291 -1.004907 -2.324124 -3.917183 -23.557242 6.816710 0.323584 26.147052 -0.499517 -5.108579 -4.539944 -15.373474 -0.000000 -0.000000 0.000000
-2.406501 95.221940 160.700232 4.729419 7.243065 -0.943476 -0.686939 1.040519 1.046494 -0.355215 -5.365247 0.468665 -0.353714 0.455073 0.432605 -0.232424 6.177644 0.326582 -13.867428 16.400045 2.904502 -26.665879 -3.733146 10.042799 -1.155634 -0.953098 6.648325 26.038645 -23.869153 59.280924 13.462198 20.589867 5.612590 -1.513489 11.129065 -5.081905 1.042860 -3.329989 -7.662783 2.902299 3.736057 -74.666661 -3.485125 35.251698 0.558511 -3.037281 12.717343 -3.296698 7.609166 -4.779770 3.012795 -0.251965 3.231880 0.522042 -0.361738 -4.205793 -1.278362 0.012262 -1.109353 -2.233126 -3.802527 -22.649550 6.495575 -0.840866 21.616142 -0.232877 -4.822011 -4.753428 -15.193273 0.012919 0.452323 -1.052925
-2.131233 95.187820 161.258874 4.256488 7.210616 -0.966265 -0.567812 1.132919 1.031516 -0.301744 -5.323898 0.461788 -0.300498 0.496452 0.431155 -0.192651 6.208718 0.325490 -13.870401 16.383237 2.987898 -26.701559 -3.742361 10.199415 -1.186317 -0.713089 6.527654 26.646280 -24.858685 58.555327 13.983395 20.108017 5.734318 -1.610343 11.209001 -5.304639 1.055831 -3.387992 -7.643237 3.487735 4.682727 -74.821748 -3.054742 35.631029 0.839966 -2.973440 12.779966 -3.569384 7.897360 -4.320827 2.891447 -0.314032 3.086975 0.552819 -0.178239 -4.447149 -1.325377 0.015236 -1.224724 -2.116562 -3.812934 -21.492759 6.205432 -2.089059 17.114881 0.107687 -4.294334 -4.854822 -15.081789 0.019636 0.215631 -0.530841
-1.854198 95.144643 161.823916 3.782944 7.149431 -0.982846 -0.470378 1.225984 1.003018 -0.257264 -5.282300 0.448888 -0.256227 0.538074 0.422771 -0.160112 6.239973 0.319167 -13.862767 16.385394 3.062437 -26.711405 -3.721367 10.332334 -1.226850 -0.525497 6.433136 27.295010 -25.712616 57.854664 14.463587 19.629491 5.845752 -1.660443 11.126948 -5.487383 1.040940 -3.454106 -7.614258 3.894042 5.644620 -74.972000 -2.711382 35.923935 1.083772 -2.903542 12.847346 -3.859889 8.180086 -3.828571 2.781696 -0.410606 2.947709 0.547234 0.061108 -4.713363 -1.366942 0.017698 -1.331962 -1.986644 -4.073020 -20.427583 6.097532 -2.738413 13.357015 0.439936 -4.038871 -4.469273 -15.026737 0.000000 0.000000 0.000000
-1.591989 95.089777 162.387654 3.328294 7.064120 -0.990464 -0.405386 1.316542 0.951059 -0.226060 -5.241884 0.425572 -0.225167 0.578503 0.402623 -0.138370 6.270333 0.303972 -13.842718 16.413908 3.134008 -26.692644 -3.655652 10.450019 -1.288354 -0.437999 6.388528 28.039871 -26.361593 57.170606 14.899932 19.110944 5.952237 -1.621560 10.699972 -5.589719 0.976377 -3.536021 -7.565418 4.026958 6.671612 -75.128090 -2.476929 36.067849 1.289686 -2.844940 12.886688 -4.181946 8.468908 -3.295607 2.699576 -0.588158 2.781427 0.480490 0.390277 -5.001298 -1.395621 0.019751 -1.426570 -1.847406 -4.833476 -19.556776 6.372240 -2.239613 10.560362 0.558443 -4.372121 -3.188382 -15.203209 0.000000 0.000000 0.000000
-1.328013 95.025853 162.957791 2.873098 6.950249 -0.991234 -0.362084 1.407356 0.885524 -0.203824 -5.201404 0.396242 -0.203035 0.618992 0.375550 -0.123844 6.300733 0.283555 -13.812198 16.461401 3.196302 -26.648166 -3.559894 10.543278 -1.358796 -0.402449 6.370806 28.818604 -26.876170 56.518633 15.296037 18.597554 6.049456 -1.545767 10.106893 -5.660909 0.883741 -3.625553 -7.506461 3.980248 7.711052 -75.293649 -2.337723 36.130055 1.443948 -2.784638 12.929704 -4.524120 8.752473 -2.729123 2.629208 -0.800666 2.619958 0.379011 0.775007 -5.314685 -1.420132 0.021149 -1.513187 -1.694957 -5.827810 -18.765328 6.812359 -1.127574 8.482493 0.504324 -4.970744 -1.436795 -15.514523 0.000000 -0.000000 -0.000000
-1.036897 94.958926 163.538871 2.416277 6.830050 -0.978450 -0.328572 1.477266 0.822083 -0.185981 -5.170243 0.367857 -0.185272 0.650159 0.348976 -0.112550 6.324137 0.263508 -13.783299 16.519697 3.227739 -26.594695 -3.451879 10.578388 -1.428195 -0.381159 6.351818 29.537324 -27.317333 55.939661 15.618742 18.166671 6.103804 -1.512036 9.723769 -5.761107 0.814219 -3.724871 -7.463247 3.931332 8.687482 -75.448291 -2.303549 36.255214 1.522804 -2.687344 13.066331 -4.812125 9.032305 -2.201104 2.525368 -0.976292 2.570322 0.289692 1.118727 -5.673478 -1.447517 0.021181 -1.586494 -1.529700 -6.415356 -18.083164 6.964876 -0.361847 7.128851 0.489015 -5.384687 -0.085766 -15.544141 0.000000 -0.000000 -0.000000
-0.697738 94.882060 164.134749 1.947282 6.710508 -0.953062 -0.299355 1.514875 0.772732 -0.170659 -5.153458 0.345757 -0.170015 0.666948 0.328431 -0.102670 6.336750 0.248000 -13.759202 16.586367 3.209490 -26.532542 -3.340045 10.522672 -1.493581 -0.371539 6.309712 30.184927 -27.685834 55.452968 15.852751 17.852611 6.086775 -1.557568 9.758992 -5.932316 0.786636 -3.849789 -7.451994 3.945651 9.611774 -75.581246 -2.421982 36.567965 1.502312 -2.504288 13.383453 -5.038776 9.290769 -1.733053 2.364289 -1.061824 2.672834 0.232697 1.398375 -6.105980 -1.487192 0.019185 -1.616272 -1.340777 -6.335111 -17.603371 6.618198 -0.310330 6.822637 0.635044 -5.381031 0.467714 -15.076353 -0.000000 0.000000 0.000000
-0.331440 94.802190 164.741570 1.476587 6.584955 -0.914001 -0.279793 1.531676 0.725954 -0.159713 -5.145942 0.324826 -0.159112 0.674466 0.308611 -0.095995 6.342406 0.233038 -13.737027 16.663218 3.160149 -26.462202 -3.216932 10.408772 -1.557859 -0.376520 6.266443 30.767913 -27.984003 55.045825 16.019340 17.624720 6.034679 -1.635006 10.005873 -6.123306 0.782321 -3.985102 -7.456330 3.959555 10.473602 -75.700737 -2.645790 36.946890 1.410148 -2.280991 13.790311 -5.211717 9.544856 -1.303850 2.169846 -1.109935 2.887589 0.184267 1.636390 -6.583711 -1.529697 0.016349 -1.632659 -1.139066 -5.863845 -17.241513 6.010477 -0.601766 7.244574 0.816275 -5.176240 0.629471 -14.285112 -0.000000 -0.000000 -0.000000
0.024654 94.746174 165.352301 1.034552 6.455304 -0.851924 -0.274247 1.540849 0.662258 -0.154165 -5.141834 0.296392 -0.153585 0.678576 0.280740 -0.093958 6.345507 0.212003 -13.719768 16.748532 3.114390 -26.400658 -3.076355 10.301076 -1.620060 -0.366530 6.258848 31.220424 -28.275602 54.709504 16.141387 17.462627 6.013286 -1.692384 10.218373 -6.249494 0.796156 -4.086736 -7.453991 3.958852 11.166966 -75.805845 -2.841382 37.166586 1.300957 -2.117713 14.109875 -5.275487 9.847860 -0.920994 1.969636 -1.207695 3.201996 0.124096 1.804687 -7.040835 -1.552353 0.014378 -1.720658 -0.957420 -5.179331 -16.774989 5.377214 -1.112277 7.432261 0.910686 -4.994567 0.743110 -13.309751 -0.000000 0.000000 -0.000000
0.356056 94.725234 165.974821 0.631863 6.320173 -0.755005 -0.289733 1.540565 0.569406 -0.156540 -5.141944 0.255017 -0.155946 0.678467 0.239125 -0.098874 6.345445 0.180603 -13.705391 16.849959 3.082301 -26.346118 -2.902365 10.215582 -1.682751 -0.319810 6.319494 31.542838 -28.584760 54.417359 16.204678 17.371045 6.041774 -1.723207 10.367719 -6.245735 0.837743 -4.126026 -7.437526 3.968818 11.639187 -75.877269 -2.980980 37.148947 1.154443 -2.016380 14.326190 -5.116395 10.300031 -0.588310 1.776451 -1.443473 3.636442 0.029490 1.864583 -7.479735 -1.537790 0.013461 -1.905807 -0.809063 -4.155160 -16.074852 4.757295 -2.012577 6.933015 0.849213 -4.928086 0.962650 -12.050576 -0.000000 0.000000 0.000000
0.677254 94.728149 166.601252 0.257610 6.181395 -0.635215 -0.318995 1.532141 0.459720 -0.164213 -5.145669 0.206172 -0.163583 0.674740 0.189500 -0.108349 6.342671 0.143164 -13.695911 16.959949 3.053508 -26.300412 -2.710850 10.135783 -1.743546 -0.256858 6.415170 31.732928 -28.888415 54.198299 16.225178 17.345901 6.103284 -1.736161 10.481070 -6.178396 0.897411 -4.131528 -7.415172 3.966225 11.943538 -75.929536 -3.094957 36.971321 0.986961 -1.971321 14.456071 -4.846083 10.801523 -0.299944 1.580570 -1.729609 4.170686 -0.076992 1.854832 -7.897247 -1.500292 0.012846 -2.162341 -0.680107 -2.928631 -15.258235 4.127687 -3.138663 6.199798 0.721917 -4.891943 1.142474 -10.605629 0.000000 -0.000000 0.000000
0.994367 94.748103 167.200922 -0.090187 6.045480 -0.519085 -0.345181 1.533569 0.350253 -0.170538 -5.144994 0.157417 -0.169877 0.675412 0.140104 -0.116802 6.343194 0.105897 -13.700275 17.054372 3.032289 -26.285436 -2.542904 10.077487 -1.794057 -0.211834 6.484324 31.720300 -29.178662 54.126052 16.269464 17.351921 6.208616 -1.707171 10.395147 -6.161808 0.940894 -4.144741 -7.388450 3.863670 12.132506 -76.012733 -3.136042 36.641252 0.907091 -2.074626 14.373084 -4.745276 11.105825 -0.050480 1.373706 -1.888502 4.731180 -0.148173 1.864444 -8.219418 -1.465720 0.012265 -2.498264 -0.562486 -2.064573 -14.487392 3.612483 -3.880896 5.622114 0.634158 -4.855748 1.175044 -9.407211 -0.000000 -0.000000 -0.000000
1.312481 94.786498 167.758974 -0.402442 5.910500 -0.406484 -0.362850 1.556933 0.239896 -0.173045 -5.134549 0.108254 -0.172372 0.685856 0.090686 -0.122407 6.351047 0.068614 -13.724479 17.119285 3.026163 -26.316745 -2.420983 10.059061 -1.831876 -0.203023 6.496036 31.362831 -29.494530 54.300693 16.372982 17.401783 6.386555 -1.604948 9.959076 -6.277969 0.954588 -4.184733 -7.352083 3.599650 12.204683 -76.162091 -3.046494 36.094008 0.990427 -2.443656 13.896642 -4.991143 11.089266 0.146405 1.139631 -1.834792 5.320993 -0.162057 1.915167 -8.412386 -1.456102 0.011333 -2.934203 -0.443132 -1.841959 -13.845110 3.253957 -3.900784 5.390104 0.613700 -4.843071 0.957887 -8.656359 -0.000000 0.000000 -0.000000
1.626509 94.841933 168.290267 -0.688231 5.778139 -0.297782 -0.377642 1.590389 0.129550 -0.174267 -5.119605 0.059097 -0.173589 0.700800 0.041406 -0.127043 6.362272 0.031433 -13.762401 17.168902 3.028045 -26.378331 -2.322235 10.062549 -1.859306 -0.213053 6.481970 30.796668 -29.790584 54.626780 16.499592 17.482650 6.609262 -1.459738 9.323286 -6.443546 0.952014 -4.232295 -7.311287 3.236208 12.160188 -76.340025 -2.885998 35.394448 1.159945 -2.954347 13.201590 -5.397552 10.876325 0.300235 0.890590 -1.651773 5.936725 -0.143006 1.986273 -8.510200 -1.451139 0.010038 -3.449437 -0.333721 -1.970055 -13.262840 2.988327 -3.536015 5.307440 0.610462 -4.837669 0.584577 -8.150154 0.000000 -0.000000 -0.000000
1.927312 94.903390 168.808708 -0.976536 5.659956 -0.220280 -0.389481 1.616429 0.039295 -0.175140 -5.107962 0.018893 -0.174458 0.712443 0.001112 -0.130739 6.371017 0.001032 -13.804821 17.221184 3.020396 -26.444696 -2.220053 10.049422 -1.874946 -0.223144 6.474787 30.374650 -29.937679 54.877496 16.608562 17.520446 6.801923 -1.344062 8.776375 -6.525835 0.939633 -4.271577 -7.283206 2.870555 12.054237 -76.489158 -2.780067 34.745214 1.298499 -3.348033 12.698986 -5.708627 10.592435 0.450264 0.659061 -1.414342 6.495082 -0.113453 2.103842 -8.541064 -1.415738 0.009202 -3.990277 -0.264156 -2.151440 -12.684456 2.768407 -3.192541 5.184539 0.599062 -4.745686 0.235200 -7.715249 0.000000 0.000000 -0.000000
2.212559 94.972058 169.321204 -1.279868 5.557523 -0.190642 -0.394773 1.629790 -0.020295 -0.174587 -5.101974 -0.007662 -0.173907 0.718431 -0.025387 -0.132325 6.375514 -0.018964 -13.854537 17.284209 2.993630 -26.516597 -2.101458 10.001349 -1.875195 -0.226973 6.484603 30.245180 -29.868447 54.954511 16.688332 17.464586 6.945660 -1.267634 8.335803 -6.426737 0.913015 -4.295965 -7.279599 2.516825 11.891216 -76.590664 -2.755287 34.202624 1.378590 -3.499471 12.601032 -5.850487 10.214821 0.615448 0.457472 -1.092134 6.961915 -0.074773 2.289163 -8.497435 -1.322086 0.010475 -4.553416 -0.263684 -2.327000 -12.084664 2.595033 -3.010030 4.961095 0.569950 -4.484506 -0.041672 -7.317592 -0.000000 0.000000 0.000000
2.484580 95.046748 169.820849 -1.585480 5.468715 -0.192366 -0.397160 1.636130 -0.059630 -0.173728 -5.099122 -0.025197 -0.173050 0.721283 -0.042834 -0.133000 6.377658 -0.032130 -13.908820 17.349639 2.957192 -26.593445 -1.979960 9.936488 -1.863682 -0.230740 6.501305 30.266008 -29.655781 54.949132 16.751246 17.366249 7.058770 -1.224155 7.984935 -6.244928 0.876755 -4.312328 -7.288921 2.161135 11.667984 -76.660991 -2.780107 33.710628 1.433540 -3.543485 12.700399 -5.906771 9.766263 0.776910 0.272440 -0.715593 7.370978 -0.025342 2.522667 -8.386664 -1.200118 0.013629 -5.142692 -0.303776 -2.553499 -11.487681 2.465707 -2.849344 4.698116 0.535634 -4.135900 -0.296830 -6.992864 -0.000000 0.000000 -0.000000
2.741231 95.112868 170.300831 -1.884440 5.399595 -0.203048 -0.407362 1.634299 -0.090005 -0.176783 -5.099907 -0.038714 -0.176092 0.720498 -0.056661 -0.136325 6.377072 -0.042561 -13.950182 17.410703 2.922007 -26.647827 -1.868836 9.871077 -1.849869 -0.234143 6.527021 30.358449 -29.387221 54.914110 16.793582 17.303766 7.121536 -1.263650 7.960981 -6.144883 0.850888 -4.325049 -7.293373 1.857932 11.429507 -76.697894 -2.889241 33.302965 1.440454 -3.621972 12.785188 -5.865411 9.440151 0.919637 0.099933 -0.451836 7.741569 0.018155 2.768475 -8.259396 -1.100707 0.016412 -5.715138 -0.328786 -2.710756 -10.908944 2.335965 -2.699190 4.390606 0.508013 -3.850240 -0.497159 -6.672001 0.000000 -0.000000 -0.000000
2.981899 95.164486 170.759085 -2.176832 5.354358 -0.217595 -0.429329 1.620791 -0.112967 -0.185436 -5.105883 -0.048893 -0.184708 0.714518 -0.067719 -0.143622 6.372591 -0.050897 -13.971384 17.469025 2.889685 -26.666712 -1.766139 9.805646 -1.834515 -0.237007 6.565578 30.571558 -29.039690 54.829560 16.811883 17.311009 7.095539 -1.457543 8.550643 -6.235568 0.847808 -4.335580 -7.287552 1.635998 11.185470 -76.697993 -3.109806 33.039017 1.392337 -3.778610 12.802062 -5.699761 9.349958 1.032008 -0.059425 -0.399083 8.088581 0.054004 3.021570 -8.128142 -1.059319 0.016723 -6.263355 -0.305315 -2.714211 -10.344071 2.186038 -2.554334 4.010478 0.493992 -3.719591 -0.612484 -6.314305 -0.000000 0.000000 -0.000000
3.207195 95.207533 171.197676 -2.462596 5.328698 -0.241448 -0.459148 1.599246 -0.126828 -0.198026 -5.115438 -0.054995 -0.197245 0.704959 -0.075098 -0.153582 6.365425 -0.056455 -13.979654 17.523003 2.858763 -26.663150 -1.673620 9.740036 -1.816897 -0.239311 6.613151 30.854808 -28.636366 54.717119 16.809847 17.353572 7.018689 -1.735708 9.465457 -6.417672 0.855103 -4.342376 -7.276863 1.466180 10.926919 -76.665018 -3.414572 32.857603 1.296365 -3.967418 12.806789 -5.434613 9.382324 1.127555 -0.203845 -0.459535 8.398211 0.085391 3.285878 -7.980701 -1.040010 0.015904 -6.794619 -0.267655 -2.649101 -9.796649 2.039588 -2.420408 3.586212 0.485778 -3.650588 -0.671788 -5.959615 0.000000 0.000000 0.000000
3.416810 95.245211 171.615990 -2.732651 5.316150 -0.268041 -0.495720 1.579082 -0.138122 -0.213744 -5.124377 -0.059930 -0.212898 0.696014 -0.081629 -0.165814 6.358720 -0.061368 -13.979106 17.561196 2.835781 -26.648648 -1.609728 9.689805 -1.804220 -0.241024 6.660342 30.982565 -28.333754 54.688378 16.795219 17.407704 6.985861 -1.929377 10.081004 -6.534777 0.855550 -4.345162 -7.259680 1.315907 10.670643 -76.608560 -3.755889 32.611245 1.152214 -4.193980 12.749569 -5.131741 9.390287 1.228994 -0.334993 -0.506681 8.646757 0.103390 3.538648 -7.830682 -0.985640 0.016647 -7.287853 -0.261401 -2.650636 -9.294636 1.917961 -2.301894 3.197771 0.473341 -3.515606 -0.730225 -5.659230 0.000000 -0.000000 -0.000000
3.608253 95.277940 172.013294 -2.977101 5.312509 -0.295650 -0.543039 1.565295 -0.149031 -0.234261 -5.130477 -0.064652 -0.233330 0.689907 -0.088435 -0.181651 6.354145 -0.066483 -13.968800 17.576707 2.825178 -26.623939 -1.586155 9.664213 -1.802035 -0.242923 6.705724 30.837321 -28.210825 54.804832 16.769218 17.477585 7.039164 -1.959763 10.126664 -6.517719 0.841342 -4.342788 -7.230647 1.181067 10.421557 -76.529305 -4.140815 32.228064 0.943389 -4.483240 12.598745 -4.764637 9.324932 1.349087 -0.447749 -0.510362 8.819594 0.101263 3.770219 -7.681100 -0.877346 0.020300 -7.736691 -0.300290 -2.787714 -8.844027 1.834195 -2.212834 2.868250 0.452615 -3.240036 -0.802432 -5.447663 -0.000000 0.000000 -0.000000
3.784015 95.305300 172.390321 -3.205873 5.321978 -0.326167 -0.597126 1.552933 -0.157409 -0.257911 -5.135942 -0.068224 -0.256885 0.684431 -0.094407 -0.199766 6.350043 -0.070967 -13.949563 17.576604 2.822885 -26.588033 -1.590814 9.654551 -1.804743 -0.244230 6.750699 30.537394 -28.186476 55.003724 16.730393 17.560216 7.135771 -1.903173 9.874882 -6.425206 0.820305 -4.336236 -7.195217 1.065637 10.175210 -76.426700 -4.558056 31.777707 0.691766 -4.811633 12.388101 -4.358064 9.235118 1.475171 -0.547510 -0.501433 8.930928 0.086713 3.991038 -7.528725 -0.733406 0.026390 -8.147632 -0.370528 -2.990286 -8.438671 1.774144 -2.138390 2.574693 0.429418 -2.898466 -0.874686 -5.290876 0.000000 0.000000 0.000000
3.951254 95.329236 172.748654 -3.439620 5.350751 -0.358430 -0.644910 1.536435 -0.163328 -0.278879 -5.143251 -0.070728 -0.277766 0.677112 -0.099040 -0.215776 6.344559 -0.074443 -13.928136 17.570397 2.822686 -26.549788 -1.606530 9.649396 -1.802786 -0.242748 6.790083 30.213307 -28.178215 55.207200 16.683320 17.621424 7.243926 -1.817624 9.517967 -6.283435 0.798674 -4.328551 -7.167975 0.949239 9.934253 -76.308430 -4.932890 31.326848 0.453798 -5.111997 12.161659 -4.051263 9.120434 1.591092 -0.652236 -0.444925 8.999782 0.072083 4.209211 -7.377749 -0.552358 0.035475 -8.518910 -0.476314 -3.184983 -8.088707 1.717561 -2.039324 2.327853 0.408452 -2.587587 -0.959853 -5.137447 0.000000 0.000000 0.000000
4.112711 95.349803 173.089350 -3.686405 5.404423 -0.392266 -0.682278 1.510562 -0.166546 -0.295348 -5.154732 -0.072080 -0.294164 0.665622 -0.102063 -0.228304 6.335945 -0.076712 -13.906194 17.561065 2.821744 -26.510903 -1.628241 9.643435 -1.791387 -0.238015 6.822074 29.868204 -28.175469 55.404641 16.629254 17.647101 7.372048 -1.693668 9.020694 -6.062100 0.778986 -4.320761 -7.157855 0.818907 9.701756 -76.165879 -5.247726 30.887593 0.231314 -5.374514 11.905955 -3.930087 8.970883 1.693738 -0.770185 -0.310705 9.021360 0.060680 4.427014 -7.230162 -0.320484 0.048667 -8.841179 -0.630482 -3.362412 -7.799842 1.660721 -1.881420 2.130558 0.389584 -2.346307 -1.064617 -4.969187 -0.000000 -0.000000 0.000000
4.265646 95.366946 173.411351 -3.938232 5.477364 -0.428137 -0.713345 1.480587 -0.167189 -0.309141 -5.168042 -0.072313 -0.307894 0.652305 -0.103697 -0.238726 6.325961 -0.077936 -13.882042 17.545649 2.822968 -26.469638 -1.660966 9.642086 -1.775303 -0.230627 6.848426 29.498605 -28.188753 55.607366 16.566118 17.651843 7.511802 -1.544300 8.418881 -5.790228 0.758708 -4.312059 -7.155923 0.687406 9.475103 -76.007835 -5.521827 30.448973 0.019358 -5.607477 11.629700 -3.908466 8.796331 1.785857 -0.892880 -0.129082 9.000155 0.049362 4.642562 -7.084134 -0.050993 0.065226 -9.123771 -0.820736 -3.532036 -7.566269 1.608852 -1.698556 1.979813 0.371297 -2.135825 -1.181866 -4.804190 0.000000 -0.000000 0.000000
4.408990 95.382453 173.713072 -4.191660 5.558925 -0.465812 -0.737377 1.456699 -0.165929 -0.319895 -5.178653 -0.071713 -0.318599 0.641689 -0.104189 -0.246793 6.318000 -0.078301 -13.857392 17.524714 2.828653 -26.429760 -1.702755 9.649875 -1.759271 -0.220033 6.869263 29.226836 -28.170206 55.768239 16.495115 17.643311 7.607489 -1.455490 8.011017 -5.586225 0.736467 -4.302778 -7.149920 0.573136 9.247814 -75.868103 -5.739638 30.045294 -0.140689 -5.770733 11.409105 -3.870064 8.626203 1.860046 -1.012974 0.044490 8.969317 0.040615 4.857431 -6.938091 0.217028 0.082778 -9.392949 -1.013543 -3.649182 -7.381041 1.555937 -1.553682 1.877791 0.355734 -1.936265 -1.303470 -4.645338 -0.000000 0.000000 -0.000000
4.542450 95.396712 173.991297 -4.446040 5.650344 -0.505840 -0.753792 1.443295 -0.162658 -0.327356 -5.184610 -0.070225 -0.326026 0.635727 -0.103458 -0.252309 6.313530 -0.077744 -13.832086 17.494213 2.843391 -26.393107 -1.759919 9.675976 -1.742662 -0.204589 6.883313 29.116507 -28.095050 55.860923 16.418021 17.613480 7.632618 -1.468782 7.951974 -5.512611 0.710280 -4.290784 -7.134694 0.484780 9.005305 -75.762303 -5.885072 29.690882 -0.221346 -5.830422 11.288737 -3.782968 8.461583 1.907119 -1.130122 0.197383 8.940168 0.037696 5.076432 -6.791372 0.469832 0.100500 -9.655808 -1.197940 -3.684765 -7.255005 1.499269 -1.486158 1.837772 0.343470 -1.737252 -1.429409 -4.491640 -0.000000 -0.000000 -0.000000
4.666319 95.409333 174.249241 -4.702062 5.750354 -0.547802 -0.763163 1.435999 -0.157620 -0.331769 -5.187857 -0.067960 -0.330420 0.632477 -0.101641 -0.255467 6.311092 -0.076371 -13.806261 17.458262 2.862639 -26.357829 -1.826045 9.711292 -1.726099 -0.186038 6.891783 29.104495 -27.989865 55.911082 16.334426 17.569062 7.614765 -1.538337 8.085797 -5.510929 0.682159 -4.278124 -7.115375 0.414001 8.761355 -75.675049 -5.977425 29.373319 -0.254884 -5.821752 11.224965 -3.681933 8.301498 1.936351 -1.244142 0.342275 8.901532 0.037637 5.294370 -6.644456 0.721343 0.119145 -9.905337 -1.384779 -3.667953 -7.177218 1.442689 -1.456234 1.846885 0.334108 -1.549061 -1.559600 -4.344189 0.000000 -0.000000 0.000000
4.780416 95.420940 174.494957 -4.958248 5.844562 -0.589832 -0.766495 1.431826 -0.152085 -0.333520 -5.189720 -0.065487 -0.332163 0.630613 -0.099346 -0.256601 6.309694 -0.074638 -13.782102 17.429613 2.874900 -26.322206 -1.880219 9.732808 -1.716198 -0.168870 6.898567 29.123517 -27.884469 55.948962 16.242990 17.539385 7.579261 -1.615128 8.244844 -5.517964 0.656715 -4.271334 -7.095085 0.353761 8.551681 -75.594040 -6.054613 29.086805 -0.289712 -5.809165 11.163267 -3.551291 8.172374 1.968384 -1.348198 0.461775 8.853022 0.033747 5.497645 -6.497284 0.973829 0.138657 -10.146722 -1.573050 -3.641452 -7.108097 1.389638 -1.408289 1.868127 0.328739 -1.382710 -1.685877 -4.208965 0.000000 -0.000000 0.000000
4.884384 95.431989 174.729047 -5.214212 5.929561 -0.632667 -0.762301 1.430565 -0.145256 -0.331985 -5.190294 -0.062455 -0.330634 0.630040 -0.096158 -0.255214 6.309262 -0.072234 -13.761668 17.413214 2.874879 -26.287514 -1.914283 9.730438 -1.716283 -0.154106 6.902595 29.174505 -27.779165 55.976100 16.137471 17.533037 7.521649 -1.692085 8.400374 -5.523189 0.632610 -4.276262 -7.074507 0.293131 8.395457 -75.519132 -6.130887 28.827382 -0.342351 -5.811925 11.086619 -3.360258 8.094430 2.007861 -1.436458 0.541462 8.794007 0.023284 5.669966 -6.347290 1.227081 0.158820 -10.383804 -1.759660 -3.627302 -7.043208 1.344358 -1.314077 1.901131 0.327658 -1.243109 -1.807408 -4.093749 -0.000000 -0.000000 -0.000000
4.978579 95.442023 174.950910 -5.470317 6.008755 -0.675476 -0.752065 1.432427 -0.138001 -0.327783 -5.189481 -0.059247 -0.326450 0.630855 -0.092523 -0.251801 6.309871 -0.069495 -13.742957 17.404014 2.867745 -26.252549 -1.936601 9.714089 -1.723043 -0.140756 6.905002 29.256355 -27.673769 55.991143 16.024087 17.541063 7.446124 -1.776258 8.581063 -5.537318 0.611174 -4.287067 -7.052852 0.243041 8.273295 -75.451434 -6.192989 28.599113 -0.397676 -5.810867 11.012019 -3.139704 8.047533 2.050549 -1.514990 0.595777 8.725245 0.009336 5.827449 -6.196804 1.481457 0.179837 -10.612858 -1.947576 -3.603408 -6.986919 1.302690 -1.201759 1.946181 0.330347 -1.125276 -1.924867 -3.990589 0.000000 -0.000000 0.000000
5.063892 95.450298 175.166798 -5.726170 6.078005 -0.713911 -0.741258 1.435030 -0.134037 -0.323169 -5.188334 -0.057507 -0.321855 0.632005 -0.090315 -0.248188 6.310732 -0.067833 -13.722091 17.399722 2.857646 -26.211888 -1.951115 9.690649 -1.733115 -0.130216 6.913038 29.298875 -27.597024 56.020139 15.919936 17.567228 7.390300 -1.839412 8.706456 -5.525847 0.601003 -4.292781 -7.031109 0.229102 8.163273 -75.380767 -6.236989 28.407809 -0.455750 -5.812648 10.935776 -2.965929 7.997526 2.103732 -1.595148 0.650606 8.648384 -0.006112 6.005173 -6.053310 1.740091 0.202290 -10.827627 -2.145034 -3.546283 -6.912906 1.255079 -1.100521 1.967162 0.336790 -1.025380 -2.032342 -3.881735 -0.000000 0.000000 -0.000000
5.140020 95.456531 175.379137 -5.988094 6.133211 -0.745039 -0.729495 1.438618 -0.136490 -0.317818 -5.186739 -0.058632 -0.316527 0.633603 -0.090897 -0.244236 6.311930 -0.068277 -13.696755 17.400161 2.845126 -26.161492 -1.958471 9.660468 -1.746787 -0.123563 6.931863 29.268647 -27.569116 56.076615 15.826730 17.624007 7.371583 -1.865584 8.724643 -5.458061 0.610096 -4.288642 -7.006657 0.275447 8.054627 -75.301703 -6.261441 28.257747 -0.522024 -5.826516 10.849319 -2.883392 7.932081 2.174375 -1.683618 0.716979 8.559626 -0.021475 6.220332 -5.919458 2.004190 0.226370 -11.023337 -2.355797 -3.418256 -6.805684 1.192535 -1.022733 1.944834 0.349409 -0.960969 -2.126821 -3.758463 0.000000 -0.000000 0.000000
5.207266 95.461005 175.585501 -6.249713 6.178545 -0.771641 -0.717179 1.442894 -0.142240 -0.312062 -5.184833 -0.061230 -0.310795 0.635513 -0.092910 -0.240089 6.313362 -0.069800 -13.669285 17.405476 2.829584 -26.105425 -1.958070 9.623117 -1.763747 -0.119622 6.956363 29.198930 -27.569634 56.147521 15.742678 17.699465 7.371974 -1.870863 8.688087 -5.363131 0.630463 -4.279412 -6.982254 0.357848 7.957973 -75.220323 -6.268372 28.144835 -0.591943 -5.843330 10.760960 -2.847734 7.863471 2.255398 -1.773969 0.783854 8.462741 -0.038229 6.455533 -5.792929 2.272749 0.251828 -11.204569 -2.576372 -3.257115 -6.680684 1.123967 -0.956133 1.898529 0.365958 -0.914431 -2.211210 -3.629260 0.000000 0.000000 -0.000000
5.267418 95.463819 175.784863 -6.491576 6.222285 -0.797945 -0.710967 1.444680 -0.145574 -0.309138 -5.184036 -0.062733 -0.307883 0.636312 -0.094117 -0.237997 6.313961 -0.070714 -13.642759 17.413906 2.813478 -26.050394 -1.951906 9.584343 -1.779742 -0.116424 6.978347 29.119749 -27.566451 56.218801 15.679714 17.760951 7.376268 -1.874645 8.672825 -5.296122 0.646695 -4.268458 -6.967002 0.429374 7.883580 -75.143401 -6.259020 28.062309 -0.650387 -5.842198 10.692327 -2.802026 7.794454 2.332986 -1.857736 0.844001 8.370678 -0.059164 6.694036 -5.673962 2.545578 0.278599 -11.378978 -2.804250 -3.152492 -6.558051 1.066500 -0.893011 1.850051 0.379570 -0.829190 -2.288578 -3.502367 0.000000 -0.000000 0.000000
5.320156 95.464753 175.976421 -6.708135 6.268269 -0.826379 -0.713661 1.442395 -0.143976 -0.310414 -5.185053 -0.062016 -0.309153 0.635294 -0.093529 -0.238905 6.313198 -0.070269 -13.616260 17.427285 2.797214 -25.994554 -1.936712 9.544208 -1.794971 -0.114517 6.995944 29.037231 -27.550597 56.288646 15.647581 17.796865 7.379897 -1.885968 8.730752 -5.290229 0.654043 -4.257216 -6.967760 0.476261 7.838765 -75.068185 -6.232079 28.006738 -0.696363 -5.810662 10.655677 -2.721293 7.718655 2.402487 -1.930387 0.896379 8.284524 -0.089303 6.939505 -5.563111 2.827895 0.307058 -11.547762 -3.042660 -3.153360 -6.442941 1.029636 -0.832757 1.802037 0.387140 -0.665372 -2.357788 -3.379821 0.000000 0.000000 0.000000
5.365801 95.464026 176.160977 -6.904933 6.312684 -0.854460 -0.722450 1.437659 -0.139907 -0.314520 -5.187162 -0.060180 -0.313242 0.633183 -0.092110 -0.241865 6.311615 -0.069196 -13.590714 17.443788 2.780359 -25.939774 -1.915742 9.502607 -1.809251 -0.113403 7.011031 28.945311 -27.531052 56.358710 15.636584 17.818696 7.388011 -1.895378 8.809445 -5.312666 0.657215 -4.244375 -6.977662 0.512315 7.816231 -74.997465 -6.189245 27.981644 -0.731193 -5.760995 10.638556 -2.630649 7.642538 2.468771 -1.996296 0.942045 8.203171 -0.123681 7.188210 -5.460112 3.114575 0.336835 -11.709516 -3.288531 -3.210584 -6.330180 1.003757 -0.775991 1.751889 0.391959 -0.462803 -2.420106 -3.259839 0.000000 0.000000 0.000000
5.407097 95.462399 176.339906 -7.079168 6.352339 -0.879060 -0.735566 1.432122 -0.135107 -0.320586 -5.189627 -0.058007 -0.319282 0.630714 -0.090553 -0.246277 6.309764 -0.068016 -13.571942 17.456180 2.764185 -25.898290 -1.900742 9.465119 -1.817768 -0.109616 7.020999 28.855931 -27.502855 56.419772 15.629517 17.828274 7.400280 -1.894272 8.828385 -5.319601 0.654990 -4.229152 -6.985187 0.531969 7.804353 -74.946053 -6.136172 27.990581 -0.743074 -5.709434 10.625628 -2.548293 7.588169 2.532427 -2.060185 0.976930 8.136368 -0.150267 7.412348 -5.363821 3.389855 0.366732 -11.868055 -3.529846 -3.266572 -6.224507 0.977350 -0.716787 1.713547 0.396622 -0.284481 -2.482211 -3.144979 0.000000 0.000000 -0.000000
5.444569 95.459740 176.513673 -7.227154 6.386607 -0.898119 -0.754193 1.425130 -0.130778 -0.329081 -5.192736 -0.056029 -0.327741 0.627600 -0.089437 -0.252536 6.307429 -0.067167 -13.563511 17.461115 2.749479 -25.877426 -1.896935 9.434927 -1.817342 -0.101263 7.024147 28.771133 -27.460483 56.468458 15.628127 17.819009 7.421070 -1.870027 8.716518 -5.282925 0.645299 -4.209493 -6.986042 0.527547 7.804416 -74.924531 -6.066313 28.048044 -0.716284 -5.663369 10.605352 -2.478902 7.567726 2.592994 -2.124410 0.997929 8.089816 -0.162994 7.598090 -5.276998 3.645147 0.396011 -12.022667 -3.760656 -3.312050 -6.128764 0.946560 -0.642205 1.692990 0.402735 -0.154241 -2.546357 -3.035414 -0.000000 0.000000 0.000000
5.477693 95.456180 176.681813 -7.352553 6.416178 -0.913608 -0.777148 1.417335 -0.125709 -0.339535 -5.196203 -0.053710 -0.338151 0.624127 -0.088179 -0.260249 6.304825 -0.066210 -13.561818 17.461950 2.735529 -25.869808 -1.899088 9.408953 -1.811168 -0.090300 7.022138 28.688943 -27.409643 56.508010 15.630594 17.797517 7.446194 -1.835637 8.545084 -5.229973 0.630219 -4.187415 -6.984541 0.506659 7.814941 -74.922360 -5.985846 28.139387 -0.666342 -5.615338 10.589318 -2.417907 7.569066 2.651114 -2.186488 1.008187 8.057972 -0.168100 7.759088 -5.196831 3.889100 0.425276 -12.173994 -3.986940 -3.356323 -6.040093 0.915455 -0.565139 1.684225 0.408529 -0.048249 -2.610191 -2.930816 0.000000 0.000000 0.000000
5.507645 95.452869 176.844307 -7.463574 6.439827 -0.928434 -0.799110 1.412337 -0.118049 -0.349673 -5.198432 -0.050234 -0.348247 0.621892 -0.085732 -0.267634 6.303149 -0.064355 -13.561918 17.461513 2.721375 -25.865615 -1.903256 9.383405 -1.803999 -0.079041 7.017404 28.615236 -27.362306 56.539226 15.614408 17.785479 7.462198 -1.820637 8.447121 -5.200137 0.614751 -4.168185 -6.982053 0.486667 7.820165 -74.922571 -5.919704 28.224516 -0.628308 -5.559498 10.597077 -2.369534 7.577766 2.709007 -2.243907 1.013001 8.033763 -0.172045 7.908813 -5.113689 4.131788 0.455368 -12.327956 -4.214542 -3.369721 -5.954712 0.884539 -0.518405 1.683265 0.411510 0.041969 -2.673406 -2.832883 0.000000 -0.000000 0.000000
5.534724 95.451070 177.001048 -7.561002 6.456920 -0.944296 -0.818747 1.412327 -0.106385 -0.358970 -5.198452 -0.044969 -0.357507 0.621866 -0.081411 -0.274251 6.303128 -0.061086 -13.561958 17.459604 2.706074 -25.861190 -1.910393 9.356079 -1.797497 -0.067023 7.009719 28.554071 -27.323111 56.561014 15.570923 17.796733 7.463208 -1.845723 8.512411 -5.225746 0.598288 -4.154007 -6.979782 0.470972 7.812866 -74.918805 -5.871082 28.292635 -0.613584 -5.484355 10.650009 -2.340436 7.596609 2.765317 -2.294303 1.013836 8.019437 -0.175861 8.043379 -5.023448 4.376313 0.486699 -12.489068 -4.445481 -3.327743 -5.872445 0.853833 -0.528795 1.690607 0.410062 0.118484 -2.736244 -2.742574 -0.000000 0.000000 0.000000
5.558631 95.449520 177.152143 -7.644042 6.468104 -0.959447 -0.837390 1.415128 -0.092165 -0.367948 -5.197229 -0.038562 -0.366450 0.623083 -0.075915 -0.280542 6.304040 -0.056929 -13.563787 17.456430 2.690580 -25.860185 -1.919532 9.329195 -1.790008 -0.054724 6.999316 28.501295 -27.287541 56.574623 15.508860 17.817410 7.454870 -1.889973 8.650869 -5.275592 0.581436 -4.142679 -6.976476 0.456186 7.800258 -74.917360 -5.837040 28.354616 -0.610803 -5.401591 10.726850 -2.323847 7.622864 2.821485 -2.339973 1.009249 8.012765 -0.178547 8.166734 -4.930259 4.619643 0.518913 -12.652762 -4.677803 -3.254892 -5.793392 0.823523 -0.569511 1.705841 0.405994 0.179213 -2.798413 -2.658838 -0.000000 -0.000000 -0.000000
5.579655 95.445578 177.297896 -7.718538 6.474075 -0.971636 -0.853709 1.417792 -0.077841 -0.375898 -5.196069 -0.032115 -0.374369 0.624238 -0.070276 -0.286054 6.304904 -0.052666 -13.568029 17.455425 2.676743 -25.863764 -1.923836 9.305554 -1.781302 -0.045850 6.989341 28.450417 -27.253807 56.584426 15.431801 17.827645 7.440972 -1.919899 8.725964 -5.293250 0.571014 -4.132846 -6.969810 0.449512 7.788321 -74.920232 -5.833674 28.402966 -0.620984 -5.340140 10.783203 -2.303767 7.633811 2.883848 -2.385473 1.000135 7.999922 -0.183452 8.304142 -4.836929 4.862604 0.551725 -12.811348 -4.911377 -3.195002 -5.714203 0.794284 -0.592991 1.723609 0.401943 0.226397 -2.858823 -2.580375 -0.000000 0.000000 0.000000
5.597563 95.436887 177.437415 -7.785808 6.474173 -0.978336 -0.866922 1.420072 -0.064917 -0.382399 -5.195078 -0.026303 -0.380845 0.625225 -0.065124 -0.290520 6.305642 -0.048772 -13.576009 17.458522 2.664964 -25.874171 -1.919421 9.285854 -1.771452 -0.042337 6.980369 28.404620 -27.220559 56.589539 15.333727 17.814325 7.419303 -1.917217 8.657122 -5.238647 0.571108 -4.124621 -6.955913 0.452828 7.780073 -74.932826 -5.871214 28.431497 -0.642409 -5.315659 10.797409 -2.274996 7.619555 2.955186 -2.433622 0.985069 7.975173 -0.193231 8.469437 -4.740612 5.108219 0.585402 -12.964704 -5.148665 -3.163715 -5.634720 0.764690 -0.575743 1.744315 0.399682 0.253576 -2.917545 -2.508989 0.000000 0.000000 0.000000
5.612588 95.425803 177.571592 -7.844528 6.469076 -0.982053 -0.877815 1.422203 -0.051892 -0.387873 -5.194154 -0.020454 -0.386298 0.626145 -0.059830 -0.294209 6.306330 -0.044772 -13.586408 17.463798 2.654828 -25.889172 -1.910156 9.269371 -1.760372 -0.042237 6.971852 28.360704 -27.189174 56.590878 15.220680 17.790532 7.392196 -1.900491 8.525352 -5.150848 0.577634 -4.117863 -6.938642 0.464249 7.772491 -74.949780 -5.939406 28.446310 -0.676696 -5.312509 10.791192 -2.242594 7.589976 3.032690 -2.481662 0.965464 7.944242 -0.205160 8.648725 -4.644226 5.353486 0.619627 -13.112903 -5.387209 -3.145388 -5.555108 0.736139 -0.541258 1.767512 0.397340 0.267204 -2.974466 -2.442783 0.000000 0.000000 -0.000000
5.625710 95.416756 177.703411 -7.896592 6.461473 -0.988093 -0.887415 1.421967 -0.036704 -0.392877 -5.194287 -0.013648 -0.391282 0.626009 -0.053532 -0.297470 6.306224 -0.040015 -13.595876 17.468914 2.646959 -25.903211 -1.900827 9.256762 -1.747586 -0.043420 6.965266 28.302646 -27.161910 56.595461 15.114292 17.775759 7.370253 -1.890819 8.436584 -5.091607 0.585143 -4.110851 -6.927266 0.485330 7.762520 -74.956960 -6.023618 28.458310 -0.729870 -5.312598 10.785199 -2.206004 7.552014 3.114288 -2.525822 0.946469 7.910486 -0.214514 8.825530 -4.559165 5.590144 0.653120 -13.248611 -5.619406 -3.136907 -5.472526 0.713442 -0.512464 1.786541 0.392022 0.288902 -3.028244 -2.374970 0.000000 -0.000000 0.000000
5.637390 95.411855 177.834384 -7.943160 6.451723 -0.999806 -0.895211 1.418123 -0.017474 -0.397274 -5.196032 -0.005051 -0.395661 0.624260 -0.045381 -0.300137 6.304908 -0.033862 -13.602561 17.473533 2.641306 -25.912926 -1.892425 9.247466 -1.731972 -0.044464 6.961959 28.217057 -27.141170 56.605090 15.023624 17.782430 7.360200 -1.899946 8.449080 -5.098365 0.591933 -4.102967 -6.926356 0.526179 7.748367 -74.943889 -6.131289 28.471292 -0.816378 -5.309851 10.787122 -2.161240 7.500646 3.200191 -2.565250 0.932578 7.874066 -0.218000 8.999131 -4.490702 5.816544 0.685492 -13.367731 -5.844543 -3.139059 -5.383699 0.700509 -0.500234 1.796296 0.380919 0.331977 -3.076150 -2.300968 0.000000 0.000000 0.000000
5.647167 95.408991 177.963000 -7.983068 6.439462 -1.013839 -0.901721 1.411914 0.003925 -0.401203 -5.198833 0.004506 -0.399573 0.621457 -0.036224 -0.302379 6.302800 -0.026950 -13.608312 17.478005 2.637922 -25.921672 -1.883935 9.242044 -1.714650 -0.046774 6.960592 28.117345 -27.124545 56.617920 14.939572 17.798182 7.355164 -1.915724 8.504248 -5.134201 0.599703 -4.094856 -6.931334 0.576685 7.731859 -74.921041 -6.254990 28.481215 -0.921858 -5.310381 10.789329 -2.112299 7.440924 3.290212 -2.600843 0.919302 7.834838 -0.218898 9.169993 -4.433429 6.034309 0.716915 -13.474442 -6.063202 -3.151007 -5.291889 0.693395 -0.493720 1.801888 0.366874 0.383135 -3.120937 -2.225410 0.000000 -0.000000 -0.000000
5.654634 95.406258 178.087711 -8.014728 6.426295 -1.025461 -0.909509 1.404848 0.023931 -0.405632 -5.202013 0.013443 -0.403983 0.618274 -0.027736 -0.305044 6.300408 -0.020544 -13.615341 17.481018 2.637588 -25.933952 -1.877124 9.242838 -1.698498 -0.052469 6.958606 28.027688 -27.107034 56.635504 14.856507 17.805324 7.345340 -1.922943 8.532702 -5.149409 0.608116 -4.086703 -6.937757 0.608089 7.715365 -74.905708 -6.357837 28.487461 -1.009084 -5.314342 10.789415 -2.070661 7.394917 3.381716 -2.631375 0.898316 7.795708 -0.222377 9.323371 -4.382645 6.240087 0.746901 -13.573878 -6.269693 -3.167207 -5.204065 0.685159 -0.483267 1.811997 0.355486 0.424089 -3.169488 -2.155345 0.000000 -0.000000 0.000000
5.659387 95.403099 178.208079 -8.034731 6.412479 -1.032195 -0.920093 1.397119 0.041019 -0.411163 -5.205482 0.021085 -0.409489 0.614801 -0.020656 -0.308638 6.297799 -0.015199 -13.623769 17.482986 2.641745 -25.950376 -1.870871 9.252409 -1.685580 -0.064854 6.955526 27.958157 -27.084254 56.660136 14.768123 17.790140 7.324609 -1.910763 8.492518 -5.114119 0.618479 -4.078211 -6.943372 0.602921 7.699537 -74.906901 -6.423219 28.487247 -1.060832 -5.325420 10.781042 -2.044410 7.376307 3.475383 -2.655688 0.864046 7.757266 -0.230809 9.449625 -4.338498 6.433438 0.775225 -13.666466 -6.462545 -3.191921 -5.123708 0.673078 -0.463030 1.832123 0.349338 0.449131 -3.225036 -2.094975 0.000000 -0.000000 0.000000
5.661830 95.400072 178.324543 -8.046488 6.397767 -1.036524 -0.931954 1.388521 0.056710 -0.417193 -5.209336 0.028106 -0.415493 0.610943 -0.014247 -0.312655 6.294901 -0.010360 -13.633474 17.483500 2.648954 -25.970328 -1.866293 9.268199 -1.673823 -0.080629 6.951833 27.898659 -27.060547 56.689556 14.680777 17.766263 7.299232 -1.890231 8.425767 -5.057942 0.629487 -4.069676 -6.950425 0.578665 7.683677 -74.915612 -6.467711 28.483612 -1.094248 -5.339914 10.770482 -2.025428 7.371434 3.570577 -2.674799 0.822070 7.718918 -0.241822 9.558253 -4.300764 6.614848 0.801967 -13.751837 -6.643165 -3.220905 -5.047341 0.659897 -0.438833 1.856771 0.345828 0.463941 -3.284313 -2.040036 0.000000 0.000000 -0.000000
5.662762 95.396945 178.436874 -8.058639 6.383005 -1.041159 -0.943091 1.379961 0.072016 -0.422883 -5.213172 0.034952 -0.421157 0.607102 -0.007979 -0.316429 6.292017 -0.005628 -13.646290 17.480004 2.655676 -25.996475 -1.868528 9.284879 -1.659911 -0.091999 6.946390 27.843107 -27.043995 56.718535 14.607824 17.757010 7.278003 -1.878775 8.389161 -5.020230 0.636876 -4.062177 -6.961220 0.559010 7.668148 -74.922099 -6.504257 28.484862 -1.123629 -5.346872 10.774218 -2.000932 7.361349 3.662678 -2.690743 0.780793 7.681782 -0.253474 9.663265 -4.264170 6.782370 0.827131 -13.833954 -6.810190 -3.235882 -4.971507 0.646934 -0.418517 1.878139 0.342771 0.467310 -3.344435 -1.984832 0.000000 0.000000 0.000000
5.662302 95.393682 178.545032 -8.073759 6.367858 -1.048296 -0.952780 1.371949 0.088060 -0.427963 -5.216767 0.042124 -0.426215 0.603503 -0.001322 -0.319718 6.289313 -0.000603 -13.664168 17.469858 2.660745 -26.032457 -1.882291 9.301474 -1.640917 -0.094125 6.937739 27.784166 -27.041060 56.745775 14.557790 17.776742 7.268019 -1.885159 8.412805 -5.021555 0.637088 -4.055474 -6.978134 0.553778 7.652046 -74.921785 -6.537134 28.497940 -1.154187 -5.336443 10.811322 -1.961938 7.338336 3.751657 -2.702583 0.739256 7.643913 -0.266175 9.773609 -4.225435 6.935924 0.850743 -13.914510 -6.963302 -3.221465 -4.894821 0.634770 -0.405760 1.894639 0.340153 0.450100 -3.406772 -1.925078 0.000000 0.000000 0.000000
5.660330 95.390319 178.649057 -8.089271 6.352660 -1.055737 -0.961746 1.363976 0.103719 -0.432703 -5.220344 0.049122 -0.430933 0.599922 0.005194 -0.322764 6.286623 0.004315 -13.685144 17.455695 2.665338 -26.074616 -1.902884 9.318983 -1.619777 -0.091843 6.927337 27.729138 -27.045290 56.772647 14.522129 17.811114 7.262183 -1.900443 8.466519 -5.041495 0.633691 -4.049827 -6.998800 0.553134 7.636295 -74.919243 -6.562095 28.515928 -1.180764 -5.318437 10.862733 -1.917496 7.310128 3.837545 -2.711299 0.698425 7.607240 -0.279508 9.880250 -4.187715 7.075596 0.872701 -13.991916 -7.102755 -3.193043 -4.818658 0.622910 -0.396884 1.907867 0.338016 0.421433 -3.469934 -1.864993 -0.000000 0.000000 0.000000
5.657289 95.386728 178.748842 -8.106093 6.339273 -1.059595 -0.970163 1.355418 0.116631 -0.437066 -5.224176 0.054891 -0.435275 0.596088 0.010521 -0.325617 6.283743 0.008335 -13.705175 17.442876 2.669434 -26.114673 -1.921323 9.335033 -1.601973 -0.091879 6.918419 27.693892 -27.045411 56.797918 14.488563 17.840403 7.247959 -1.915272 8.516578 -5.057924 0.633121 -4.047065 -7.018395 0.551267 7.624031 -74.918457 -6.579297 28.526287 -1.202100 -5.311453 10.887755 -1.881867 7.280935 3.915781 -2.721855 0.669584 7.578696 -0.290346 9.970239 -4.155369 7.199673 0.892837 -14.065226 -7.228058 -3.178503 -4.743698 0.611008 -0.388717 1.914803 0.334257 0.407496 -3.526913 -1.811693 -0.000000 -0.000000 0.000000
5.653330 95.382470 178.844477 -8.125018 6.329270 -1.057577 -0.977977 1.345043 0.125312 -0.440955 -5.228807 0.058766 -0.439145 0.591453 0.014001 -0.328256 6.280265 0.010962 -13.723989 17.434080 2.673543 -26.151857 -1.932643 9.349879 -1.590578 -0.097747 6.912697 27.695359 -27.032087 56.819374 14.451697 17.855664 7.214521 -1.926015 8.552921 -5.064483 0.639152 -4.049486 -7.034432 0.546573 7.618228 -74.922182 -6.585995 28.519697 -1.216371 -5.330400 10.855190 -1.865116 7.249868 3.984469 -2.736690 0.658616 7.560256 -0.298093 10.037192 -4.132778 7.306139 0.910640 -14.131382 -7.337044 -3.187183 -4.669197 0.598703 -0.384816 1.910754 0.326788 0.422383 -3.573684 -1.768513 0.000000 0.000000 -0.000000
5.648303 95.377984 178.935871 -8.145256 6.321081 -1.051978 -0.985234 1.334079 0.131250 -0.444463 -5.233694 0.061414 -0.442636 0.586563 0.016293 -0.330700 6.276595 0.012690 -13.741865 17.426633 2.677151 -26.186949 -1.941801 9.363249 -1.582516 -0.105942 6.908458 27.716594 -27.014680 56.839279 14.416932 17.865823 7.172749 -1.936287 8.585629 -5.067486 0.648014 -4.054778 -7.049385 0.540658 7.615907 -74.927675 -6.584895 28.505506 -1.225368 -5.360408 10.796206 -1.857064 7.217793 4.045489 -2.753354 0.659636 7.549951 -0.303444 10.087393 -4.115485 7.397037 0.926533 -14.193499 -7.431826 -3.209757 -4.595911 0.586274 -0.381633 1.900408 0.317706 0.452011 -3.614290 -1.732185 0.000000 -0.000000 0.000000
5.642194 95.374458 179.022644 -8.165345 6.311846 -1.045791 -0.992260 1.325597 0.136541 -0.447839 -5.237477 0.063778 -0.445995 0.582778 0.018314 -0.333066 6.273754 0.014215 -13.755587 17.417869 2.678705 -26.214005 -1.954687 9.371980 -1.574046 -0.112652 6.903792 27.722666 -27.009947 56.863056 14.388190 17.877970 7.142641 -1.947590 8.611206 -5.063783 0.654823 -4.057850 -7.065885 0.532522 7.611268 -74.930676 -6.584317 28.499165 -1.233233 -5.375486 10.763684 -1.841681 7.191541 4.099947 -2.769452 0.666275 7.548807 -0.305242 10.126917 -4.094627 7.476749 0.941779 -14.259864 -7.518350 -3.246113 -4.526777 0.574282 -0.365331 1.894825 0.311138 0.480319 -3.653825 -1.699939 0.000000 -0.000000 0.000000
5.634893 95.372128 179.104487 -8.186790 6.300648 -1.040092 -0.998877 1.320870 0.141871 -0.451036 -5.239591 0.066166 -0.449177 0.580661 0.020377 -0.335297 6.272165 0.015773 -13.763575 17.406311 2.677660 -26.230203 -1.974444 9.374940 -1.563347 -0.115476 6.897553 27.693261 -27.031627 56.895470 14.369168 17.895470 7.136508 -1.959900 8.623482 -5.049899 0.657382 -4.055044 -7.086197 0.520009 7.600385 -74.928592 -6.585581 28.510915 -1.240196 -5.357958 10.790156 -1.808105 7.174644 4.146375 -2.783439 0.682745 7.559857 -0.302335 10.149602 -4.066035 7.541128 0.956259 -14.335168 -7.593221 -3.307106 -4.463388 0.563552 -0.321141 1.899197 0.309304 0.504500 -3.694836 -1.673654 0.000000 0.000000 -0.000000
5.626512 95.370757 179.181708 -8.208087 6.288404 -1.033803 -1.005262 1.318625 0.146550 -0.454100 -5.240600 0.068267 -0.452227 0.579649 0.022168 -0.337449 6.271405 0.017126 -13.767401 17.393440 2.674573 -26.238354 -1.997916 9.373267 -1.552244 -0.116815 6.890883 27.648663 -27.065946 56.931774 14.356160 17.914971 7.142031 -1.973277 8.628628 -5.029316 0.657879 -4.050027 -7.108067 0.505271 7.587194 -74.924003 -6.587385 28.530517 -1.246053 -5.325446 10.843087 -1.767293 7.163583 4.186252 -2.796825 0.704843 7.580073 -0.295896 10.161576 -4.033878 7.594353 0.970081 -14.414720 -7.659833 -3.381869 -4.404169 0.553200 -0.263822 1.908330 0.309928 0.527364 -3.734771 -1.651442 -0.000000 0.000000 -0.000000
5.617374 95.370827 179.254851 -8.223264 6.275009 -1.026690 -1.012286 1.318117 0.150601 -0.457418 -5.240837 0.070094 -0.455532 0.579410 0.023658 -0.339814 6.271224 0.018253 -13.768577 17.381031 2.669546 -26.240962 -2.021547 9.367203 -1.542455 -0.120067 6.885310 27.614898 -27.088407 56.963021 14.342001 17.933488 7.142252 -1.989324 8.641675 -5.009326 0.658005 -4.048699 -7.127339 0.493764 7.577695 -74.920417 -6.594127 28.542703 -1.254300 -5.305018 10.877795 -1.736030 7.154619 4.225111 -2.811794 0.713578 7.601388 -0.288240 10.187392 -4.001837 7.653271 0.984905 -14.492687 -7.734361 -3.437709 -4.347289 0.541300 -0.223815 1.917714 0.310412 0.541271 -3.771068 -1.624856 0.000000 -0.000000 -0.000000
5.607770 95.371644 179.323972 -8.229345 6.259714 -1.019731 -1.020813 1.319538 0.154742 -0.461410 -5.240217 0.071969 -0.459508 0.580027 0.025128 -0.342685 6.271686 0.019366 -13.766489 17.369684 2.661703 -26.236532 -2.044575 9.354849 -1.535152 -0.127316 6.881119 27.608937 -27.088156 56.984122 14.322309 17.950702 7.127724 -2.009219 8.673718 -4.994404 0.657227 -4.054613 -7.141634 0.487755 7.576862 -74.921939 -6.607370 28.536889 -1.264104 -5.311669 10.870324 -1.724576 7.147225 4.264217 -2.829406 0.695522 7.623637 -0.278769 10.243038 -3.972716 7.725276 1.001846 -14.567994 -7.825345 -3.454442 -4.291742 0.527816 -0.216426 1.926615 0.310122 0.532238 -3.804631 -1.590352 0.000000 -0.000000 0.000000
5.597410 95.373902 179.389015 -8.229308 6.243266 -1.011952 -1.029979 1.322694 0.158254 -0.465657 -5.238825 0.073569 -0.463739 0.581415 0.026297 -0.345768 6.272726 0.020253 -13.761753 17.358801 2.651916 -26.226559 -2.067751 9.338091 -1.529163 -0.136477 6.878024 27.613854 -27.076081 57.000127 14.301467 17.966921 7.107903 -2.031753 8.713668 -4.980080 0.656082 -4.064207 -7.153325 0.484979 7.579715 -74.924474 -6.625528 28.523654 -1.276266 -5.330470 10.844630 -1.722627 7.141929 4.302311 -2.848581 0.664111 7.647000 -0.268069 10.312555 -3.943741 7.802943 1.019822 -14.641666 -7.924292 -3.452261 -4.238503 0.512900 -0.226350 1.935776 0.309750 0.514251 -3.834539 -1.551434 0.000000 0.000000 -0.000000
5.585746 95.380161 179.450360 -8.226110 6.227806 -1.000184 -1.038051 1.326253 0.159007 -0.469285 -5.237248 0.073936 -0.467353 0.582989 0.026295 -0.348479 6.273906 0.020256 -13.757721 17.348361 2.642903 -26.218045 -2.089788 9.322843 -1.522689 -0.144687 6.876698 27.604886 -27.060305 57.017219 14.285482 17.980103 7.094188 -2.054933 8.743286 -4.960217 0.657875 -4.072699 -7.165381 0.484099 7.577315 -74.919228 -6.648281 28.519454 -1.296732 -5.343689 10.827929 -1.716153 7.136558 4.341145 -2.868306 0.640633 7.663918 -0.260231 10.372597 -3.910229 7.880897 1.037187 -14.711022 -8.021826 -3.459039 -4.188722 0.494917 -0.238120 1.942911 0.308704 0.521635 -3.855509 -1.510282 -0.000000 0.000000 0.000000
5.572510 95.393525 179.507923 -8.219553 6.213600 -0.980811 -1.044321 1.330222 0.155021 -0.471883 -5.235477 0.072184 -0.469942 0.584758 0.024280 -0.350573 6.275234 0.018739 -13.755444 17.338019 2.635727 -26.213306 -2.110853 9.311417 -1.515203 -0.150348 6.878647 27.570853 -27.042852 57.036153 14.281359 17.985979 7.092584 -2.077962 8.752051 -4.930988 0.664464 -4.078636 -7.178709 0.485738 7.564741 -74.899795 -6.679893 28.534439 -1.333564 -5.342371 10.835173 -1.698622 7.130885 4.382153 -2.889755 0.636537 7.671421 -0.257503 10.411087 -3.868874 7.957958 1.053519 -14.776855 -8.114983 -3.487594 -4.142867 0.470587 -0.250191 1.947046 0.306365 0.578614 -3.863812 -1.466364 0.000000 -0.000000 -0.000000
5.557969 95.410891 179.561788 -8.209838 6.200379 -0.957452 -1.049498 1.334594 0.148280 -0.473863 -5.233521 0.069201 -0.471915 0.586712 0.021095 -0.352293 6.276702 0.016340 -13.753875 17.328121 2.629321 -26.210035 -2.130780 9.301499 -1.507236 -0.155057 6.882361 27.522951 -27.021694 57.056144 14.282097 17.988828 7.097096 -2.101664 8.750494 -4.896211 0.673986 -4.083463 -7.192406 0.489259 7.546911 -74.872583 -6.716144 28.558419 -1.378761 -5.335471 10.851424 -1.676602 7.125123 4.423903 -2.911748 0.640361 7.672466 -0.257636 10.440102 -3.823004 8.035360 1.069186 -14.838371 -8.206713 -3.525121 -4.100499 0.443158 -0.264110 1.949154 0.303353 0.660987 -3.863240 -1.420288 -0.000000 0.000000 -0.000000
5.542375 95.425509 179.612582 -8.200525 6.189484 -0.937789 -1.053974 1.338009 0.142599 -0.475581 -5.231992 0.066686 -0.473627 0.588240 0.018406 -0.353781 6.277850 0.014313 -13.753221 17.319681 2.623210 -26.208293 -2.147792 9.292064 -1.498573 -0.160748 6.883997 27.469983 -26.998867 57.081054 14.272693 17.999432 7.101099 -2.126472 8.751962 -4.861218 0.684165 -4.086743 -7.206725 0.491437 7.529653 -74.848009 -6.743959 28.577369 -1.414161 -5.332147 10.859074 -1.655738 7.117766 4.463835 -2.929746 0.639027 7.668374 -0.257973 10.472508 -3.777862 8.111358 1.083678 -14.890554 -8.296474 -3.561042 -4.061409 0.420746 -0.269053 1.949857 0.300909 0.730437 -3.859777 -1.375954 0.000000 0.000000 0.000000
5.525499 95.434718 179.661041 -8.193242 6.181278 -0.924824 -1.057826 1.339046 0.139205 -0.477131 -5.231525 0.065185 -0.475171 0.588706 0.016747 -0.355064 6.278201 0.013064 -13.752989 17.314344 2.616758 -26.206703 -2.159138 9.281453 -1.488557 -0.167774 6.882104 27.410434 -26.975509 57.114870 14.248059 18.025363 7.103726 -2.155037 8.763106 -4.824240 0.694696 -4.086906 -7.222215 0.490773 7.515611 -74.829668 -6.757323 28.582789 -1.430360 -5.337365 10.847740 -1.637610 7.107036 4.501757 -2.941763 0.626523 7.658216 -0.258131 10.515092 -3.733001 8.187011 1.096863 -14.931752 -8.385418 -3.592446 -4.024388 0.406333 -0.256783 1.947737 0.299836 0.770779 -3.852894 -1.333047 -0.000000 0.000000 -0.000000
5.507570 95.441179 179.706429 -8.186355 6.175399 -0.915553 -1.060976 1.339129 0.136871 -0.478419 -5.231484 0.064153 -0.476454 0.588746 0.015585 -0.356114 6.278232 0.012188 -13.753672 17.310465 2.610600 -26.206646 -2.167569 9.271328 -1.477844 -0.175780 6.878132 27.345836 -26.950454 57.153590 14.213266 18.059049 7.105784 -2.184692 8.777298 -4.787057 0.705882 -4.085522 -7.238324 0.488774 7.502145 -74.813964 -6.762214 28.583223 -1.436719 -5.346171 10.827797 -1.620624 7.094727 4.537860 -2.949791 0.608864 7.642922 -0.258476 10.561042 -3.688845 8.261252 1.108799 -14.963647 -8.472346 -3.622224 -3.990624 0.396948 -0.235538 1.944211 0.299316 0.798195 -3.843097 -1.291843 0.000000 -0.000000 -0.000000
5.489519 95.446132 179.747166 -8.178520 6.172109 -0.908642 -1.063590 1.341167 0.135732 -0.479528 -5.230576 0.063656 -0.477559 0.589652 0.014976 -0.356989 6.278912 0.011730 -13.756962 17.304121 2.606172 -26.212315 -2.179563 9.265643 -1.468190 -0.185631 6.872589 27.289551 -26.922294 57.189108 14.168550 18.088532 7.103170 -2.207882 8.787938 -4.760316 0.716360 -4.086873 -7.253660 0.486733 7.487175 -74.800521 -6.763522 28.590244 -1.443192 -5.352853 10.812769 -1.605653 7.084702 4.570161 -2.955261 0.591018 7.626603 -0.257465 10.602787 -3.651934 8.329131 1.119253 -14.986231 -8.553165 -3.648492 -3.963479 0.391793 -0.219203 1.944164 0.298165 0.822895 -3.837881 -1.257124 -0.000000 -0.000000 -0.000000
5.471835 95.449866 179.782192 -8.169093 6.170974 -0.904515 -1.065504 1.347216 0.136614 -0.480425 -5.227890 0.064069 -0.478454 0.592338 0.015297 -0.357635 6.280926 0.011976 -13.764624 17.293294 2.603665 -26.227343 -2.198405 9.265707 -1.460688 -0.200334 6.864319 27.248713 -26.888662 57.218248 14.112661 18.109162 7.094248 -2.220071 8.790124 -4.752497 0.727307 -4.095364 -7.268455 0.485226 7.469446 -74.789845 -6.758427 28.610531 -1.451117 -5.354966 10.807770 -1.593484 7.080220 4.598218 -2.957983 0.575203 7.610689 -0.253581 10.635659 -3.624523 8.388227 1.128073 -14.999281 -8.626038 -3.672127 -3.945118 0.391876 -0.212660 1.952070 0.295872 0.848618 -3.842062 -1.232454 0.000000 0.000000 0.000000
5.454030 95.452092 179.812568 -8.158717 6.172427 -0.902746 -1.066882 1.355222 0.138691 -0.481141 -5.224337 0.065018 -0.479171 0.595890 0.016173 -0.358107 6.283590 0.012640 -13.774892 17.280002 2.602893 -26.248103 -2.220808 9.270223 -1.454246 -0.216880 6.854472 27.216185 -26.851952 57.244212 14.046853 18.125545 7.080690 -2.225790 8.788704 -4.755090 0.737544 -4.106589 -7.282485 0.483681 7.450211 -74.781433 -6.749748 28.637406 -1.459152 -5.354949 10.807680 -1.583336 7.078031 4.622476 -2.958138 0.559202 7.593752 -0.248348 10.664279 -3.604346 8.440959 1.135376 -15.003030 -8.692783 -3.692242 -3.933367 0.396204 -0.211031 1.963454 0.292958 0.871605 -3.850809 -1.214271 -0.000000 -0.000000 -0.000000
5.435574 95.453181 179.839894 -8.147983 6.178023 -0.900730 -1.068383 1.361924 0.139617 -0.481857 -5.221361 0.065451 -0.479886 0.598866 0.016533 -0.358615 6.285821 0.012915 -13.784155 17.266376 2.604715 -26.267901 -2.243391 9.279229 -1.447343 -0.227120 6.847011 27.183910 -26.817924 57.268471 13.975125 18.139611 7.063379 -2.231090 8.791702 -4.753265 0.742168 -4.111612 -7.293665 0.481664 7.431149 -74.773392 -6.750848 28.662399 -1.473242 -5.354408 10.810680 -1.573745 7.072231 4.642279 -2.957711 0.541321 7.575619 -0.244795 10.695008 -3.591160 8.489635 1.141352 -14.998150 -8.754798 -3.704314 -3.925088 0.400975 -0.213558 1.969769 0.289799 0.890820 -3.857142 -1.196681 -0.000000 -0.000000 -0.000000
5.416047 95.452696 179.864468 -8.135674 6.189409 -0.897556 -1.070347 1.365798 0.138546 -0.482680 -5.219637 0.064987 -0.480707 0.600589 0.015987 -0.359273 6.287114 0.012505 -13.791578 17.251931 2.609938 -26.285545 -2.267012 9.294050 -1.439598 -0.226370 6.844436 27.151333 -26.787795 57.288395 13.899908 18.148799 7.040824 -2.237450 8.807110 -4.742265 0.737172 -4.104672 -7.300191 0.480167 7.411478 -74.764894 -6.769267 28.682800 -1.498867 -5.353893 10.819074 -1.566076 7.060287 4.657009 -2.956768 0.517794 7.555639 -0.244520 10.730968 -3.587663 8.533715 1.145596 -14.981761 -8.811089 -3.703399 -3.920254 0.404589 -0.221205 1.967391 0.286870 0.903374 -3.858569 -1.176624 -0.000000 0.000000 -0.000000
5.395869 95.451074 179.885994 -8.123006 6.204938 -0.894132 -1.072435 1.368370 0.136324 -0.483503 -5.218490 0.064008 -0.481527 0.601736 0.014923 -0.359968 6.287975 0.011704 -13.797997 17.237152 2.617753 -26.302232 -2.290809 9.313359 -1.431393 -0.219317 6.844252 27.118993 -26.760355 57.306634 13.818778 18.155625 7.014535 -2.243405 8.826975 -4.726898 0.726562 -4.091534 -7.303857 0.478203 7.391983 -74.756761 -6.797480 28.701311 -1.530559 -5.352846 10.830560 -1.558965 7.044732 4.667283 -2.955243 0.492391 7.534461 -0.245915 10.769015 -3.591144 8.573733 1.148491 -14.956756 -8.862640 -3.694441 -3.918893 0.408646 -0.233006 1.959943 0.283701 0.912154 -3.857584 -1.157148 -0.000000 0.000000 -0.000000
5.375770 95.449994 179.905178 -8.114218 6.221221 -0.890573 -1.074290 1.370952 0.133134 -0.484175 -5.217336 0.062596 -0.482198 0.602889 0.013443 -0.360583 6.288841 0.010589 -13.802308 17.225633 2.626597 -26.314844 -2.308827 9.333203 -1.422353 -0.211865 6.842938 27.080486 -26.737710 57.332570 13.728437 18.169651 6.989816 -2.250583 8.835439 -4.706650 0.717459 -4.080565 -7.307971 0.472380 7.376697 -74.749571 -6.826251 28.717577 -1.557853 -5.351214 10.836408 -1.546855 7.027244 4.674293 -2.954925 0.474717 7.513869 -0.247199 10.806131 -3.593253 8.613612 1.151421 -14.932459 -8.913829 -3.687747 -3.917946 0.414146 -0.245318 1.949745 0.279252 0.924790 -3.854693 -1.141517 -0.000000 -0.000000 0.000000
5.355936 95.450172 179.922042 -8.111964 6.237760 -0.885915 -1.075538 1.374057 0.127793 -0.484474 -5.215944 0.060223 -0.482496 0.604281 0.011040 -0.360988 6.289887 0.008777 -13.802458 17.219375 2.637237 -26.319530 -2.317636 9.353931 -1.411535 -0.204983 6.839113 27.029513 -26.726325 57.373342 13.621099 18.196401 6.967693 -2.259777 8.817020 -4.677012 0.712647 -4.075730 -7.314272 0.458590 7.370163 -74.742341 -6.854231 28.731374 -1.576954 -5.348584 10.829884 -1.525171 7.006336 4.677065 -2.958021 0.472010 7.495256 -0.247833 10.841766 -3.591088 8.655341 1.155084 -14.912856 -8.966977 -3.686510 -3.916436 0.421351 -0.260375 1.936152 0.271612 0.947853 -3.848747 -1.131631 0.000000 -0.000000 0.000000
5.336181 95.450893 179.936566 -8.113590 6.255054 -0.881126 -1.076555 1.377171 0.121484 -0.484623 -5.214546 0.057418 -0.482645 0.605679 0.008220 -0.361313 6.290937 0.006650 -13.800496 17.216377 2.648903 -26.320130 -2.320670 9.375185 -1.399883 -0.197704 6.834154 26.972386 -26.719697 57.421827 13.504494 18.230337 6.946987 -2.270159 8.787257 -4.642361 0.709341 -4.073064 -7.321023 0.440945 7.367846 -74.736046 -6.882756 28.742934 -1.591640 -5.345371 10.817726 -1.498483 6.983495 4.676569 -2.962321 0.477030 7.477233 -0.248373 10.876470 -3.587558 8.696935 1.158788 -14.893956 -9.019762 -3.687536 -3.915337 0.430001 -0.275940 1.919802 0.262700 0.974769 -3.840888 -1.125587 0.000000 0.000000 0.000000
5.316668 95.451690 179.949391 -8.115384 6.271214 -0.879233 -1.078107 1.380069 0.117944 -0.485144 -5.213250 0.055850 -0.483165 0.606974 0.006599 -0.361826 6.291910 0.005429 -13.801462 17.214221 2.657729 -26.325059 -2.322267 9.391961 -1.389860 -0.193026 6.828678 26.921647 -26.700491 57.465971 13.398605 18.264479 6.929739 -2.280930 8.776767 -4.615591 0.706304 -4.069038 -7.326316 0.428375 7.360148 -74.734203 -6.906614 28.752588 -1.602813 -5.342767 10.811423 -1.474953 6.964862 4.676924 -2.962993 0.477664 7.457413 -0.248694 10.908882 -3.583026 8.736366 1.161845 -14.873117 -9.069602 -3.691554 -3.914511 0.440328 -0.281657 1.904945 0.257220 0.993463 -3.835052 -1.120952 0.000000 -0.000000 -0.000000
5.297407 95.452579 179.960630 -8.116146 6.285407 -0.882335 -1.080339 1.382839 0.119188 -0.486197 -5.212022 0.056417 -0.484216 0.608201 0.007060 -0.362578 6.292830 0.005778 -13.807907 17.212237 2.661759 -26.338480 -2.323616 9.401607 -1.383110 -0.193793 6.822669 26.884658 -26.657911 57.500234 13.311484 18.299258 6.918737 -2.293551 8.806270 -4.603832 0.703480 -4.061957 -7.329116 0.426568 7.341053 -74.740164 -6.919588 28.758812 -1.606865 -5.341822 10.817356 -1.458521 6.952051 4.679688 -2.958100 0.467386 7.434324 -0.248007 10.941449 -3.576736 8.775062 1.164060 -14.848040 -9.117893 -3.701392 -3.913220 0.453100 -0.267098 1.892272 0.258243 0.994946 -3.833022 -1.117607 -0.000000 -0.000000 0.000000
5.278387 95.453544 179.970170 -8.117078 6.298465 -0.888331 -1.083103 1.385394 0.123201 -0.487621 -5.210897 0.058222 -0.485635 0.609325 0.008720 -0.363517 6.293671 0.007033 -13.817282 17.211096 2.662952 -26.356234 -2.323526 9.406778 -1.377990 -0.197160 6.816146 26.854083 -26.602778 57.530094 13.235100 18.334301 6.911261 -2.306645 8.854952 -4.600167 0.700927 -4.053516 -7.330460 0.429833 7.316570 -74.750588 -6.927892 28.763129 -1.607412 -5.341487 10.829140 -1.445251 6.943452 4.683310 -2.949584 0.452725 7.409437 -0.247088 10.971722 -3.569436 8.811597 1.165622 -14.821035 -9.163241 -3.714220 -3.912196 0.467551 -0.242693 1.881099 0.262680 0.988206 -3.833017 -1.115670 0.000000 -0.000000 -0.000000
5.259745 95.454074 179.978319 -8.118067 6.311000 -0.893947 -1.086728 1.387240 0.127682 -0.489451 -5.210088 0.060237 -0.487458 0.610133 0.010549 -0.364746 6.294276 0.008416 -13.826990 17.210398 2.663307 -26.374257 -2.322763 9.410427 -1.372034 -0.197585 6.809779 26.820429 -26.550201 57.559999 13.165353 18.361415 6.901204 -2.315119 8.891105 -4.596426 0.697581 -4.045267 -7.331551 0.430030 7.295133 -74.758937 -6.944968 28.770428 -1.616209 -5.339798 10.839114 -1.431490 6.940371 4.687246 -2.938440 0.441147 7.384771 -0.248162 10.990990 -3.563739 8.839659 1.166434 -14.796376 -9.198881 -3.722279 -3.913506 0.481597 -0.229388 1.873616 0.265992 0.988130 -3.833620 -1.113053 0.000000 -0.000000 0.000000
5.241310 95.454018 179.985031 -8.118388 6.323298 -0.898736 -1.091468 1.388250 0.132429 -0.491789 -5.209651 0.062372 -0.489787 0.610567 0.012446 -0.366348 6.294600 0.009850 -13.836467 17.209636 2.662695 -26.391560 -2.322396 9.412269 -1.364582 -0.192214 6.803716 26.783747 -26.503227 57.590109 13.103211 18.373755 6.883881 -2.315511 8.903098 -4.591815 0.693168 -4.037462 -7.332567 0.422440 7.279930 -74.763197 -6.978822 28.783723 -1.640824 -5.335399 10.843000 -1.414696 6.945950 4.691365 -2.922872 0.438673 7.360919 -0.252789 10.990226 -3.559995 8.854994 1.166329 -14.776671 -9.220176 -3.720184 -3.918879 0.495093 -0.240351 1.872153 0.266699 1.002212 -3.834351 -1.108640 -0.000000 0.000000 -0.000000
5.223252 95.453525 179.990352 -8.118766 6.335073 -0.903143 -1.097070 1.388551 0.137644 -0.494532 -5.209531 0.064716 -0.492519 0.610685 0.014512 -0.368241 6.294687 0.011411 -13.846276 17.209316 2.661244 -26.409134 -2.321361 9.412588 -1.356296 -0.183902 6.797807 26.743976 -26.458807 57.620268 13.047747 18.378154 6.864046 -2.311219 8.902579 -4.586998 0.687961 -4.029850 -7.333331 0.411784 7.267771 -74.765372 -7.021474 28.799978 -1.673692 -5.329637 10.845081 -1.397413 6.957049 4.695791 -2.904679 0.439284 7.337290 -0.259428 10.978459 -3.557855 8.861847 1.165511 -14.759311 -9.231770 -3.713323 -3.926593 0.508179 -0.262414 1.874375 0.266289 1.022960 -3.835685 -1.103550 -0.000000 0.000000 -0.000000
5.206219 95.452529 179.994718 -8.121256 6.346072 -0.905232 -1.103101 1.388035 0.141638 -0.497406 -5.209771 0.066516 -0.495382 0.610442 0.016020 -0.370274 6.294503 0.012551 -13.855514 17.210557 2.661328 -26.425887 -2.317218 9.415179 -1.346694 -0.175670 6.792277 26.691453 -26.422889 57.654461 12.991995 18.386942 6.849687 -2.307375 8.892806 -4.575875 0.681717 -4.023233 -7.334512 0.404076 7.257528 -74.764953 -7.062366 28.815015 -1.703868 -5.324612 10.850531 -1.383615 6.965553 4.700371 -2.890243 0.432384 7.314127 -0.265645 10.974067 -3.558885 8.866655 1.164449 -14.740742 -9.240824 -3.710088 -3.933540 0.519205 -0.277022 1.875470 0.264690 1.042777 -3.837634 -1.099046 -0.000000 0.000000 -0.000000
5.190276 95.450875 179.998333 -8.126507 6.355449 -0.903382 -1.109576 1.386883 0.142969 -0.500349 -5.210288 0.067127 -0.498312 0.609922 0.016332 -0.372448 6.294113 0.012789 -13.864108 17.213733 2.664646 -26.442163 -2.308883 9.423023 -1.335234 -0.169497 6.787945 26.616704 -26.399550 57.696474 12.932364 18.403918 6.845604 -2.304920 8.866249 -4.552253 0.673988 -4.018641 -7.336006 0.403262 7.249896 -74.760450 -7.099564 28.829149 -1.728060 -5.320566 10.865246 -1.376342 6.970528 4.706377 -2.882287 0.407319 7.290992 -0.271125 10.987001 -3.564280 8.872184 1.163376 -14.719510 -9.250162 -3.715236 -3.937917 0.527063 -0.276927 1.873787 0.261277 1.060324 -3.839887 -1.095238 -0.000000 0.000000 -0.000000
5.175357 95.448718 180.000993 -8.133870 6.364052 -0.899213 -1.116480 1.384912 0.143080 -0.503424 -5.211167 0.067192 -0.501374 0.609041 0.016085 -0.374762 6.293452 0.012605 -13.872131 17.218473 2.669496 -26.457614 -2.297435 9.433132 -1.322456 -0.163405 6.783992 26.529187 -26.384665 57.742539 12.872413 18.425352 6.846895 -2.302925 8.830485 -4.522259 0.665221 -4.015045 -7.337916 0.405395 7.244186 -74.753360 -7.134993 28.842071 -1.749554 -5.317268 10.883325 -1.372560 6.972902 4.712540 -2.878087 0.374746 7.268312 -0.276155 11.007311 -3.572840 8.875675 1.162061 -14.697072 -9.256965 -3.724011 -3.941523 0.532865 -0.269375 1.870982 0.256673 1.076940 -3.842756 -1.092015 0.000000 0.000000 0.000000
5.161912 95.446448 180.002528 -8.143449 6.374168 -0.895654 -1.123333 1.381457 0.144606 -0.506544 -5.212708 0.067885 -0.504480 0.607497 0.016462 -0.377063 6.292294 0.012891 -13.878895 17.224778 2.673150 -26.470116 -2.283675 9.440353 -1.309501 -0.154483 6.778185 26.447647 -26.371894 57.785312 12.815893 18.452281 6.846963 -2.303708 8.811409 -4.498365 0.656515 -4.010161 -7.341224 0.404654 7.237191 -74.747656 -7.163857 28.848695 -1.767260 -5.316097 10.892252 -1.367135 6.967352 4.714894 -2.875855 0.356031 7.247623 -0.279201 11.023528 -3.582548 8.875266 1.160270 -14.674236 -9.259927 -3.730542 -3.946645 0.538295 -0.257544 1.867212 0.252673 1.089054 -3.847187 -1.090302 0.000000 0.000000 0.000000
5.150466 95.444234 180.003054 -8.156421 6.386975 -0.893981 -1.129929 1.376019 0.148614 -0.509668 -5.215136 0.069680 -0.507589 0.605066 0.017940 -0.379283 6.290469 0.014007 -13.883704 17.233451 2.674368 -26.477867 -2.266584 9.442055 -1.296389 -0.140642 6.768726 26.378546 -26.361570 57.822588 12.761842 18.492077 6.843745 -2.309208 8.826503 -4.487534 0.648542 -4.002240 -7.347420 0.397210 7.227679 -74.744464 -7.183494 28.843085 -1.779753 -5.319106 10.881728 -1.356921 6.946290 4.711706 -2.875912 0.364888 7.228642 -0.279215 11.031929 -3.592054 8.869814 1.157888 -14.651600 -9.258048 -3.734340 -3.954199 0.543435 -0.240012 1.862488 0.251069 1.095491 -3.854094 -1.090581 -0.000000 0.000000 0.000000
5.140495 95.441908 180.002454 -8.171610 6.401296 -0.892920 -1.136474 1.369101 0.154039 -0.512837 -5.218226 0.072104 -0.510742 0.601973 0.020042 -0.381489 6.288148 0.015593 -13.887257 17.243686 2.674385 -26.482677 -2.247189 9.440864 -1.283107 -0.123971 6.757410 26.315406 -26.353389 57.856590 12.711218 18.537354 6.839285 -2.317496 8.858233 -4.482933 0.640627 -3.993036 -7.355019 0.386893 7.216879 -74.742649 -7.196547 28.831189 -1.788445 -5.324237 10.862055 -1.345043 6.917304 4.704705 -2.877922 0.387597 7.211664 -0.277266 11.036242 -3.602714 8.860461 1.155035 -14.628564 -9.252330 -3.735895 -3.963269 0.548203 -0.218200 1.856801 0.250066 1.097427 -3.862564 -1.092369 0.000000 -0.000000 0.000000
5.130871 95.439355 180.000204 -8.185593 6.415884 -0.891573 -1.143104 1.361539 0.160322 -0.516084 -5.221604 0.074909 -0.513973 0.598592 0.022517 -0.383725 6.285610 0.017461 -13.890964 17.253075 2.674190 -26.487842 -2.229358 9.439522 -1.270737 -0.107820 6.747391 26.257580 -26.340093 57.886575 12.670681 18.566973 6.833263 -2.325048 8.879965 -4.476329 0.631842 -3.985519 -7.360538 0.379369 7.205280 -74.742788 -7.206182 28.825756 -1.796508 -5.326701 10.851622 -1.335768 6.897835 4.695119 -2.879114 0.404373 7.199105 -0.275015 11.036169 -3.616566 8.848768 1.151825 -14.604140 -9.244465 -3.730804 -3.973388 0.554037 -0.199544 1.850276 0.246078 1.094816 -3.870799 -1.095146 0.000000 0.000000 -0.000000
5.121367 95.436734 179.995367 -8.198266 6.430883 -0.888853 -1.149359 1.353729 0.166844 -0.519177 -5.225093 0.077819 -0.517050 0.595100 0.025113 -0.385836 6.282989 0.019419 -13.895932 17.260860 2.674341 -26.495696 -2.214114 9.439530 -1.259918 -0.094237 6.740355 26.208861 -26.315787 57.910594 12.645104 18.565447 6.823744 -2.330389 8.880390 -4.462949 0.621838 -3.981894 -7.361868 0.377665 7.192827 -74.746186 -7.211366 28.831097 -1.803758 -5.324215 10.860978 -1.331959 6.897022 4.681566 -2.879701 0.406766 7.193482 -0.272452 11.030986 -3.634833 8.835498 1.148311 -14.577654 -9.235371 -3.715872 -3.984975 0.561530 -0.189562 1.841797 0.235595 1.090404 -3.876267 -1.097503 -0.000000 0.000000 -0.000000
5.112211 95.433887 179.988880 -8.209732 6.446150 -0.885846 -1.155700 1.345276 0.174223 -0.522347 -5.228871 0.081110 -0.520205 0.591320 0.028082 -0.387977 6.280151 0.021659 -13.901052 17.267798 2.674284 -26.503904 -2.200437 9.439390 -1.250010 -0.081174 6.734617 26.165462 -26.286392 57.930564 12.629670 18.548253 6.812820 -2.334987 8.870827 -4.447498 0.610967 -3.979951 -7.361115 0.378758 7.179572 -74.751540 -7.213147 28.842904 -1.810400 -5.319072 10.879573 -1.330770 6.905726 4.665433 -2.879484 0.403225 7.192274 -0.269589 11.021422 -3.656297 8.819890 1.144445 -14.549780 -9.224132 -3.694294 -3.997613 0.570078 -0.182733 1.832483 0.222126 1.081445 -3.881500 -1.100850 -0.000000 -0.000000 -0.000000
5.102964 95.430223 179.983024 -8.216886 6.460015 -0.884915 -1.163642 1.335833 0.183747 -0.526333 -5.233094 0.085360 -0.524170 0.587093 0.031928 -0.390660 6.276977 0.024561 -13.904404 17.273753 2.673339 -26.508755 -2.189127 9.437343 -1.240176 -0.065835 6.728280 26.115376 -26.262364 57.951529 12.616488 18.540711 6.806204 -2.339701 8.858599 -4.435890 0.599343 -3.976039 -7.361123 0.379230 7.166171 -74.755518 -7.217830 28.860990 -1.820190 -5.313337 10.894142 -1.327921 6.913963 4.652100 -2.875082 0.399319 7.190327 -0.268117 11.009365 -3.679336 8.801228 1.140191 -14.521553 -9.209691 -3.671260 -4.009593 0.579324 -0.169943 1.825821 0.212613 1.059659 -3.892294 -1.108889 0.000000 -0.000000 0.000000
5.093628 95.425804 179.978746 -8.217949 6.471306 -0.887244 -1.174695 1.325463 0.196463 -0.531854 -5.237738 0.091041 -0.529665 0.582444 0.037049 -0.394393 6.273485 0.028425 -13.904873 17.278312 2.670457 -26.507944 -2.181420 9.431246 -1.229697 -0.045028 6.720336 26.053188 -26.251140 57.974303 12.604178 18.552949 6.806940 -2.344247 8.842112 -4.432707 0.586900 -3.968065 -7.364021 0.378360 7.152860 -74.756266 -7.228688 28.890507 -1.836597 -5.307093 10.898640 -1.321618 6.918746 4.644221 -2.864781 0.397699 7.185472 -0.269235 10.995917 -3.702076 8.780923 1.135694 -14.493799 -9.193144 -3.649391 -4.020554 0.589650 -0.145391 1.824767 0.209513 1.019875 -3.911667 -1.125291 -0.000000 0.000000 0.000000
5.084201 95.420569 179.975099 -8.214702 6.481194 -0.891646 -1.187352 1.314105 0.211325 -0.538191 -5.242829 0.097682 -0.535972 0.577347 0.043046 -0.398669 6.269657 0.032950 -13.903572 17.281889 2.666691 -26.503775 -2.176075 9.423244 -1.219299 -0.021945 6.711792 25.984302 -26.245282 57.998097 12.594093 18.574859 6.811930 -2.348884 8.822942 -4.433356 0.573702 -3.958126 -7.367690 0.376870 7.139404 -74.755637 -7.242490 28.926293 -1.856176 -5.300245 10.899116 -1.313657 6.923061 4.639141 -2.850293 0.395714 7.179880 -0.271743 10.979979 -3.726392 8.757562 1.130815 -14.465692 -9.173394 -3.626070 -4.030863 0.600674 -0.114882 1.826362 0.210374 0.967275 -3.936607 -1.146387 0.000000 -0.000000 -0.000000
5.074233 95.413743 179.971530 -8.209375 6.491526 -0.896922 -1.198603 1.301224 0.226484 -0.543915 -5.248597 0.104446 -0.541667 0.571574 0.049229 -0.402472 6.265320 0.037615 -13.901926 17.285590 2.664518 -26.499457 -2.170185 9.418003 -1.210312 -0.003376 6.703770 25.912952 -26.232910 58.025533 12.582417 18.601403 6.817609 -2.355290 8.813161 -4.430032 0.560062 -3.948855 -7.368596 0.373511 7.125749 -74.755855 -7.255747 28.952687 -1.872290 -5.294587 10.900448 -1.305134 6.925885 4.634273 -2.833374 0.390984 7.174902 -0.273735 10.960146 -3.756298 8.726191 1.125095 -14.435779 -9.146105 -3.598628 -4.039901 0.610895 -0.086710 1.825218 0.214769 0.909107 -3.963872 -1.164869 0.000000 -0.000000 0.000000
5.063543 95.405555 179.967451 -8.201800 6.503942 -0.902806 -1.207778 1.285993 0.241383 -0.548701 -5.255408 0.111083 -0.546427 0.564758 0.055380 -0.405575 6.260202 0.042253 -13.900399 17.290596 2.665259 -26.496061 -2.161176 9.417795 -1.204046 0.005683 6.696965 25.835823 -26.208623 58.060525 12.569161 18.635664 6.824236 -2.365219 8.822583 -4.418657 0.545991 -3.941802 -7.364267 0.365674 7.112616 -74.760078 -7.264701 28.960181 -1.879294 -5.290974 10.904172 -1.295918 6.925766 4.627701 -2.814773 0.380310 7.170773 -0.273884 10.937243 -3.793397 8.684332 1.117657 -14.399305 -9.109094 -3.562807 -4.048571 0.619221 -0.063685 1.819509 0.224403 0.846027 -3.994505 -1.179135 -0.000000 0.000000 -0.000000
5.052312 95.395777 179.963449 -8.192147 6.516801 -0.909563 -1.215548 1.269238 0.256577 -0.552874 -5.262897 0.117842 -0.550576 0.557265 0.061716 -0.408207 6.254576 0.047030 -13.898528 17.295727 2.667595 -26.492517 -2.151621 9.420351 -1.199178 0.010226 6.690687 25.756263 -26.177794 58.099083 12.554305 18.674561 6.831529 -2.376941 8.841407 -4.403351 0.531477 -3.935411 -7.357175 0.355971 7.099275 -74.765152 -7.273057 28.958290 -1.882798 -5.288558 10.908754 -1.286134 6.924157 4.621341 -2.793740 0.366889 7.167254 -0.273515 10.910478 -3.836114 8.634481 1.109393 -14.361004 -9.064564 -3.522865 -4.055975 0.626738 -0.042998 1.811041 0.237557 0.777383 -4.027475 -1.190790 -0.000000 -0.000000 0.000000
5.040632 95.382950 179.960739 -8.183155 6.527028 -0.916792 -1.220914 1.252895 0.271884 -0.555983 -5.270202 0.124647 -0.553666 0.549957 0.068205 -0.410032 6.249088 0.051922 -13.896339 17.298545 2.670038 -26.488810 -2.146323 9.423522 -1.193080 0.018443 6.683986 25.688498 -26.144734 58.131991 12.533998 18.703800 6.835140 -2.386912 8.852294 -4.388591 0.516803 -3.927655 -7.351198 0.350987 7.083498 -74.763837 -7.288511 28.959889 -1.893027 -5.286584 10.914471 -1.277269 6.924387 4.618361 -2.769780 0.357939 7.164994 -0.274697 10.876025 -3.883705 8.579147 1.102474 -14.333658 -9.014744 -3.488911 -4.058784 0.635218 -0.024510 1.799893 0.248658 0.708446 -4.056429 -1.197337 0.000000 -0.000000 0.000000
5.028128 95.364531 179.959895 -8.175677 6.533417 -0.925839 -1.223194 1.237630 0.287923 -0.557754 -5.277029 0.131773 -0.555423 0.543129 0.075151 -0.410824 6.243960 0.057157 -13.893219 17.297494 2.672421 -26.484020 -2.148289 9.427165 -1.184536 0.035518 6.675250 25.642573 -26.109885 58.153322 12.507201 18.713154 6.833020 -2.392893 8.845372 -4.376308 0.501480 -3.916764 -7.347805 0.354816 7.063192 -74.751328 -7.318484 28.972834 -1.917357 -5.284436 10.923507 -1.269644 6.928158 4.620300 -2.739662 0.359735 7.164399 -0.279125 10.827152 -3.938480 8.515015 1.098451 -14.329175 -8.956378 -3.461728 -4.054169 0.646555 -0.010148 1.783444 0.255613 0.636066 -4.078696 -1.195665 -0.000034 0.001912 -0.056597
5.015174 95.343062 179.960341 -8.168858 6.537172 -0.935360 -1.223071 1.222777 0.304073 -0.558462 -5.283671 0.138942 -0.556122 0.536485 0.082249 -0.410810 6.238971 0.062506 -13.889777 17.294129 2.674911 -26.479060 -2.154514 9.431419 -1.174770 0.056273 6.666101 25.608413 -26.072846 58.169069 12.474973 18.712827 6.827275 -2.397104 8.830511 -4.364531 0.485997 -3.904510 -7.345528 0.363351 7.040461 -74.732433 -7.355591 28.989221 -1.948450 -5.282740 10.933678 -1.262943 6.933773 4.625613 -2.706615 0.365998 7.165069 -0.285108 10.770621 -3.998155 8.445419 1.095666 -14.335647 -8.892675 -3.440531 -4.044957 0.658875 0.002015 1.764326 0.260510 0.563376 -4.096938 -1.188877 -0.000047 0.003792 -0.113194
5.002982 95.324707 179.961571 -8.162883 6.538833 -0.940922 -1.221592 1.208279 0.318301 -0.558473 -5.290149 0.145252 -0.556128 0.530007 0.088557 -0.410336 6.234106 0.067258 -13.887883 17.290684 2.676528 -26.476673 -2.160786 9.434557 -1.164825 0.073355 6.660436 25.570057 -26.036675 58.187916 12.436598 18.719169 6.819774 -2.402686 8.819985 -4.351863 0.472103 -3.894174 -7.343843 0.370867 7.019388 -74.714326 -7.385307 28.998304 -1.974446 -5.282599 10.938716 -1.257682 6.939453 4.632841 -2.679838 0.365113 7.166433 -0.289640 10.722814 -4.055057 8.382824 1.091541 -14.330141 -8.835577 -3.433075 -4.036286 0.668306 0.017897 1.750510 0.264067 0.505070 -4.112801 -1.183785 0.000000 0.000000 0.000000
4.992342 95.311802 179.963096 -8.158240 6.538852 -0.939701 -1.218773 1.194071 0.329476 -0.557742 -5.296490 0.150196 -0.555394 0.523667 0.093576 -0.409405 6.229346 0.071038 -13.888726 17.287465 2.676902 -26.478871 -2.166399 9.436191 -1.154986 0.081858 6.660856 25.522764 -26.000727 58.212955 12.389587 18.738947 6.808997 -2.410990 8.819191 -4.338760 0.461019 -3.887748 -7.342556 0.374238 7.001664 -74.698929 -7.402683 28.992190 -1.991482 -5.285645 10.933347 -1.254698 6.948049 4.641312 -2.663727 0.349957 7.168965 -0.290768 10.686501 -4.109464 8.328509 1.084071 -14.298366 -8.785992 -3.447686 -4.030791 0.672685 0.042820 1.745720 0.265875 0.468836 -4.128098 -1.182134 0.000011 -0.013394 0.452435
4.982465 95.302011 179.965403 -8.154441 6.536774 -0.934522 -1.214592 1.180221 0.338728 -0.556313 -5.302666 0.154280 -0.553965 0.517493 0.097805 -0.408013 6.224711 0.074221 -13.891116 17.284163 2.676400 -26.483641 -2.172063 9.436708 -1.144963 0.086685 6.664757 25.471278 -25.965646 58.241066 12.336396 18.765373 6.796404 -2.420676 8.822732 -4.324786 0.451527 -3.883238 -7.341856 0.376588 6.985593 -74.684324 -7.412613 28.978814 -2.003375 -5.290232 10.922835 -1.253144 6.956704 4.651706 -2.653884 0.327654 7.172180 -0.290442 10.658885 -4.161078 8.281187 1.075372 -14.254605 -8.743067 -3.476044 -4.025829 0.674169 0.071461 1.746235 0.266357 0.446988 -4.141013 -1.182176 -0.000244 -0.032224 1.074668
4.972199 95.294492 179.969453 -8.150192 6.531777 -0.929419 -1.210038 1.166877 0.347418 -0.554691 -5.308615 0.158114 -0.552345 0.511546 0.101804 -0.406494 6.220247 0.077230 -13.893357 17.282094 2.675147 -26.487696 -2.175693 9.435549 -1.134926 0.095200 6.668225 25.413882 -25.936414 58.271591 12.283710 18.794483 6.788292 -2.430864 8.826697 -4.307227 0.441725 -3.877938 -7.341791 0.381570 6.970170 -74.671925 -7.415330 28.971205 -2.009777 -5.292559 10.916719 -1.251012 6.955069 4.664596 -2.646318 0.307959 7.174061 -0.291508 10.647952 -4.201318 8.249447 1.069084 -14.218799 -8.716098 -3.500937 -4.018617 0.675367 0.093770 1.748854 0.267480 0.431155 -4.147763 -1.185490 -0.000668 -0.050055 1.528160
4.961193 95.289207 179.975958 -8.145713 6.523423 -0.925064 -1.205037 1.153685 0.355511 -0.552841 -5.314494 0.161681 -0.550498 0.505668 0.105558 -0.404824 6.215835 0.080055 -13.894657 17.282262 2.673009 -26.489374 -2.175649 9.432014 -1.124182 0.111855 6.670412 25.345723 -25.918024 58.304308 12.232065 18.827248 6.789608 -2.442509 8.830085 -4.281915 0.430748 -3.870236 -7.342807 0.391801 6.954181 -74.662629 -7.407794 28.975787 -2.006922 -5.290317 10.920030 -1.247332 6.933513 4.680682 -2.640787 0.296265 7.172866 -0.296116 10.660799 -4.226219 8.237689 1.066563 -14.198215 -8.709192 -3.514449 -4.007996 0.676256 0.103302 1.752516 0.269951 0.420980 -4.145362 -1.193377 -0.000934 -0.063946 1.643699
4.949799 95.286195 179.984205 -8.140786 6.512149 -0.920787 -1.199664 1.140999 0.363043 -0.550800 -5.320147 0.164998 -0.548459 0.500017 0.109083 -0.403028 6.211594 0.082707 -13.895809 17.283663 2.670123 -26.490340 -2.173564 9.426806 -1.113428 0.132199 6.672175 25.271650 -25.905473 58.339450 12.180912 18.862722 6.795377 -2.454665 8.833908 -4.253022 0.419462 -3.861743 -7.344460 0.404668 6.938843 -74.655535 -7.393072 28.986158 -1.998588 -5.285831 10.927743 -1.243079 6.901665 4.699267 -2.637551 0.287179 7.170337 -0.302116 10.690281 -4.239704 8.241478 1.066420 -14.185613 -8.718207 -3.524496 -3.995125 0.676858 0.106502 1.758279 0.273064 0.416816 -4.136796 -1.204542 -0.001070 -0.077050 1.590492
4.937921 95.284725 179.993012 -8.133463 6.498437 -0.918612 -1.195132 1.130039 0.371479 -0.549176 -5.325035 0.168725 -0.546839 0.495131 0.112975 -0.401517 6.207925 0.085637 -13.897498 17.284606 2.667019 -26.492298 -2.172262 9.421461 -1.104925 0.150241 6.672154 25.204498 -25.888745 58.377049 12.135337 18.894071 6.797075 -2.463595 8.837262 -4.230333 0.408554 -3.854592 -7.345456 0.415987 6.926804 -74.649358 -7.380567 28.996101 -1.995758 -5.282263 10.934314 -1.239169 6.878068 4.718831 -2.633368 0.274274 7.169688 -0.305917 10.723011 -4.245026 8.256146 1.068147 -14.179176 -8.740032 -3.537619 -3.980696 0.679851 0.112659 1.766116 0.276662 0.411360 -4.127245 -1.216668 -0.001237 -0.092168 1.537617
4.925499 95.284952 180.002508 -8.122473 6.480914 -0.919600 -1.191996 1.122034 0.381666 -0.548260 -5.328615 0.173245 -0.545923 0.491551 0.117588 -0.400480 6.205236 0.089113 -13.900226 17.283911 2.663566 -26.496322 -2.173822 9.416150 -1.100289 0.163918 6.668661 25.151004 -25.864475 58.419635 12.095328 18.917835 6.789300 -2.466316 8.838177 -4.218788 0.398160 -3.849422 -7.345552 0.422265 6.919222 -74.643202 -7.372902 29.001169 -2.003655 -5.281306 10.936758 -1.236815 6.869984 4.740599 -2.627043 0.254648 7.171609 -0.305821 10.755615 -4.240374 8.283158 1.072222 -14.181187 -8.776972 -3.558497 -3.964270 0.686433 0.126446 1.778264 0.281339 0.402204 -4.118837 -1.231570 -0.001497 -0.111137 1.543565
4.912594 95.286721 180.012564 -8.109087 6.460953 -0.922693 -1.189705 1.115752 0.392758 -0.547764 -5.331432 0.178175 -0.545427 0.488735 0.122568 -0.399730 6.203119 0.092866 -13.903490 17.282757 2.659894 -26.501334 -2.176168 9.410700 -1.097896 0.175293 6.663372 25.104438 -25.836024 58.464682 12.060917 18.937456 6.777510 -2.465800 8.838608 -4.213437 0.388146 -3.845594 -7.344989 0.426994 6.914937 -74.637963 -7.367447 29.005802 -2.017054 -5.281262 10.938057 -1.234804 6.870158 4.763343 -2.619750 0.231203 7.175415 -0.303527 10.791477 -4.227576 8.321050 1.078166 -14.189344 -8.826726 -3.582447 -3.946282 0.695397 0.143190 1.792487 0.286502 0.391753 -4.109445 -1.247432 -0.001787 -0.132114 1.549846
4.899284 95.288833 180.021603 -8.095164 6.443160 -0.926733 -1.187812 1.108725 0.403685 -0.547436 -5.334580 0.183030 -0.545098 0.485587 0.127457 -0.399112 6.200753 0.096551 -13.906470 17.282981 2.656923 -26.505818 -2.175884 9.406132 -1.095145 0.184562 6.659960 25.057449 -25.803465 58.504620 12.037259 18.956461 6.769502 -2.467250 8.843527 -4.209240 0.378791 -3.843319 -7.343204 0.436458 6.913122 -74.635044 -7.365735 29.017105 -2.031276 -5.280197 10.941622 -1.230421 6.875354 4.781870 -2.611791 0.206214 7.182255 -0.300537 10.827345 -4.215342 8.360760 1.084035 -14.194961 -8.879273 -3.601961 -3.928743 0.705821 0.158156 1.802053 0.290213 0.379936 -4.097874 -1.256493 -0.002061 -0.152349 1.550075
4.885158 95.290930 180.028605 -8.081752 6.430014 -0.932511 -1.185898 1.099637 0.414800 -0.547105 -5.338644 0.187965 -0.544765 0.481523 0.132425 -0.398486 6.197700 0.100295 -13.908896 17.285425 2.654581 -26.509117 -2.171509 9.402053 -1.090809 0.191330 6.660283 25.008570 -25.763120 58.535150 12.031359 18.975284 6.768858 -2.473872 8.858574 -4.205381 0.370747 -3.844269 -7.339491 0.454181 6.916113 -74.636814 -7.370093 29.041174 -2.044585 -5.276878 10.950744 -1.221058 6.888595 4.791719 -2.602023 0.178633 7.195186 -0.297151 10.862660 -4.206484 8.399766 1.089416 -14.196153 -8.932581 -3.611304 -3.912594 0.718519 0.170484 1.802661 0.291952 0.364418 -4.080998 -1.253507 -0.002314 -0.172259 1.539237
4.870627 95.293368 180.034589 -8.067803 6.419037 -0.939234 -1.184383 1.089803 0.425748 -0.546942 -5.343040 0.192825 -0.544599 0.477128 0.137301 -0.397991 6.194399 0.103969 -13.911041 17.289247 2.652940 -26.511893 -2.164504 9.398861 -1.086115 0.195991 6.662482 24.959276 -25.718674 58.560554 12.036228 18.993522 6.772025 -2.482467 8.878105 -4.202682 0.363361 -3.846772 -7.334554 0.476644 6.921583 -74.640889 -7.378216 29.071906 -2.058741 -5.272540 10.962136 -1.209325 6.906855 4.797344 -2.591588 0.149509 7.211150 -0.293072 10.897981 -4.198200 8.440588 1.094700 -14.194794 -8.988674 -3.616209 -3.896898 0.732689 0.181035 1.798611 0.292234 0.347542 -4.061942 -1.243721 -0.002543 -0.191426 1.522345
4.857006 95.296021 180.041049 -8.052032 6.407401 -0.943362 -1.184070 1.080710 0.434401 -0.547206 -5.347102 0.196664 -0.544858 0.473066 0.141114 -0.397895 6.191348 0.106841 -13.912898 17.293761 2.653139 -26.514609 -2.155843 9.398767 -1.082139 0.199919 6.664661 24.906625 -25.681247 58.586125 12.036025 19.013447 6.776083 -2.488618 8.890174 -4.198562 0.354958 -3.846032 -7.329937 0.499565 6.921714 -74.641553 -7.384683 29.098109 -2.074291 -5.268955 10.969342 -1.200330 6.917828 4.806936 -2.584226 0.124264 7.222126 -0.288898 10.931720 -4.190754 8.481721 1.099134 -14.187858 -9.043609 -3.626363 -3.880844 0.744985 0.187654 1.796078 0.290670 0.336263 -4.048876 -1.235118 -0.002709 -0.205855 1.508059
4.844895 95.298325 180.049006 -8.032713 6.392708 -0.943577 -1.185515 1.073514 0.440034 -0.548108 -5.350315 0.199165 -0.545754 0.469852 0.143523 -0.398383 6.188935 0.108655 -13.914440 17.298597 2.656227 -26.517607 -2.145955 9.403751 -1.080236 0.203151 6.666290 24.846423 -25.656173 58.613664 12.026863 19.036869 6.783047 -2.489904 8.886433 -4.190902 0.344324 -3.838401 -7.325898 0.523653 6.910882 -74.636125 -7.387989 29.114744 -2.093680 -5.267194 10.967959 -1.196563 6.914600 4.825521 -2.582137 0.105081 7.224447 -0.284041 10.965703 -4.184134 8.525558 1.103180 -14.176389 -9.099322 -3.649214 -3.862096 0.754879 0.188414 1.796606 0.286228 0.334524 -4.044894 -1.231190 -0.002831 -0.215009 1.500573
4.833693 95.300844 180.057438 -8.011573 6.377355 -0.941201 -1.188158 1.067060 0.443370 -0.549435 -5.353194 0.200644 -0.547072 0.466972 0.144868 -0.399270 6.186773 0.109668 -13.915697 17.304124 2.661155 -26.520546 -2.134414 9.411834 -1.079049 0.205651 6.667896 24.782857 -25.638103 58.641377 12.012629 19.061981 6.790883 -2.488737 8.875239 -4.181809 0.332674 -3.827526 -7.322180 0.548194 6.894700 -74.627304 -7.389618 29.126850 -2.114443 -5.266183 10.962388 -1.195531 6.904084 4.848082 -2.583126 0.089777 7.221779 -0.279085 10.998098 -4.178349 8.569707 1.106354 -14.159355 -9.153866 -3.677316 -3.842987 0.762887 0.185241 1.798648 0.279943 0.338382 -4.046898 -1.228445 -0.002894 -0.219425 1.495695
4.822914 95.305130 180.064765 -7.992509 6.365701 -0.936651 -1.191138 1.059365 0.444448 -0.550802 -5.356619 0.201114 -0.548430 0.463545 0.145199 -0.400263 6.184203 0.109915 -13.916746 17.310767 2.665909 -26.522864 -2.120920 9.419296 -1.075595 0.208677 6.669171 24.725560 -25.622126 58.669180 11.989132 19.085611 6.790580 -2.487949 8.869705 -4.175044 0.321973 -3.819553 -7.319558 0.566777 6.882194 -74.617441 -7.388642 29.138361 -2.129758 -5.264490 10.959377 -1.194869 6.894718 4.867749 -2.584329 0.077227 7.217099 -0.276391 11.021819 -4.173683 8.605489 1.106474 -14.130641 -9.197467 -3.698017 -3.829715 0.767232 0.181761 1.803737 0.274526 0.342955 -4.053774 -1.224396 -0.002817 -0.216717 1.489510
4.812527 95.314454 180.070510 -7.976713 6.360644 -0.927349 -1.194692 1.048309 0.441471 -0.552228 -5.361529 0.199767 -0.549845 0.458634 0.143707 -0.401437 6.180520 0.108785 -13.917351 17.320060 2.670039 -26.523730 -2.102834 9.424909 -1.068273 0.213990 6.670828 24.679401 -25.606961 58.699326 11.951043 19.108547 6.774928 -2.488429 8.877498 -4.173849 0.313134 -3.816771 -7.318987 0.574875 6.879501 -74.606296 -7.382921 29.149845 -2.134587 -5.261360 10.962376 -1.193950 6.888847 4.881378 -2.587088 0.070173 7.210524 -0.277375 11.031336 -4.168197 8.629329 1.100597 -14.076638 -9.225101 -3.705010 -3.826453 0.763874 0.177189 1.813946 0.271165 0.350580 -4.070206 -1.216735 -0.002430 -0.198669 1.479358
4.802563 95.325546 180.075150 -7.962991 6.359286 -0.915868 -1.198578 1.036014 0.436237 -0.553693 -5.366985 0.197409 -0.551298 0.453177 0.141201 -0.402716 6.176430 0.106890 -13.917748 17.330471 2.673996 -26.523976 -2.082791 9.429902 -1.058682 0.219831 6.672159 24.639502 -25.593897 58.729589 11.903685 19.129972 6.751122 -2.489289 8.890947 -4.174998 0.305248 -3.816889 -7.319512 0.577012 6.880483 -74.594110 -7.374599 29.160741 -2.133968 -5.257550 10.967935 -1.193404 6.884123 4.892112 -2.590061 0.065874 7.201934 -0.280622 11.032173 -4.163813 8.644802 1.091671 -14.010976 -9.241803 -3.704603 -3.829026 0.756863 0.172309 1.827205 0.268674 0.358921 -4.091512 -1.207776 -0.001911 -0.173492 1.467905
4.792628 95.330157 180.078529 -7.951666 6.357292 -0.910356 -1.201212 1.026862 0.434171 -0.554756 -5.371050 0.196471 -0.552352 0.449111 0.140155 -0.403585 6.173381 0.106097 -13.918727 17.337829 2.677121 -26.525532 -2.068404 9.434229 -1.048637 0.222181 6.670728 24.600872 -25.581889 58.753167 11.858859 19.144322 6.731787 -2.490697 8.900171 -4.172543 0.297546 -3.819179 -7.319040 0.580343 6.875761 -74.583948 -7.369174 29.173279 -2.136194 -5.253896 10.972457 -1.192750 6.881954 4.902517 -2.586351 0.054979 7.193945 -0.284249 11.033817 -4.166608 8.653943 1.086375 -13.968403 -9.252888 -3.703065 -3.831109 0.756565 0.173107 1.838839 0.266205 0.356092 -4.102519 -1.201947 -0.001683 -0.163441 1.459217
4.782339 95.322731 180.080280 -7.943424 6.351958 -0.916050 -1.202041 1.023438 0.438699 -0.555335 -5.372583 0.198485 -0.552927 0.447576 0.142110 -0.403868 6.172228 0.107571 -13.921179 17.340103 2.678049 -26.529937 -2.063534 9.436123 -1.037989 0.217448 6.663904 24.561948 -25.571000 58.766713 11.819073 19.146117 6.722549 -2.492768 8.899740 -4.162565 0.291200 -3.825601 -7.317201 0.588969 6.861970 -74.577146 -7.368369 29.192253 -2.144726 -5.249813 10.975534 -1.192013 6.885298 4.914411 -2.570433 0.028414 7.187642 -0.288025 11.041464 -4.180578 8.655785 1.089027 -13.973075 -9.258974 -3.700770 -3.829457 0.769634 0.183116 1.846945 0.262706 0.333241 -4.094146 -1.201661 -0.002014 -0.182831 1.455699
4.772078 95.308823 180.080770 -7.937577 6.345992 -0.927712 -1.201621 1.023156 0.446397 -0.555514 -5.372727 0.201920 -0.553106 0.447433 0.145527 -0.403743 6.172117 0.110149 -13.924210 17.339325 2.678144 -26.535648 -2.064319 9.437351 -1.026884 0.209230 6.654310 24.524293 -25.561175 58.773582 11.781837 19.140868 6.717818 -2.495389 8.895095 -4.148971 0.285038 -3.834196 -7.314361 0.598795 6.842474 -74.572369 -7.370471 29.212862 -2.156116 -5.245884 10.977574 -1.191168 6.891204 4.925969 -2.547830 -0.004746 7.181933 -0.292175 11.049921 -4.201725 8.651300 1.095349 -14.000830 -9.259442 -3.697346 -3.827320 0.789417 0.198804 1.853431 0.259231 0.299219 -4.075474 -1.204500 -0.002627 -0.217350 1.454942
4.762606 95.296857 180.080941 -7.932378 6.343183 -0.937783 -1.200046 1.022644 0.452426 -0.555100 -5.372968 0.204606 -0.552693 0.447192 0.148255 -0.403226 6.171934 0.112206 -13.925936 17.337420 2.680843 -26.539978 -2.066787 9.443169 -1.017584 0.204292 6.647390 24.487608 -25.551200 58.777018 11.751469 19.139518 6.713387 -2.498378 8.892665 -4.137547 0.274775 -3.838360 -7.309535 0.604693 6.817976 -74.568675 -7.375823 29.222937 -2.168289 -5.244688 10.976200 -1.189664 6.892208 4.934300 -2.528216 -0.026626 7.176171 -0.295501 11.053086 -4.224143 8.645428 1.099129 -14.013936 -9.257736 -3.697947 -3.828111 0.806328 0.215556 1.859342 0.258092 0.268694 -4.058567 -1.207627 -0.003125 -0.246314 1.453773
4.754575 95.289808 180.080490 -7.926863 6.345623 -0.942791 -1.196953 1.021313 0.454898 -0.553840 -5.373562 0.205700 -0.551439 0.446599 0.149477 -0.402192 6.171488 0.113126 -13.925721 17.333180 2.687998 -26.542544 -2.072814 9.457018 -1.011376 0.205194 6.645651 24.452731 -25.540600 58.775151 11.733263 19.147085 6.708069 -2.501705 8.896640 -4.130963 0.257378 -3.834358 -7.301616 0.603348 6.785240 -74.567806 -7.382105 29.211373 -2.177918 -5.249752 10.966780 -1.187632 6.882978 4.937030 -2.516260 -0.025305 7.171418 -0.296389 11.044327 -4.248829 8.636273 1.097142 -13.993997 -9.251628 -3.708588 -3.834500 0.815850 0.233614 1.865636 0.260918 0.248423 -4.048067 -1.209467 -0.003332 -0.260942 1.450325
4.747332 95.284700 180.079722 -7.921998 6.351218 -0.946208 -1.192703 1.019752 0.455699 -0.551987 -5.374254 0.206044 -0.549593 0.445909 0.150009 -0.400767 6.170970 0.113526 -13.924203 17.327811 2.697757 -26.543731 -2.080529 9.475456 -1.006977 0.209373 6.646588 24.418814 -25.529860 58.769865 11.721924 19.158547 6.703044 -2.505393 8.902822 -4.126556 0.235882 -3.825923 -7.291709 0.598081 6.747500 -74.568012 -7.391609 29.189274 -2.188297 -5.257544 10.953945 -1.184935 6.868841 4.936539 -2.507295 -0.012705 7.166620 -0.296461 11.030280 -4.274790 8.625732 1.092620 -13.959408 -9.243361 -3.723254 -3.843811 0.822501 0.252738 1.871351 0.266076 0.231650 -4.039331 -1.211595 -0.003423 -0.270016 1.446461
4.739685 95.281027 180.080492 -7.918935 6.357470 -0.950887 -1.188468 1.016353 0.455642 -0.550097 -5.375760 0.206001 -0.547710 0.444405 0.150158 -0.399344 6.169842 0.113636 -13.921413 17.326852 2.707998 -26.542007 -2.080336 9.493424 -1.002800 0.215910 6.648127 24.383041 -25.519207 58.770030 11.705891 19.169771 6.697646 -2.509332 8.905055 -4.122116 0.215103 -3.817656 -7.282146 0.593694 6.715164 -74.563121 -7.411596 29.177778 -2.207286 -5.260061 10.949209 -1.180624 6.858313 4.937075 -2.496997 -0.006722 7.157959 -0.299379 11.024725 -4.293126 8.624423 1.089026 -13.927617 -9.243081 -3.729052 -3.851436 0.830238 0.267586 1.874651 0.270982 0.212770 -4.030495 -1.215890 -0.003520 -0.279194 1.444591
4.730638 95.278974 180.083782 -7.918829 6.364335 -0.957678 -1.184013 1.009325 0.454133 -0.548036 -5.378875 0.205301 -0.545655 0.441291 0.149667 -0.397840 6.167508 0.113261 -13.916986 17.333597 2.718334 -26.536029 -2.066393 9.509384 -0.997578 0.228499 6.649734 24.342097 -25.511779 58.780421 11.679296 19.179706 6.691026 -2.513383 8.898128 -4.116549 0.195318 -3.809635 -7.274378 0.590832 6.693287 -74.546860 -7.450880 29.187201 -2.243465 -5.250761 10.962536 -1.172922 6.855007 4.939727 -2.484241 -0.016906 7.142963 -0.306913 11.036949 -4.298629 8.639389 1.088036 -13.905877 -9.257770 -3.717577 -3.855630 0.840715 0.274266 1.873531 0.274230 0.188892 -4.020574 -1.223897 -0.003666 -0.290410 1.446299
4.721187 95.278357 180.088612 -7.920526 6.371857 -0.965734 -1.179575 1.000459 0.451766 -0.545940 -5.382806 0.204214 -0.543564 0.437363 0.148793 -0.396337 6.164564 0.112595 -13.911283 17.344752 2.729159 -26.527133 -2.044544 9.524882 -0.992575 0.243444 6.651947 24.299306 -25.504422 58.796261 11.648003 19.189402 6.684024 -2.517685 8.887254 -4.110934 0.176250 -3.801780 -7.266958 0.588836 6.676819 -74.525506 -7.500703 29.207178 -2.288307 -5.236185 10.983971 -1.163635 6.855314 4.943403 -2.470154 -0.033703 7.124098 -0.317282 11.057656 -4.296505 8.663585 1.087953 -13.886939 -9.280435 -3.697233 -3.858147 0.852270 0.276671 1.869995 0.277221 0.162905 -4.010555 -1.234070 -0.003818 -0.301731 1.450001
4.713115 95.278111 180.093896 -7.921718 6.377672 -0.975358 -1.177027 0.993521 0.451134 -0.544769 -5.385886 0.203910 -0.542395 0.434284 0.148608 -0.395474 6.162255 0.112452 -13.905427 17.355972 2.739525 -26.517800 -2.022720 9.539491 -0.990013 0.248747 6.654289 24.261823 -25.487923 58.812064 11.618049 19.197883 6.678516 -2.522551 8.881919 -4.106333 0.161874 -3.798464 -7.257871 0.590562 6.661011 -74.511725 -7.541953 29.227863 -2.324013 -5.227961 10.995146 -1.157166 6.856914 4.949084 -2.453792 -0.046350 7.104954 -0.328829 11.072747 -4.293475 8.686503 1.087169 -13.866507 -9.300253 -3.680335 -3.859630 0.863882 0.281139 1.868222 0.281578 0.137871 -4.001525 -1.243649 -0.003970 -0.313015 1.453356
4.706967 95.278248 180.099520 -7.920877 6.380435 -0.987620 -1.177430 0.989960 0.453914 -0.545076 -5.387475 0.205143 -0.542699 0.432694 0.149810 -0.395611 6.161061 0.113357 -13.899478 17.367158 2.749163 -26.508073 -2.001154 9.552761 -0.992536 0.235544 6.657224 24.235547 -25.453739 58.825277 11.589468 19.204303 6.675394 -2.528697 8.889494 -4.103877 0.155472 -3.802143 -7.245111 0.597755 6.643306 -74.514156 -7.564471 29.247072 -2.339559 -5.234330 10.982243 -1.156833 6.857081 4.958850 -2.433385 -0.046739 7.084106 -0.341813 11.075583 -4.289298 8.705632 1.085133 -13.843388 -9.314052 -3.669652 -3.859625 0.876002 0.289674 1.869648 0.288188 0.112527 -3.993953 -1.252454 -0.004120 -0.324227 1.456148
4.702200 95.278757 180.105598 -7.919530 6.381492 -1.001450 -1.179724 0.988327 0.458430 -0.546308 -5.388214 0.207160 -0.543925 0.431955 0.151702 -0.396387 6.160504 0.114784 -13.893377 17.378412 2.758339 -26.497910 -1.979610 9.565135 -0.997507 0.212700 6.660286 24.214601 -25.410419 58.838419 11.562228 19.209515 6.673776 -2.535413 8.902604 -4.102459 0.153756 -3.810367 -7.230677 0.608688 6.626259 -74.524159 -7.578385 29.267042 -2.345957 -5.247046 10.959070 -1.159275 6.858546 4.970618 -2.410703 -0.042979 7.062987 -0.355987 11.072805 -4.284213 8.723480 1.082401 -13.818776 -9.325005 -3.662417 -3.858584 0.888183 0.300272 1.872833 0.296166 0.088138 -3.987369 -1.260663 -0.004269 -0.335403 1.458593
4.698965 95.278534 180.111398 -7.919949 6.382508 -1.013947 -1.182598 0.988036 0.462253 -0.547767 -5.388355 0.208872 -0.545378 0.431812 0.153265 -0.397358 6.160395 0.115965 -13.888071 17.385692 2.766904 -26.489672 -1.965306 9.577512 -0.999226 0.194803 6.661600 24.188484 -25.374391 58.853605 11.542269 19.215093 6.672879 -2.540867 8.908624 -4.099776 0.150846 -3.820146 -7.218550 0.620999 6.612774 -74.528486 -7.594974 29.284586 -2.358430 -5.253034 10.948703 -1.158879 6.867177 4.979116 -2.390112 -0.048642 7.049471 -0.368933 11.070221 -4.285659 8.737054 1.079040 -13.791958 -9.331809 -3.662642 -3.858496 0.898055 0.313259 1.877645 0.304474 0.071557 -3.981449 -1.266051 -0.004412 -0.346513 1.459006
4.697824 95.276965 180.116583 -7.923481 6.384023 -1.023702 -1.185810 0.989338 0.464342 -0.549296 -5.387785 0.209815 -0.546901 0.432381 0.154053 -0.398440 6.160821 0.116560 -13.884145 17.386325 2.774604 -26.484794 -1.963060 9.590189 -0.994708 0.188362 6.659949 24.151950 -25.353563 58.872245 11.533998 19.221682 6.672685 -2.544027 8.900984 -4.094619 0.144384 -3.831004 -7.210827 0.634350 6.605003 -74.520827 -7.618891 29.297825 -2.384066 -5.245706 10.963111 -1.152858 6.887308 4.981492 -2.373766 -0.071396 7.048712 -0.379427 11.069829 -4.298292 8.743935 1.074872 -13.761961 -9.332653 -3.674153 -3.860339 0.904059 0.329538 1.884582 0.312875 0.067673 -3.976304 -1.266938 -0.004543 -0.357524 1.456149
4.698216 95.274665 180.121490 -7.928779 6.385496 -1.032124 -1.189601 0.991982 0.465737 -0.551051 -5.386617 0.210452 -0.548650 0.433547 0.154512 -0.399717 6.161694 0.116909 -13.881016 17.382986 2.781692 -26.481848 -1.968050 9.602866 -0.986936 0.186867 6.656545 24.110229 -25.340018 58.892953 11.533009 19.228635 6.673214 -2.545923 8.886258 -4.088172 0.136729 -3.843417 -7.205407 0.649070 6.600792 -74.507491 -7.645488 29.308622 -2.415767 -5.231653 10.990330 -1.144029 6.914595 4.980589 -2.359513 -0.103580 7.055549 -0.388691 11.069629 -4.317454 8.746545 1.070088 -13.729757 -9.329360 -3.693127 -3.863128 0.907757 0.348207 1.893146 0.321605 0.071600 -3.971819 -1.265006 -0.004667 -0.368469 1.451260
4.698608 95.272364 180.126396 -7.934077 6.386968 -1.040546 -1.193393 0.994627 0.467132 -0.552806 -5.385449 0.211089 -0.550398 0.434714 0.154971 -0.400993 6.162568 0.117257 -13.877888 17.379648 2.788781 -26.478902 -1.973037 9.615544 -0.979164 0.185370 6.653141 24.068521 -25.326455 58.913651 11.532019 19.235589 6.673738 -2.547820 8.871537 -4.081717 0.129072 -3.855828 -7.199982 0.663789 6.596583 -74.494153 -7.672101 29.319400 -2.447478 -5.217593 11.017550 -1.135208 6.941882 4.979678 -2.345262 -0.135765 7.062382 -0.397955 11.069428 -4.336616 8.749159 1.065307 -13.697552 -9.326075 -3.712101 -3.865913 0.911457 0.366877 1.901710 0.330335 0.075528 -3.967334 -1.263075 -0.004789 -0.379414 1.446371
4.701568 95.270839 180.138123 -7.939980 6.387913 -1.039371 -1.197290 1.001723 0.463205 -0.554361 -5.382289 0.209362 -0.551949 0.437872 0.153086 -0.402300 6.164938 0.115840 -13.875806 17.377510 2.797207 -26.478093 -1.975294 9.630686 -0.977386 0.157004 6.664505 24.026875 -25.293070 58.937293 11.523479 19.251432 6.678518 -2.543957 8.857544 -4.054436 0.119509 -3.871072 -7.192752 0.680015 6.599394 -74.493651 -7.679001 29.353076 -2.451908 -5.227715 10.992827 -1.147395 6.936798 4.973181 -2.345045 -0.129375 7.060731 -0.397062 11.062732 -4.339200 8.748557 1.071606 -13.730454 -9.326661 -3.705312 -3.863097 0.916000 0.362042 1.893845 0.327454 0.076418 -3.961355 -1.268129 -0.004820 -0.381447 1.448026
