HIERARCHY
ROOT Hips
{
 OFFSET 0.000000 0.000000 0.000000
 CHANNELS 6 Xposition Yposition Zposition Yrotation Xrotation Zrotation
 JOINT Chest
 {
  OFFSET 0.000000 10.295748 -1.143972
  CHANNELS 3 Yrotation Xrotation Zrotation
  JOINT Chest2
  {
   OFFSET 0.000000 11.463406 0.000000
   CHANNELS 3 Yrotation Xrotation Zrotation
   JOINT Chest3
   {
    OFFSET 0.000000 10.465446 0.003843
    CHANNELS 3 Yrotation Xrotation Zrotation
    JOINT Chest4
    {
     OFFSET 0.000000 10.453763 0.003847
     CHANNELS 3 Yrotation Xrotation Zrotation
     JOINT Neck
     {
      OFFSET 0.000000 14.640069 0.000000
      CHANNELS 3 Yrotation Xrotation Zrotation
      JOINT Head
      {
       OFFSET 0.000000 9.731475 -0.008265
       CHANNELS 3 Yrotation Xrotation Zrotation
       End Site
       {
        OFFSET 0.000000 18.098145 -0.001112
       }
      }
     }
     JOINT RightCollar
     {
      OFFSET -3.176695 8.204215 0.000000
      CHANNELS 3 Yrotation Xrotation Zrotation
      JOINT RightShoulder
      {
       OFFSET -14.761309 0.000000 0.000000
       CHANNELS 3 Yrotation Xrotation Zrotation
       JOINT RightElbow
       {
        OFFSET -31.560813 0.000000 0.000000
        CHANNELS 3 Yrotation Xrotation Zrotation
        JOINT RightWrist
        {
         OFFSET -25.806933 0.000000 0.000000
         CHANNELS 3 Yrotation Xrotation Zrotation
         End Site
         {
          OFFSET -19.288868 0.000000 0.000000
         }
        }
       }
      }
     }
     JOINT LeftCollar
     {
      OFFSET 3.176695 8.204215 0.000000
      CHANNELS 3 Yrotation Xrotation Zrotation
      JOINT LeftShoulder
      {
       OFFSET 14.761309 0.000000 0.000000
       CHANNELS 3 Yrotation Xrotation Zrotation
       JOINT LeftElbow
       {
        OFFSET 31.560813 0.000000 0.000000
        CHANNELS 3 Yrotation Xrotation Zrotation
        JOINT LeftWrist
        {
         OFFSET 25.806933 0.000000 0.000000
         CHANNELS 3 Yrotation Xrotation Zrotation
         End Site
         {
          OFFSET 19.288868 0.000000 0.000000
         }
        }
       }
      }
     }
    }
   }
  }
 }
 JOINT RightHip
 {
  OFFSET -8.449583 -0.008248 0.000916
  CHANNELS 3 Yrotation Xrotation Zrotation
  JOINT RightKnee
  {
   OFFSET 0.000000 -43.941227 0.000909
   CHANNELS 3 Yrotation Xrotation Zrotation
   JOINT RightAnkle
   {
    OFFSET 0.000000 -42.928516 0.001532
    CHANNELS 3 Yrotation Xrotation Zrotation
    JOINT RightToe
    {
     OFFSET 0.000000 -6.852267 15.473535
     CHANNELS 3 Yrotation Xrotation Zrotation
     End Site
     {
      OFFSET 0.000000 -1.580106 6.738334
     }
    }
   }
  }
 }
 JOINT LeftHip
 {
  OFFSET 8.449583 -0.010566 0.001174
  CHANNELS 3 Yrotation Xrotation Zrotation
  JOINT LeftKnee
  {
   OFFSET 0.000000 -43.941227 0.000909
   CHANNELS 3 Yrotation Xrotation Zrotation
   JOINT LeftAnkle
   {
    OFFSET 0.000000 -42.928516 0.001532
    CHANNELS 3 Yrotation Xrotation Zrotation
    JOINT LeftToe
    {
     OFFSET 0.000000 -6.852267 15.473535
     CHANNELS 3 Yrotation Xrotation Zrotation
     End Site
     {
      OFFSET 0.000000 -1.580106 6.738334
     }
    }
   }
  }
 }
}
MOTION
Frames: 826
Frame Time: 0.016667
0.417437 94.990930 139.656476 16.792331 -1.983950 0.149680 -1.112059 3.791964 -0.874997 -0.448184 -4.138807 -0.380404 -0.447165 1.681447 -0.425919 -0.366760 7.097993 -0.320595 0.591182 10.868866 0.701908 0.827090 -15.845244 1.089997 -2.299805 -1.200905 9.392992 8.388630 -10.851988 70.349601 -1.368389 16.185928 -3.499022 6.732091 10.979576 2.609833 4.775426 -3.368733 -7.619877 3.326470 -9.392665 -75.352896 -0.405584 21.131946 7.295533 -5.350378 17.546227 3.939413 1.502139 5.905273 -4.052723 1.595208 2.040109 1.701874 0.201341 -5.338807 2.381641 0.000000 -1.261633 -0.000000 1.606526 5.265389 4.049548 -2.813463 5.833362 -0.877940 -1.322344 -9.848719 -6.519528 -0.000000 0.000000 -0.000000
0.425301 94.990317 139.662018 16.787789 -1.979149 0.150333 -1.115861 3.790056 -0.879151 -0.449657 -4.139637 -0.382227 -0.448634 1.680617 -0.427892 -0.368008 7.097371 -0.322082 0.589227 10.870905 0.700987 0.823737 -15.841452 1.089092 -2.296250 -1.194382 9.394160 8.398329 -10.858012 70.353043 -1.371124 16.185499 -3.502783 6.734372 10.976157 2.611550 4.773791 -3.368555 -7.620209 3.319764 -9.391604 -75.346320 -0.405630 21.128792 7.298451 -5.351163 17.548168 3.943564 1.495449 5.906598 -4.058177 1.599606 2.041505 1.705829 0.210215 -5.350807 2.376894 -0.000000 -1.258243 0.000000 1.624214 5.268422 4.045561 -2.813919 5.827629 -0.879765 -1.333543 -9.854991 -6.510425 -0.000000 -0.000000 -0.000000
0.433582 94.989910 139.667680 16.786982 -1.975376 0.150341 -1.121975 3.787116 -0.882449 -0.452207 -4.140923 -0.383654 -0.451177 1.679328 -0.429577 -0.370040 7.096407 -0.323349 0.589092 10.872275 0.698742 0.824483 -15.838907 1.084822 -2.289370 -1.182487 9.389804 8.402327 -10.867061 70.357169 -1.375504 16.186405 -3.502798 6.732347 10.977090 2.607732 4.774618 -3.364839 -7.624614 3.321716 -9.394679 -75.338502 -0.401832 21.130056 7.300965 -5.347575 17.545343 3.952880 1.501834 5.907940 -4.060162 1.587997 2.044696 1.706048 0.216210 -5.361581 2.376218 0.000000 -1.251743 0.000000 1.622049 5.270477 4.040398 -2.807926 5.825870 -0.881449 -1.337849 -9.859038 -6.499876 -0.000000 -0.000000 -0.000000
0.442507 94.989696 139.674152 16.786852 -1.973390 0.150929 -1.126719 3.784554 -0.885470 -0.454162 -4.142044 -0.384967 -0.453127 1.678205 -0.431089 -0.371614 7.095567 -0.324487 0.587493 10.872928 0.696008 0.822621 -15.837688 1.080263 -2.287624 -1.176310 9.385971 8.398142 -10.867213 70.363121 -1.381336 16.190925 -3.505133 6.730388 10.980180 2.608576 4.774440 -3.361491 -7.628200 3.332211 -9.397629 -75.335243 -0.396353 21.133265 7.305416 -5.345733 17.540571 3.957554 1.509467 5.914059 -4.063459 1.579515 2.043998 1.707681 0.216783 -5.370192 2.373268 -0.000000 -1.244251 0.000000 1.608480 5.276060 4.033922 -2.804292 5.822895 -0.883187 -1.327417 -9.861412 -6.492808 0.000000 -0.000000 0.000000
0.451337 94.989383 139.681785 16.787907 -1.968030 0.149795 -1.130405 3.781810 -0.888487 -0.455646 -4.143249 -0.386288 -0.454607 1.676999 -0.432560 -0.372834 7.094664 -0.325595 0.585611 10.872005 0.693801 0.819973 -15.839394 1.076847 -2.285099 -1.171808 9.384802 8.391821 -10.864427 70.365606 -1.383478 16.194697 -3.505035 6.729098 10.982010 2.610413 4.771931 -3.359216 -7.630520 3.342658 -9.401444 -75.333116 -0.389831 21.138245 7.308475 -5.342792 17.541193 3.958821 1.508314 5.919071 -4.069219 1.589239 2.039260 1.708590 0.206105 -5.372166 2.376998 0.000000 -1.252006 -0.000000 1.589871 5.276970 4.030739 -2.796439 5.824982 -0.879356 -1.316200 -9.866771 -6.496623 0.000000 0.000000 0.000000
0.457062 94.988145 139.691981 16.785746 -1.963157 0.147160 -1.131336 3.779340 -0.891307 -0.455914 -4.144337 -0.387543 -0.454873 1.675911 -0.433842 -0.373129 7.093848 -0.326563 0.585245 10.870433 0.691881 0.820117 -15.842313 1.073308 -2.282376 -1.170621 9.383628 8.382414 -10.854512 70.366794 -1.382308 16.199663 -3.502453 6.727467 10.982867 2.613623 4.771713 -3.360901 -7.631183 3.341367 -9.397793 -75.329055 -0.384456 21.135779 7.308362 -5.339552 17.548090 3.954752 1.511924 5.923094 -4.069804 1.591133 2.035093 1.707649 0.201170 -5.367034 2.384013 -0.000000 -1.266683 -0.000000 1.592258 5.278617 4.035328 -2.804884 5.826591 -0.878458 -1.305956 -9.871150 -6.502941 -0.000000 -0.000000 0.000000
0.461525 94.988155 139.700853 16.785219 -1.958757 0.144793 -1.134421 3.776785 -0.894866 -0.457102 -4.145457 -0.389109 -0.456057 1.674790 -0.435529 -0.374142 7.093009 -0.327835 0.587389 10.870332 0.691328 0.824498 -15.842508 1.071284 -2.282833 -1.169370 9.384592 8.380791 -10.844565 70.364139 -1.386492 16.209880 -3.500182 6.727379 10.980848 2.616629 4.775035 -3.360886 -7.632392 3.338919 -9.393647 -75.324552 -0.376129 21.134257 7.309876 -5.347468 17.556753 3.944110 1.516944 5.923679 -4.070274 1.587097 2.034347 1.705095 0.198232 -5.359194 2.392048 -0.000000 -1.287682 -0.000000 1.591281 5.279488 4.038949 -2.803721 5.831387 -0.875831 -1.304042 -9.877893 -6.510516 0.000000 0.000000 0.000000
0.468548 94.988844 139.709979 16.782904 -1.954000 0.142036 -1.135294 3.773531 -0.897848 -0.457337 -4.146893 -0.390439 -0.456290 1.673354 -0.436883 -0.374419 7.091932 -0.328857 0.589878 10.868705 0.689972 0.829897 -15.845536 1.067559 -2.280356 -1.166695 9.383775 8.381187 -10.833948 70.364124 -1.390848 16.214487 -3.501352 6.724948 10.977876 2.620503 4.775433 -3.361014 -7.632578 3.343009 -9.387745 -75.322136 -0.374593 21.139043 7.308273 -5.346513 17.563724 3.939553 1.518485 5.923140 -4.069020 1.589328 2.035013 1.701946 0.195738 -5.351320 2.398352 0.000000 -1.307542 -0.000000 1.588064 5.285063 4.038394 -2.798358 5.827782 -0.872723 -1.301266 -9.879791 -6.513621 0.000000 -0.000000 -0.000000
0.472542 94.989412 139.720049 16.780415 -1.950690 0.138027 -1.135276 3.770175 -0.900823 -0.457176 -4.148376 -0.391773 -0.456129 1.671871 -0.438201 -0.374396 7.090820 -0.329854 0.591919 10.868096 0.688816 0.834348 -15.846675 1.064421 -2.281059 -1.164483 9.383597 8.382668 -10.822595 70.364560 -1.399193 16.215041 -3.503114 6.725355 10.980531 2.624078 4.776061 -3.365372 -7.633087 3.345937 -9.374082 -75.322721 -0.376423 21.140863 7.309829 -5.347493 17.565387 3.936913 1.510358 5.921766 -4.061690 1.602541 2.040840 1.691178 0.190042 -5.346915 2.406213 0.000000 -1.325697 0.000000 1.584045 5.292607 4.039275 -2.798131 5.824889 -0.862995 -1.290450 -9.886078 -6.521817 0.000000 0.000000 -0.000000
0.476644 94.989640 139.730458 16.781153 -1.947788 0.134931 -1.136801 3.766578 -0.904209 -0.457681 -4.149963 -0.393279 -0.456631 1.670284 -0.439758 -0.374889 7.089631 -0.331029 0.595762 10.866550 0.687377 0.842395 -15.849558 1.059930 -2.281791 -1.161567 9.383302 8.379286 -10.813843 70.363134 -1.406594 16.213649 -3.508437 6.721945 10.982758 2.628948 4.772753 -3.362275 -7.630222 3.355575 -9.367989 -75.324280 -0.381318 21.142464 7.305010 -5.346260 17.562114 3.942323 1.505452 5.922753 -4.061206 1.607156 2.045910 1.688063 0.188316 -5.343374 2.414907 0.000000 -1.346106 -0.000000 1.575905 5.298512 4.042603 -2.805330 5.823037 -0.861998 -1.273280 -9.888671 -6.525966 0.000000 -0.000000 -0.000000
0.480421 94.989869 139.740442 16.787430 -1.943740 0.129828 -1.141430 3.761901 -0.907149 -0.459592 -4.152024 -0.394563 -0.458536 1.668221 -0.441236 -0.376429 7.088085 -0.332142 0.598851 10.864625 0.685738 0.849077 -15.853142 1.055392 -2.280345 -1.153621 9.383879 8.367053 -10.811390 70.361312 -1.411968 16.218752 -3.509833 6.721382 10.984629 2.626082 4.772324 -3.353187 -7.627758 3.356287 -9.362015 -75.324614 -0.389045 21.139423 7.303222 -5.348085 17.558730 3.940670 1.500988 5.924593 -4.055038 1.607036 2.047205 1.683452 0.184440 -5.338038 2.420750 0.000000 -1.368439 -0.000000 1.559092 5.300624 4.045532 -2.807123 5.826270 -0.859121 -1.258978 -9.894256 -6.534948 -0.000000 -0.000000 -0.000000
0.482835 94.990415 139.752832 16.792372 -1.940504 0.125674 -1.147198 3.754788 -0.908699 -0.462090 -4.155171 -0.395227 -0.461026 1.665073 -0.442154 -0.378365 7.085726 -0.332830 0.602613 10.864736 0.682140 0.857937 -15.852945 1.046775 -2.272298 -1.138495 9.377915 8.354986 -10.815286 70.358074 -1.416297 16.223422 -3.508151 6.720055 10.984904 2.618237 4.778880 -3.342497 -7.631544 3.351199 -9.356442 -75.321883 -0.385390 21.137715 7.304344 -5.347165 17.558428 3.941494 1.491525 5.928371 -4.046125 1.616967 2.048720 1.674159 0.174844 -5.334413 2.424990 0.000000 -1.388683 -0.000000 1.545699 5.306545 4.051266 -2.805882 5.828181 -0.858917 -1.246455 -9.900340 -6.538989 0.000000 -0.000000 -0.000000
0.486962 94.991113 139.765610 16.798592 -1.938006 0.120366 -1.151243 3.745826 -0.910742 -0.463797 -4.159140 -0.396130 -0.462726 1.661102 -0.443230 -0.379723 7.082750 -0.333640 0.603916 10.865994 0.678513 0.862071 -15.850611 1.039200 -2.270172 -1.124670 9.374199 8.347572 -10.810211 70.355771 -1.416868 16.228387 -3.509044 6.717124 10.979987 2.618368 4.780058 -3.331761 -7.636288 3.344307 -9.347083 -75.315825 -0.377865 21.136226 7.310396 -5.343562 17.560131 3.940521 1.483203 5.935727 -4.045710 1.632301 2.045535 1.674532 0.157373 -5.327644 2.434077 -0.000000 -1.409785 0.000000 1.547534 5.310597 4.059436 -2.829547 5.831345 -0.859841 -1.224844 -9.905769 -6.545269 -0.000000 0.000000 -0.000000
0.491002 94.992203 139.778174 16.806217 -1.931741 0.115922 -1.155222 3.741067 -0.913780 -0.465415 -4.161239 -0.397464 -0.464338 1.659002 -0.444728 -0.381044 7.081177 -0.334768 0.604455 10.862412 0.673908 0.865154 -15.857260 1.030076 -2.270122 -1.124460 9.372791 8.349076 -10.804095 70.353308 -1.417862 16.224713 -3.506126 6.715894 10.982247 2.617587 4.777237 -3.335261 -7.637743 3.343198 -9.340929 -75.312542 -0.367336 21.136547 7.315075 -5.339872 17.566364 3.940882 1.474930 5.937903 -4.044135 1.647781 2.045354 1.672419 0.139857 -5.318140 2.443772 -0.000000 -1.441757 0.000000 1.546552 5.307618 4.066645 -2.859671 5.839884 -0.858738 -1.194453 -9.911494 -6.557229 0.000000 -0.000000 0.000000
0.495816 94.993853 139.789813 16.813489 -1.921623 0.111688 -1.159757 3.736473 -0.915180 -0.467367 -4.163268 -0.398064 -0.466284 1.656971 -0.445527 -0.382564 7.079655 -0.335367 0.604325 10.858832 0.667228 0.867872 -15.863903 1.017250 -2.263401 -1.130959 9.371116 8.348815 -10.798762 70.349556 -1.421942 16.223289 -3.506795 6.715137 10.981310 2.615842 4.781266 -3.345288 -7.641460 3.341095 -9.332580 -75.312043 -0.356065 21.135953 7.319837 -5.339104 17.571887 3.939810 1.475978 5.935666 -4.042332 1.654753 2.043595 1.670291 0.120190 -5.305015 2.453610 0.000000 -1.473069 -0.000000 1.543425 5.300448 4.071695 -2.883721 5.849062 -0.856525 -1.167551 -9.915067 -6.571403 0.000000 -0.000000 -0.000000
0.499692 94.995770 139.802573 16.818756 -1.916924 0.106957 -1.160628 3.735991 -0.917795 -0.467616 -4.163473 -0.399223 -0.466532 1.656766 -0.446710 -0.382838 7.079502 -0.336260 0.602553 10.856056 0.662153 0.866712 -15.869049 1.008250 -2.267002 -1.132341 9.366465 8.345716 -10.805742 70.352660 -1.425004 16.230476 -3.509108 6.711613 10.985274 2.620443 4.779145 -3.359460 -7.640174 3.338183 -9.326374 -75.315454 -0.346029 21.131022 7.325346 -5.333905 17.573155 3.940370 1.478591 5.935625 -4.033547 1.660705 2.049143 1.663792 0.102690 -5.293666 2.458705 -0.000000 -1.508880 -0.000000 1.535493 5.300465 4.076318 -2.910587 5.857134 -0.853595 -1.129243 -9.917510 -6.584424 0.000000 -0.000000 0.000000
0.502809 94.997606 139.814555 16.822860 -1.915723 0.103394 -1.168230 3.731725 -0.915487 -0.471130 -4.165360 -0.398147 -0.470037 1.654875 -0.445991 -0.385413 7.078086 -0.335708 0.607389 10.854810 0.653358 0.879960 -15.871367 0.989130 -2.252914 -1.131562 9.351157 8.339417 -10.805530 70.353868 -1.423768 16.238854 -3.511669 6.713624 10.987493 2.623620 4.793161 -3.358942 -7.650500 3.346557 -9.326738 -75.320155 -0.339766 21.140039 7.327984 -5.333655 17.569895 3.930654 1.478678 5.936918 -4.027786 1.667272 2.050027 1.660321 0.091488 -5.280352 2.463141 0.000000 -1.532692 0.000000 1.514890 5.306231 4.078601 -2.934066 5.861384 -0.850476 -1.082368 -9.916768 -6.602424 0.000000 0.000000 0.000000
0.504865 94.998477 139.825564 16.825898 -1.912368 0.096504 -1.173071 3.727296 -0.914136 -0.473365 -4.167323 -0.397519 -0.472265 1.652911 -0.445590 -0.387055 7.076614 -0.335400 0.611160 10.850243 0.646149 0.890438 -15.879849 0.973538 -2.243433 -1.125369 9.344831 8.346465 -10.809445 70.352957 -1.421729 16.234660 -3.514083 6.717487 10.988661 2.622185 4.798870 -3.355314 -7.654019 3.377253 -9.334879 -75.322663 -0.346079 21.168275 7.319151 -5.336922 17.581337 3.925714 1.475316 5.936751 -4.021613 1.667232 2.056506 1.663228 0.090770 -5.280603 2.462362 -0.000000 -1.543466 0.000000 1.482038 5.307207 4.082903 -2.938124 5.869811 -0.849078 -1.043464 -9.917872 -6.610708 0.000000 -0.000000 0.000000
0.506130 94.998445 139.834702 16.831047 -1.907534 0.092233 -1.172625 3.727961 -0.919231 -0.472894 -4.167014 -0.399789 -0.471795 1.653220 -0.447812 -0.386867 7.076847 -0.337080 0.612411 10.838298 0.645148 0.893272 -15.902035 0.971035 -2.248878 -1.117095 9.347285 8.364307 -10.819128 70.350755 -1.410712 16.215275 -3.512068 6.721371 10.979793 2.614180 4.778984 -3.348301 -7.646982 3.387325 -9.348151 -75.317432 -0.361459 21.166557 7.306490 -5.337141 17.590377 3.934227 1.472884 5.934144 -4.017698 1.660144 2.059651 1.664588 0.095719 -5.278661 2.457908 0.000000 -1.554430 -0.000000 1.463423 5.306288 4.086705 -2.942144 5.877744 -0.846527 -1.019789 -9.922944 -6.624919 -0.000000 0.000000 -0.000000
0.505124 94.997107 139.841437 16.836256 -1.899009 0.087944 -1.173678 3.728455 -0.927109 -0.472942 -4.166770 -0.403286 -0.471843 1.653464 -0.451314 -0.387163 7.077031 -0.339726 0.612991 10.825278 0.650631 0.891912 -15.926223 0.981340 -2.257351 -1.110694 9.356646 8.379808 -10.844346 70.343699 -1.411897 16.210307 -3.503592 6.719656 10.966634 2.596048 4.760930 -3.341888 -7.635958 3.364738 -9.356633 -75.317105 -0.371304 21.137906 7.309877 -5.348154 17.586056 3.932204 1.479168 5.924263 -4.013505 1.651499 2.072678 1.668495 0.096416 -5.287494 2.451648 -0.000000 -1.554407 0.000000 1.441533 5.300269 4.089358 -2.931191 5.887437 -0.843937 -1.008515 -9.933431 -6.630998 -0.000000 0.000000 -0.000000
0.505503 94.996971 139.848870 16.839610 -1.889756 0.083179 -1.173041 3.727288 -0.934823 -0.472250 -4.167268 -0.406729 -0.471152 1.652967 -0.454687 -0.386895 7.076658 -0.342276 0.611851 10.812153 0.656062 0.887255 -15.950600 0.992313 -2.265398 -1.114590 9.360718 8.376936 -10.860405 70.357653 -1.415988 16.225381 -3.510671 6.719169 10.963789 2.597451 4.746919 -3.347326 -7.629082 3.334433 -9.355290 -75.313052 -0.377919 21.113724 7.318249 -5.348888 17.574814 3.927694 1.482424 5.913559 -4.010091 1.647828 2.081198 1.670788 0.094099 -5.288080 2.447957 -0.000000 -1.566885 -0.000000 1.439569 5.293892 4.096390 -2.933674 5.893669 -0.838656 -1.002442 -9.941423 -6.637319 -0.000000 -0.000000 -0.000000
0.505992 94.996698 139.858821 16.841437 -1.881779 0.076812 -1.172918 3.724481 -0.940568 -0.471894 -4.168500 -0.409296 -0.470796 1.651735 -0.457218 -0.386816 7.075736 -0.344190 0.611303 10.804577 0.660503 0.884194 -15.964673 1.001121 -2.264464 -1.113149 9.359253 8.376132 -10.878686 70.374541 -1.423139 16.241773 -3.518319 6.718855 10.970524 2.602578 4.740144 -3.349607 -7.629215 3.312274 -9.364342 -75.299313 -0.380993 21.101330 7.321199 -5.348181 17.571783 3.925585 1.473728 5.911572 -4.008058 1.657887 2.081650 1.672021 0.090654 -5.287432 2.451227 0.000000 -1.583591 0.000000 1.463116 5.293642 4.109213 -2.953351 5.892977 -0.835081 -1.001425 -9.950786 -6.641918 0.000000 0.000000 -0.000000
0.508219 94.996821 139.870750 16.842237 -1.874375 0.071536 -1.171899 3.719349 -0.947482 -0.471083 -4.170763 -0.412398 -0.469984 1.649473 -0.460237 -0.386433 7.074039 -0.346474 0.610494 10.803155 0.664557 0.880817 -15.967316 1.009303 -2.260419 -1.100193 9.358384 8.394487 -10.896263 70.379894 -1.424049 16.234196 -3.514421 6.720435 10.981831 2.609926 4.735329 -3.345497 -7.629455 3.306075 -9.382938 -75.279332 -0.383345 21.097469 7.314985 -5.348014 17.579398 3.938792 1.464172 5.914742 -4.003697 1.669808 2.072460 1.668726 0.088056 -5.279651 2.456432 0.000000 -1.602458 0.000000 1.478324 5.297831 4.116360 -2.962258 5.887129 -0.831273 -1.006186 -9.958810 -6.640620 -0.000000 0.000000 -0.000000
0.511674 94.997276 139.882185 16.846288 -1.869181 0.065290 -1.171562 3.713177 -0.953379 -0.470630 -4.173490 -0.415044 -0.469530 1.646746 -0.462837 -0.386288 7.071995 -0.348440 0.607172 10.806967 0.666554 0.873524 -15.960230 1.014644 -2.263438 -1.091483 9.358278 8.419920 -10.902276 70.383258 -1.416347 16.218596 -3.508265 6.721884 10.983779 2.616088 4.729953 -3.346376 -7.632390 3.315286 -9.397034 -75.267582 -0.381902 21.098248 7.315895 -5.345612 17.583624 3.956849 1.457028 5.917213 -4.000529 1.680326 2.066918 1.668928 0.082073 -5.272432 2.459288 -0.000000 -1.618932 0.000000 1.480332 5.303281 4.121928 -2.967095 5.883775 -0.826822 -1.004880 -9.963216 -6.637561 -0.000000 0.000000 -0.000000
0.514404 94.998511 139.890786 16.846908 -1.868374 0.061087 -1.169884 3.708640 -0.958145 -0.469639 -4.175496 -0.417193 -0.468539 1.644741 -0.464885 -0.385698 7.070490 -0.349991 0.600866 10.811956 0.664962 0.862083 -15.950946 1.014394 -2.269187 -1.091606 9.357907 8.449605 -10.902478 70.382759 -1.406926 16.201450 -3.504287 6.723758 10.969771 2.609836 4.726010 -3.349886 -7.634315 3.341357 -9.416126 -75.266233 -0.372574 21.120090 7.321709 -5.341278 17.570114 3.964893 1.460759 5.921973 -3.992403 1.680470 2.060238 1.665464 0.079742 -5.259464 2.458912 0.000000 -1.636735 -0.000000 1.477394 5.309291 4.122003 -2.972629 5.878505 -0.823591 -0.999211 -9.956687 -6.633350 -0.000000 -0.000000 0.000000
0.517397 94.999804 139.898187 16.845785 -1.866904 0.054957 -1.169775 3.703343 -0.960454 -0.469477 -4.177844 -0.418237 -0.468376 1.642393 -0.465913 -0.385654 7.068730 -0.350769 0.593901 10.817451 0.660239 0.850772 -15.940718 1.008397 -2.273669 -1.092845 9.354946 8.463068 -10.909794 70.390959 -1.400256 16.205448 -3.510059 6.722354 10.956045 2.595533 4.727686 -3.352545 -7.639681 3.368016 -9.434117 -75.265548 -0.362413 21.145816 7.325116 -5.334591 17.557806 3.968533 1.475139 5.924970 -3.983997 1.662868 2.062132 1.667743 0.089336 -5.262074 2.453200 0.000000 -1.634608 -0.000000 1.463973 5.316177 4.122421 -2.968914 5.874565 -0.822668 -0.995915 -9.956271 -6.622081 0.000000 -0.000000 -0.000000
0.520141 95.000647 139.903273 16.842310 -1.867520 0.052390 -1.169710 3.698307 -0.964737 -0.469231 -4.180070 -0.420160 -0.468127 1.640167 -0.467811 -0.385610 7.067061 -0.352204 0.588230 10.822163 0.654147 0.842567 -15.931947 0.999181 -2.273559 -1.096885 9.357752 8.458385 -10.916805 70.393895 -1.390378 16.218206 -3.515158 6.721424 10.952872 2.585955 4.728319 -3.355688 -7.638833 3.379975 -9.440531 -75.266154 -0.363124 21.151789 7.324656 -5.333091 17.571462 3.963241 1.490922 5.927962 -3.978324 1.643552 2.064517 1.671823 0.100322 -5.267947 2.441295 0.000000 -1.627297 -0.000000 1.443592 5.320150 4.118798 -2.954004 5.877059 -0.824191 -0.992222 -9.957489 -6.608111 0.000000 0.000000 -0.000000
0.522281 95.000842 139.906179 16.838219 -1.866764 0.048145 -1.168514 3.692525 -0.969460 -0.468458 -4.182629 -0.422290 -0.467354 1.637609 -0.469862 -0.385185 7.065142 -0.353756 0.584496 10.826750 0.647496 0.838347 -15.923412 0.988022 -2.278260 -1.095519 9.363159 8.451429 -10.930909 70.397377 -1.383562 16.224120 -3.514816 6.722704 10.960333 2.583207 4.724329 -3.355859 -7.633747 3.378847 -9.435771 -75.261971 -0.375858 21.139432 7.311156 -5.337145 17.599466 3.960682 1.516939 5.927295 -3.971650 1.621219 2.071938 1.679545 0.102252 -5.278679 2.428216 -0.000000 -1.612723 0.000000 1.427788 5.322825 4.117321 -2.938616 5.878115 -0.827064 -0.990322 -9.960697 -6.597071 -0.000000 -0.000000 0.000000
0.524604 95.000578 139.908679 16.836493 -1.863928 0.047523 -1.171713 3.687567 -0.975040 -0.469595 -4.184810 -0.424763 -0.468487 1.635427 -0.472451 -0.386227 7.063507 -0.355710 0.585287 10.829798 0.642206 0.842243 -15.917751 0.977465 -2.279600 -1.105622 9.366246 8.453149 -10.933145 70.399937 -1.377288 16.214485 -3.509113 6.723822 10.959323 2.581843 4.726083 -3.354757 -7.629281 3.364978 -9.425849 -75.257788 -0.394632 21.123744 7.297378 -5.341807 17.610521 3.955073 1.527798 5.926028 -3.971276 1.607905 2.074680 1.686150 0.108344 -5.287336 2.415725 -0.000000 -1.603684 0.000000 1.421744 5.325518 4.114693 -2.928122 5.877175 -0.829380 -0.996507 -9.967271 -6.585740 -0.000000 0.000000 0.000000
0.527890 95.000604 139.911652 16.835182 -1.862638 0.046515 -1.175865 3.683675 -0.980478 -0.471161 -4.186515 -0.427163 -0.470047 1.633720 -0.475010 -0.387588 7.062229 -0.357640 0.589977 10.831504 0.636765 0.853724 -15.914589 0.964875 -2.281231 -1.112136 9.367874 8.462777 -10.936172 70.406505 -1.372887 16.203831 -3.508140 6.721320 10.956119 2.587872 4.729421 -3.354297 -7.627565 3.348986 -9.415118 -75.253596 -0.405860 21.122028 7.292476 -5.347620 17.592733 3.953540 1.526273 5.930248 -3.971014 1.606878 2.072685 1.690791 0.111914 -5.293503 2.407604 -0.000000 -1.598642 -0.000000 1.430480 5.330156 4.111858 -2.929942 5.872837 -0.829589 -1.005134 -9.970495 -6.574064 0.000000 0.000000 -0.000000
0.531567 95.000778 139.916256 16.833437 -1.860487 0.045447 -1.178083 3.680599 -0.986674 -0.471825 -4.187860 -0.429913 -0.470709 1.632375 -0.477827 -0.388294 7.061221 -0.359767 0.595665 10.830234 0.633510 0.866147 -15.916957 0.956056 -2.279277 -1.111552 9.371080 8.466785 -10.941570 70.412175 -1.368294 16.206367 -3.511556 6.722403 10.953371 2.591616 4.729299 -3.354061 -7.627395 3.334176 -9.411004 -75.248254 -0.407660 21.125871 7.294025 -5.347137 17.574382 3.960134 1.516293 5.939094 -3.975141 1.612979 2.062343 1.696716 0.116274 -5.296658 2.405060 0.000000 -1.590580 -0.000000 1.449426 5.333078 4.113870 -2.937866 5.869750 -0.829488 -1.014367 -9.976261 -6.569584 -0.000000 0.000000 -0.000000
0.535873 95.000758 139.920933 16.830011 -1.858375 0.043778 -1.178371 3.678202 -0.992028 -0.471673 -4.188909 -0.432301 -0.470556 1.631326 -0.480200 -0.388356 7.060435 -0.361561 0.601794 10.826726 0.630762 0.879190 -15.923481 0.948013 -2.286227 -1.111594 9.374783 8.479129 -10.944791 70.409426 -1.370486 16.216820 -3.508423 6.724132 10.950504 2.582373 4.726312 -3.353442 -7.630044 3.330301 -9.410824 -75.249522 -0.394836 21.131041 7.310930 -5.354414 17.572112 3.963238 1.514111 5.944446 -3.980337 1.612395 2.056990 1.703955 0.121480 -5.300739 2.404634 0.000000 -1.582662 -0.000000 1.466493 5.334644 4.115875 -2.929645 5.868529 -0.828804 -1.034606 -9.981535 -6.568172 -0.000000 -0.000000 0.000000
0.539562 95.000819 139.924681 16.826517 -1.853224 0.041243 -1.176157 3.675943 -0.996513 -0.470454 -4.189905 -0.434323 -0.469339 1.630331 -0.482098 -0.387585 7.059689 -0.362998 0.607030 10.819015 0.629877 0.889671 -15.937812 0.943956 -2.287254 -1.112354 9.377434 8.484820 -10.943593 70.410345 -1.370039 16.219795 -3.509884 6.726934 10.949977 2.578692 4.723266 -3.356484 -7.633682 3.332396 -9.411796 -75.253921 -0.385666 21.128129 7.320922 -5.347380 17.586950 3.966703 1.513434 5.942420 -3.979047 1.611700 2.053812 1.708140 0.127800 -5.302675 2.401200 0.000000 -1.574656 -0.000000 1.476803 5.334540 4.115991 -2.921934 5.866310 -0.829367 -1.047964 -9.986904 -6.560097 -0.000000 0.000000 -0.000000
0.543214 95.000709 139.926570 16.821346 -1.847927 0.039102 -1.172701 3.674379 -1.001742 -0.468642 -4.190593 -0.436682 -0.467529 1.629645 -0.484273 -0.386390 7.059173 -0.364647 0.610194 10.808538 0.630672 0.895399 -15.957276 0.944063 -2.286473 -1.109569 9.379022 8.487775 -10.942771 70.415176 -1.369119 16.216229 -3.510292 6.725173 10.942757 2.580653 4.719387 -3.352387 -7.633095 3.339040 -9.426867 -75.258826 -0.369710 21.120221 7.325636 -5.341865 17.600090 3.965306 1.514117 5.938495 -3.976040 1.607132 2.053870 1.709927 0.135459 -5.312173 2.395099 0.000000 -1.553536 -0.000000 1.480477 5.336236 4.113530 -2.912201 5.856538 -0.829742 -1.055667 -9.988438 -6.552206 -0.000000 0.000000 -0.000000
0.546207 95.000218 139.927546 16.816101 -1.842502 0.038382 -1.169474 3.673748 -1.007349 -0.466909 -4.190864 -0.439206 -0.465800 1.629375 -0.486621 -0.385268 7.058970 -0.366425 0.611740 10.797986 0.631755 0.897876 -15.976878 0.945449 -2.289150 -1.108233 9.382185 8.491925 -10.941933 70.418173 -1.373996 16.212527 -3.512948 6.723068 10.942089 2.584102 4.719558 -3.354894 -7.633063 3.355536 -9.434519 -75.263047 -0.364025 21.125412 7.320282 -5.342822 17.607888 3.957694 1.516500 5.935042 -3.975329 1.598229 2.055216 1.713315 0.148482 -5.322526 2.386905 0.000000 -1.542053 -0.000000 1.476749 5.333675 4.111414 -2.900924 5.853360 -0.833906 -1.060452 -9.991537 -6.543132 0.000000 0.000000 0.000000
0.549468 94.999161 139.926489 16.812019 -1.838362 0.037201 -1.167273 3.673307 -1.011923 -0.465687 -4.191052 -0.441262 -0.464581 1.629188 -0.488553 -0.384497 7.058830 -0.367887 0.612927 10.788176 0.630944 0.900512 -15.995097 0.943339 -2.289170 -1.104660 9.381723 8.489906 -10.939582 70.421220 -1.377192 16.213855 -3.512339 6.719378 10.945821 2.587015 4.718820 -3.353544 -7.631418 3.366210 -9.433640 -75.269142 -0.369687 21.133357 7.312343 -5.344645 17.608546 3.952739 1.524399 5.933288 -3.974308 1.589369 2.053387 1.715447 0.154311 -5.335793 2.381351 0.000000 -1.513491 -0.000000 1.467181 5.333591 4.107685 -2.883960 5.846984 -0.838263 -1.064973 -9.994496 -6.532323 -0.000000 -0.000000 0.000000
0.552253 94.997605 139.924973 16.810300 -1.835052 0.036886 -1.167328 3.674157 -1.015813 -0.465503 -4.190663 -0.442991 -0.464397 1.629578 -0.490263 -0.384486 7.059122 -0.369180 0.613746 10.778134 0.628167 0.903315 -16.013744 0.937600 -2.288201 -1.097532 9.381005 8.489160 -10.940114 70.421137 -1.381788 16.218863 -3.514542 6.719806 10.951163 2.590203 4.718847 -3.351588 -7.631498 3.365066 -9.425282 -75.273444 -0.382731 21.139258 7.305526 -5.346280 17.608460 3.953725 1.537997 5.929762 -3.974847 1.580575 2.056927 1.719839 0.153354 -5.351951 2.374657 0.000000 -1.487450 0.000000 1.458988 5.332836 4.105138 -2.868893 5.843649 -0.842361 -1.075666 -10.000250 -6.521295 -0.000000 0.000000 -0.000000
0.552926 94.996526 139.922551 16.815505 -1.831141 0.034718 -1.170688 3.674669 -1.017670 -0.466899 -4.190423 -0.443789 -0.465790 1.629817 -0.491203 -0.385600 7.059303 -0.369886 0.613389 10.770530 0.623890 0.904527 -16.027858 0.929494 -2.285316 -1.100669 9.381698 8.484512 -10.930657 70.419178 -1.385607 16.223090 -3.515340 6.719032 10.951187 2.587840 4.719931 -3.351637 -7.634710 3.351222 -9.411990 -75.275121 -0.389397 21.139389 7.305806 -5.350287 17.607760 3.953590 1.540551 5.921368 -3.965560 1.582237 2.060989 1.712911 0.145349 -5.353289 2.369341 -0.000000 -1.493202 -0.000000 1.453380 5.331837 4.106849 -2.865005 5.839154 -0.843786 -1.079474 -10.003314 -6.515716 -0.000000 0.000000 -0.000000
0.553845 94.996388 139.921551 16.823375 -1.823794 0.032770 -1.175351 3.673011 -1.018044 -0.468958 -4.191148 -0.443924 -0.467843 1.629089 -0.491547 -0.387165 7.058759 -0.370141 0.612426 10.764624 0.618748 0.904960 -16.038817 0.919994 -2.281123 -1.097767 9.380643 8.479254 -10.921748 70.414057 -1.386321 16.222057 -3.512424 6.719951 10.946593 2.581880 4.721768 -3.347128 -7.640779 3.328918 -9.399976 -75.276906 -0.388885 21.129236 7.310523 -5.352259 17.603919 3.955306 1.531632 5.917236 -3.966885 1.589233 2.057069 1.714150 0.139033 -5.348003 2.375177 0.000000 -1.501784 -0.000000 1.455859 5.328626 4.107980 -2.874239 5.833349 -0.840525 -1.077598 -10.000344 -6.517021 -0.000000 0.000000 -0.000000
0.556360 94.996980 139.922958 16.829935 -1.815688 0.029329 -1.179138 3.670905 -1.017290 -0.470687 -4.192078 -0.443564 -0.469568 1.628158 -0.491363 -0.388445 7.058061 -0.369998 0.611649 10.760668 0.614183 0.905497 -16.046153 0.911524 -2.274245 -1.085370 9.377057 8.471865 -10.922250 70.411799 -1.387847 16.218437 -3.511581 6.715843 10.942963 2.575491 4.725594 -3.343032 -7.646516 3.311581 -9.392272 -75.281022 -0.381991 21.113930 7.318800 -5.347344 17.604225 3.954988 1.512170 5.918674 -3.970583 1.600054 2.044496 1.716304 0.140288 -5.341086 2.382289 0.000000 -1.483176 -0.000000 1.467632 5.326947 4.113113 -2.887239 5.822598 -0.836969 -1.081522 -9.996480 -6.524897 -0.000000 -0.000000 -0.000000
0.559450 94.998003 139.925840 16.831954 -1.806486 0.028703 -1.180015 3.667738 -1.018597 -0.471014 -4.193480 -0.444149 -0.469893 1.626756 -0.491980 -0.388736 7.057011 -0.370464 0.612065 10.760138 0.610905 0.907768 -16.047133 0.905009 -2.273186 -1.086521 9.377566 8.462800 -10.908174 70.410649 -1.394145 16.222678 -3.511316 6.716949 10.945095 2.575675 4.730408 -3.341735 -7.649457 3.314803 -9.389958 -75.286905 -0.370972 21.111426 7.322840 -5.343258 17.609307 3.953351 1.504184 5.915754 -3.972972 1.610079 2.035743 1.714692 0.132756 -5.332087 2.386018 0.000000 -1.494643 -0.000000 1.481848 5.326096 4.115662 -2.882207 5.810324 -0.836987 -1.101536 -9.990127 -6.526946 -0.000000 -0.000000 0.000000
0.563103 94.999023 139.929092 16.835092 -1.797046 0.026484 -1.180509 3.666573 -1.019057 -0.471212 -4.193995 -0.444353 -0.470091 1.626240 -0.492205 -0.388901 7.056624 -0.370633 0.613651 10.758839 0.607838 0.912201 -16.049542 0.898376 -2.271483 -1.090477 9.374809 8.454248 -10.893725 70.415996 -1.398489 16.227443 -3.512735 6.713418 10.947022 2.582888 4.732281 -3.347482 -7.650421 3.338059 -9.390612 -75.292421 -0.361239 21.124706 7.323070 -5.339003 17.620839 3.948970 1.491168 5.908632 -3.972285 1.622707 2.033822 1.713792 0.128463 -5.322001 2.388927 0.000000 -1.518626 -0.000000 1.490919 5.324363 4.115148 -2.893037 5.798389 -0.831470 -1.100632 -9.983249 -6.534618 -0.000000 0.000000 0.000000
0.566658 94.999610 139.932323 16.837953 -1.788936 0.025356 -1.180111 3.666639 -1.020536 -0.470957 -4.193963 -0.445015 -0.469835 1.626273 -0.492841 -0.388757 7.056649 -0.371114 0.616097 10.758394 0.605929 0.917776 -16.050370 0.893597 -2.272281 -1.096170 9.378093 8.447756 -10.879829 70.415516 -1.404916 16.229849 -3.510657 6.711915 10.952204 2.593087 4.729014 -3.350472 -7.648481 3.359146 -9.391926 -75.294242 -0.357579 21.135633 7.319557 -5.339348 17.632054 3.946752 1.476208 5.902703 -3.970883 1.637466 2.031240 1.704656 0.123158 -5.314145 2.399157 0.000000 -1.529083 -0.000000 1.483593 5.322287 4.114434 -2.898219 5.791591 -0.828896 -1.085814 -9.979894 -6.542425 -0.000000 -0.000000 0.000000
0.572483 94.998555 139.936033 16.839378 -1.781022 0.022124 -1.180080 3.668996 -1.020874 -0.470920 -4.192914 -0.445158 -0.469799 1.627322 -0.492980 -0.388739 7.057435 -0.371219 0.619786 10.754571 0.603759 0.925863 -16.057470 0.887748 -2.270174 -1.098111 9.379542 8.438346 -10.872779 70.415879 -1.404548 16.233872 -3.507077 6.712668 10.956136 2.601103 4.728785 -3.353466 -7.648424 3.366476 -9.388910 -75.295073 -0.364371 21.141867 7.316021 -5.340286 17.636785 3.946707 1.470706 5.898674 -3.973569 1.652907 2.030113 1.701173 0.109013 -5.302714 2.416074 -0.000000 -1.561926 -0.000000 1.473380 5.315803 4.115065 -2.903648 5.791802 -0.827901 -1.069578 -9.976653 -6.548716 -0.000000 0.000000 -0.000000
0.578124 94.998614 139.937768 16.842834 -1.773505 0.019036 -1.183236 3.671746 -1.020273 -0.472351 -4.191687 -0.444857 -0.471228 1.628548 -0.492825 -0.389798 7.058356 -0.371098 0.625402 10.750287 0.601577 0.937677 -16.065430 0.881011 -2.269256 -1.100055 9.379355 8.436234 -10.869272 70.411545 -1.406308 16.238832 -3.500507 6.714616 10.955697 2.600770 4.732429 -3.354257 -7.649584 3.347682 -9.380767 -75.291074 -0.367981 21.126644 7.317305 -5.351609 17.632529 3.943980 1.475061 5.895365 -3.973220 1.665751 2.029158 1.695103 0.084991 -5.291434 2.432370 0.000000 -1.587940 -0.000000 1.454717 5.308192 4.114088 -2.910595 5.794215 -0.824720 -1.045449 -9.974117 -6.556043 0.000000 0.000000 0.000000
0.582772 94.998755 139.939803 16.844796 -1.767847 0.015572 -1.184046 3.675614 -1.019198 -0.472760 -4.189969 -0.444361 -0.471638 1.630265 -0.492370 -0.390070 7.059644 -0.370752 0.630633 10.743834 0.598774 0.949023 -16.077415 0.873244 -2.267699 -1.101941 9.382075 8.436169 -10.866438 70.411307 -1.405684 16.240062 -3.503331 6.715439 10.951453 2.595266 4.732378 -3.356639 -7.649582 3.324838 -9.371590 -75.284983 -0.375768 21.111793 7.317737 -5.353454 17.626309 3.946703 1.483693 5.892406 -3.967764 1.671439 2.027945 1.686900 0.064516 -5.278921 2.447698 0.000000 -1.613235 -0.000000 1.441541 5.303450 4.114698 -2.927804 5.796266 -0.823116 -1.011903 -9.971028 -6.565298 0.000000 -0.000000 -0.000000
0.586064 94.999033 139.941203 16.847395 -1.762621 0.012848 -1.185881 3.678161 -1.017460 -0.473664 -4.188838 -0.443565 -0.472541 1.631395 -0.491666 -0.390694 7.060492 -0.370218 0.635612 10.739635 0.595748 0.959987 -16.085212 0.865161 -2.265519 -1.097415 9.380611 8.441926 -10.869806 70.413239 -1.405854 16.232797 -3.505793 6.714683 10.942039 2.588594 4.734014 -3.355667 -7.651575 3.310701 -9.370066 -75.279183 -0.376774 21.105984 7.319850 -5.353716 17.622525 3.948706 1.485019 5.887945 -3.965716 1.673901 2.029712 1.682417 0.057649 -5.268928 2.457033 0.000000 -1.638435 -0.000000 1.422166 5.298444 4.115884 -2.928525 5.798463 -0.821601 -0.989484 -9.967625 -6.574229 -0.000000 0.000000 0.000000
0.589291 94.999506 139.942378 16.848085 -1.755950 0.010051 -1.187278 3.679615 -1.015819 -0.474370 -4.188194 -0.442818 -0.473246 1.632039 -0.490991 -0.391172 7.060976 -0.369706 0.639903 10.738376 0.593085 0.969463 -16.087548 0.858094 -2.266287 -1.103469 9.381501 8.448201 -10.867944 70.414998 -1.412562 16.229774 -3.511731 6.716101 10.950007 2.588459 4.734504 -3.360025 -7.650221 3.313997 -9.371199 -75.277749 -0.373181 21.106021 7.323454 -5.348755 17.627353 3.952173 1.474174 5.881707 -3.966471 1.683737 2.028621 1.679694 0.054801 -5.258206 2.465456 0.000000 -1.657821 0.000000 1.412604 5.294783 4.118363 -2.931092 5.797058 -0.820755 -0.975171 -9.964640 -6.581726 -0.000000 0.000000 0.000000
0.592042 95.000049 139.944782 16.846315 -1.750851 0.006226 -1.187435 3.682081 -1.013813 -0.474541 -4.187103 -0.441916 -0.473418 1.633130 -0.490106 -0.391234 7.061793 -0.369037 0.643288 10.739678 0.591078 0.976898 -16.085128 0.852706 -2.269064 -1.103872 9.379594 8.451845 -10.876731 70.419823 -1.415530 16.230502 -3.510444 6.714380 10.949014 2.587554 4.733567 -3.362187 -7.649218 3.326058 -9.376646 -75.275492 -0.368330 21.106571 7.325722 -5.345774 17.633098 3.952349 1.450918 5.877400 -3.967983 1.703321 2.026185 1.676355 0.055795 -5.246994 2.476256 -0.000000 -1.680564 0.000000 1.418898 5.293525 4.127506 -2.947404 5.796498 -0.824117 -0.957977 -9.965399 -6.587081 0.000000 0.000000 -0.000000
0.595401 95.000680 139.947449 16.842230 -1.747481 0.004054 -1.187709 3.683845 -1.011920 -0.474760 -4.186324 -0.441066 -0.473637 1.633909 -0.489278 -0.391337 7.062377 -0.368410 0.644489 10.744712 0.588416 0.980414 -16.075774 0.847040 -2.266732 -1.105053 9.376881 8.447654 -10.885937 70.423521 -1.416185 16.231530 -3.506113 6.716698 10.945379 2.591496 4.732887 -3.367530 -7.654054 3.341716 -9.382411 -75.267374 -0.359057 21.109070 7.326827 -5.341943 17.639027 3.951669 1.431130 5.875423 -3.972185 1.719427 2.024477 1.678210 0.060392 -5.237378 2.482311 0.000000 -1.702267 -0.000000 1.432581 5.292923 4.130348 -2.968790 5.793233 -0.823750 -0.942615 -9.960367 -6.594656 -0.000000 0.000000 0.000000
0.598327 95.001707 139.948167 16.834184 -1.745987 0.004270 -1.185682 3.686697 -1.011601 -0.473869 -4.185062 -0.440932 -0.472749 1.635172 -0.489054 -0.390653 7.063324 -0.368242 0.644972 10.748962 0.585687 0.982571 -16.067874 0.841566 -2.264355 -1.106466 9.375511 8.443654 -10.893778 70.432457 -1.412133 16.232634 -3.505654 6.718792 10.947913 2.591016 4.733287 -3.374156 -7.653647 3.347519 -9.385773 -75.261358 -0.351853 21.107903 7.328925 -5.339939 17.642542 3.948407 1.431632 5.872200 -3.972767 1.724471 2.022428 1.675135 0.058837 -5.223532 2.486636 0.000000 -1.721920 -0.000000 1.440710 5.294497 4.129939 -2.979346 5.788357 -0.825308 -0.928525 -9.954748 -6.599594 -0.000000 0.000000 -0.000000
0.599458 95.002328 139.949195 16.826923 -1.743554 0.004236 -1.184424 3.687786 -1.010995 -0.473340 -4.184582 -0.440668 -0.472221 1.635652 -0.488736 -0.390233 7.063683 -0.368004 0.643438 10.753930 0.583200 0.980727 -16.058640 0.837467 -2.266166 -1.106056 9.376460 8.451998 -10.900861 70.438198 -1.406482 16.233076 -3.503402 6.723280 10.947223 2.590488 4.731540 -3.377252 -7.654159 3.347697 -9.384063 -75.253393 -0.351872 21.108610 7.330063 -5.337265 17.645482 3.950291 1.433315 5.866489 -3.973359 1.724437 2.027130 1.678341 0.063981 -5.221030 2.484916 0.000000 -1.726420 -0.000000 1.447092 5.295154 4.130064 -2.989005 5.788272 -0.822737 -0.916585 -9.955321 -6.605959 -0.000000 -0.000000 0.000000
0.600626 95.002274 139.950032 16.819431 -1.744246 0.003295 -1.183732 3.690337 -1.010896 -0.473032 -4.183450 -0.440622 -0.471915 1.636784 -0.488659 -0.389997 7.064532 -0.367946 0.641917 10.757886 0.581720 0.978458 -16.051289 0.835303 -2.267805 -1.110903 9.377538 8.464759 -10.903066 70.451164 -1.400206 16.227828 -3.509554 6.726700 10.943139 2.593733 4.733072 -3.379640 -7.653226 3.339469 -9.382607 -75.243085 -0.354585 21.102879 7.331078 -5.338341 17.647727 3.952780 1.425553 5.865907 -3.976864 1.733918 2.028441 1.680297 0.069423 -5.217908 2.484631 0.000000 -1.738415 -0.000000 1.443611 5.296136 4.130779 -2.988680 5.791309 -0.822245 -0.903507 -9.953261 -6.611808 0.000000 0.000000 -0.000000
0.600184 95.001791 139.950794 16.811822 -1.745848 0.004274 -1.183267 3.692928 -1.011714 -0.472776 -4.182298 -0.440982 -0.471661 1.637937 -0.488993 -0.389830 7.065397 -0.368199 0.640249 10.761152 0.579480 0.976242 -16.045215 0.831734 -2.267983 -1.110532 9.377239 8.478505 -10.912061 70.462917 -1.393430 16.218924 -3.511620 6.730414 10.938907 2.592913 4.732201 -3.378288 -7.650035 3.336007 -9.385572 -75.235746 -0.362455 21.096491 7.328698 -5.336236 17.647062 3.958027 1.410729 5.867111 -3.981424 1.744986 2.031373 1.682954 0.080271 -5.222573 2.483034 -0.000000 -1.735567 0.000000 1.428600 5.295892 4.131036 -2.972574 5.795492 -0.823710 -0.895344 -9.953410 -6.616103 -0.000000 0.000000 -0.000000
0.599720 95.001195 139.950028 16.808151 -1.748132 0.005862 -1.184389 3.694117 -1.012724 -0.473219 -4.181764 -0.441419 -0.472103 1.638470 -0.489475 -0.390197 7.065797 -0.368562 0.638279 10.764610 0.576751 0.973665 -16.038785 0.827358 -2.268649 -1.112466 9.379619 8.485357 -10.917150 70.471999 -1.385762 16.214261 -3.512560 6.729867 10.934153 2.591604 4.731816 -3.378216 -7.647692 3.335700 -9.384455 -75.227900 -0.370884 21.092269 7.324748 -5.336600 17.640978 3.962720 1.419102 5.868293 -3.983103 1.728951 2.033176 1.683756 0.090772 -5.223862 2.477960 0.000000 -1.738861 -0.000000 1.415765 5.294174 4.128664 -2.961654 5.803168 -0.825804 -0.887873 -9.954063 -6.616556 -0.000000 0.000000 -0.000000
0.598077 95.002189 139.947297 16.806993 -1.749830 0.008184 -1.188315 3.694652 -1.012075 -0.475000 -4.181519 -0.441097 -0.473880 1.638713 -0.489334 -0.391519 7.065981 -0.368450 0.638090 10.768061 0.572133 0.975370 -16.032364 0.818538 -2.272169 -1.109922 9.378169 8.490446 -10.930586 70.477336 -1.384786 16.219136 -3.511088 6.732371 10.932793 2.586970 4.736882 -3.379011 -7.652866 3.339732 -9.388649 -75.221754 -0.369008 21.092884 7.325217 -5.341489 17.637903 3.961409 1.429308 5.868069 -3.981512 1.710141 2.039001 1.680894 0.098553 -5.226665 2.473522 0.000000 -1.738043 -0.000000 1.402198 5.291807 4.119513 -2.940241 5.812028 -0.820580 -0.895496 -9.957259 -6.614889 -0.000000 0.000000 -0.000000
0.597583 95.002465 139.944381 16.804363 -1.751049 0.010363 -1.190112 3.693650 -1.012333 -0.475788 -4.181960 -0.441201 -0.474666 1.638272 -0.489518 -0.392122 7.065651 -0.368587 0.636971 10.771380 0.569399 0.974436 -16.026191 0.813772 -2.270795 -1.107750 9.379222 8.490787 -10.940282 70.484475 -1.384217 16.223077 -3.510892 6.732111 10.935820 2.579063 4.740222 -3.379807 -7.655032 3.342222 -9.391069 -75.215760 -0.365448 21.094559 7.324356 -5.342014 17.641012 3.961628 1.446640 5.864545 -3.978233 1.695281 2.044610 1.676438 0.097839 -5.228898 2.472467 -0.000000 -1.728783 0.000000 1.399325 5.290663 4.112827 -2.946676 5.816569 -0.818072 -0.883262 -9.959918 -6.612312 -0.000000 -0.000000 0.000000
0.597665 95.003013 139.941859 16.802286 -1.752293 0.010234 -1.190661 3.691865 -1.009825 -0.476169 -4.182759 -0.440085 -0.475046 1.637472 -0.488441 -0.392328 7.065051 -0.367773 0.637495 10.773582 0.565018 0.977408 -16.022089 0.805088 -2.268742 -1.107110 9.376824 8.489871 -10.944723 70.489654 -1.384500 16.228124 -3.509106 6.732832 10.932954 2.571054 4.742403 -3.379764 -7.661325 3.343253 -9.393987 -75.212804 -0.362048 21.094038 7.327218 -5.341554 17.651747 3.957053 1.462183 5.865266 -3.978625 1.683857 2.046108 1.677325 0.096671 -5.231662 2.473950 -0.000000 -1.724763 0.000000 1.408822 5.291023 4.113796 -2.960736 5.817826 -0.820867 -0.878030 -9.962697 -6.609127 0.000000 0.000000 -0.000000
0.598901 95.003444 139.939128 16.798801 -1.753009 0.009722 -1.188956 3.690643 -1.008009 -0.475509 -4.183311 -0.439294 -0.474387 1.636921 -0.487583 -0.391771 7.064637 -0.367127 0.637988 10.774516 0.561933 0.979742 -16.020346 0.798917 -2.270065 -1.114659 9.375555 8.492697 -10.938779 70.498157 -1.384776 16.226758 -3.513305 6.732429 10.935534 2.568554 4.743597 -3.381562 -7.664376 3.341044 -9.398788 -75.215187 -0.355610 21.090555 7.331544 -5.338902 17.656408 3.957947 1.473494 5.865074 -3.978232 1.685288 2.046329 1.677768 0.087622 -5.235026 2.475173 0.000000 -1.717775 -0.000000 1.420277 5.290925 4.113944 -2.969463 5.818225 -0.824475 -0.880280 -9.962929 -6.602008 0.000000 -0.000000 0.000000
0.599935 95.003820 139.936813 16.799933 -1.754443 0.010331 -1.187399 3.689374 -1.007789 -0.474831 -4.183879 -0.439212 -0.473710 1.636353 -0.487432 -0.391252 7.064210 -0.367015 0.638579 10.773445 0.560710 0.981429 -16.022332 0.796289 -2.270367 -1.116605 9.377234 8.495760 -10.936086 70.500633 -1.384156 16.226391 -3.510009 6.731544 10.933445 2.567664 4.743315 -3.387164 -7.664384 3.338747 -9.398711 -75.219306 -0.354291 21.085458 7.332548 -5.335755 17.658329 3.960181 1.476240 5.864868 -3.978583 1.679972 2.048074 1.681292 0.091090 -5.235261 2.466575 0.000000 -1.722184 -0.000000 1.423806 5.291712 4.113682 -2.963707 5.819202 -0.828807 -0.890531 -9.964394 -6.595815 0.000000 -0.000000 -0.000000
0.600880 95.004344 139.933138 16.799360 -1.755134 0.011538 -1.184926 3.687781 -1.007439 -0.473752 -4.184594 -0.439081 -0.472633 1.635640 -0.487191 -0.390427 7.063674 -0.366836 0.640431 10.770305 0.559572 0.985512 -16.028161 0.793254 -2.273445 -1.118779 9.378594 8.500381 -10.932564 70.501102 -1.382474 16.227057 -3.505537 6.729169 10.934500 2.569061 4.742144 -3.390111 -7.665305 3.340556 -9.400704 -75.226662 -0.359152 21.084955 7.329460 -5.334318 17.658863 3.961637 1.483239 5.863542 -3.977326 1.672854 2.050116 1.681480 0.093595 -5.237307 2.460500 -0.000000 -1.715546 0.000000 1.425580 5.289357 4.109599 -2.950426 5.820319 -0.831041 -0.906446 -9.964798 -6.586508 0.000000 -0.000000 0.000000
0.602360 95.005012 139.928007 16.799007 -1.759259 0.011307 -1.181966 3.688323 -1.006763 -0.472470 -4.184361 -0.438802 -0.471354 1.635873 -0.486782 -0.389438 7.063848 -0.366530 0.642402 10.764291 0.559142 0.989509 -16.039330 0.791523 -2.276504 -1.123440 9.380221 8.503197 -10.929294 70.502871 -1.383771 16.229015 -3.504087 6.729108 10.939757 2.567831 4.742950 -3.394270 -7.665199 3.340236 -9.402735 -75.234747 -0.367188 21.088736 7.323578 -5.336560 17.658100 3.959301 1.502009 5.862811 -3.975830 1.651852 2.052614 1.685742 0.098610 -5.237028 2.451088 -0.000000 -1.705474 -0.000000 1.428251 5.291662 4.106024 -2.939926 5.820992 -0.833426 -0.920637 -9.966855 -6.572855 -0.000000 0.000000 0.000000
0.602937 95.005314 139.920766 16.799662 -1.763266 0.011061 -1.179634 3.688120 -1.006504 -0.471446 -4.184457 -0.438706 -0.470332 1.635778 -0.486582 -0.388658 7.063776 -0.366381 0.645287 10.756194 0.559578 0.994880 -16.054369 0.791048 -2.276102 -1.130343 9.383385 8.498371 -10.922446 70.504531 -1.381002 16.236854 -3.502867 6.726979 10.940944 2.563490 4.743658 -3.398145 -7.665970 3.340225 -9.402090 -75.239702 -0.379183 21.094968 7.314899 -5.338450 17.659840 3.957579 1.521908 5.859543 -3.971213 1.632202 2.058325 1.687962 0.100820 -5.240804 2.442186 -0.000000 -1.689093 0.000000 1.423936 5.291715 4.099401 -2.928106 5.822636 -0.833312 -0.931492 -9.968838 -6.560010 0.000000 -0.000000 -0.000000
0.603138 95.005018 139.912760 16.797170 -1.767509 0.013173 -1.176485 3.688089 -1.007451 -0.469994 -4.184475 -0.439153 -0.468884 1.635761 -0.486881 -0.387594 7.063762 -0.366611 0.647194 10.747670 0.559769 0.998474 -16.070200 0.790538 -2.277375 -1.131450 9.386041 8.500988 -10.917036 70.503855 -1.377748 16.237023 -3.502833 6.729153 10.939733 2.561902 4.743651 -3.398605 -7.666809 3.337257 -9.401253 -75.245176 -0.392638 21.095627 7.307700 -5.339110 17.664860 3.960473 1.543008 5.858071 -3.969573 1.614763 2.063410 1.692048 0.103512 -5.251915 2.430619 0.000000 -1.657952 -0.000000 1.422137 5.294332 4.092240 -2.920949 5.821625 -0.835951 -0.942307 -9.969948 -6.544930 -0.000000 -0.000000 0.000000
0.603127 95.004794 139.903406 16.797398 -1.772232 0.013791 -1.175967 3.687305 -1.007704 -0.469752 -4.184824 -0.439272 -0.468641 1.635413 -0.486976 -0.387419 7.063501 -0.366683 0.650116 10.739853 0.560587 1.003748 -16.084721 0.790783 -2.278112 -1.133284 9.385499 8.507937 -10.911276 70.506274 -1.376000 16.234876 -3.502494 6.726247 10.936910 2.563779 4.749347 -3.395218 -7.666830 3.325731 -9.405124 -75.253924 -0.394990 21.091306 7.307320 -5.342670 17.661811 3.959249 1.557689 5.855882 -3.968014 1.599891 2.069787 1.698985 0.107283 -5.265083 2.416385 0.000000 -1.631387 -0.000000 1.409062 5.295599 4.086553 -2.905531 5.821707 -0.843625 -0.949643 -9.973512 -6.524981 0.000000 -0.000000 0.000000
0.602711 95.004320 139.892505 16.795825 -1.778592 0.016035 -1.176231 3.685089 -1.006936 -0.469915 -4.185810 -0.438935 -0.468803 1.634426 -0.486655 -0.387518 7.062761 -0.366441 0.652392 10.733809 0.559177 1.008775 -16.095942 0.787020 -2.273046 -1.128396 9.380258 8.515858 -10.909685 70.507607 -1.381592 16.229696 -3.504740 6.723741 10.937201 2.567948 4.759415 -3.385463 -7.672219 3.321515 -9.409548 -75.263201 -0.398548 21.092154 7.305327 -5.340271 17.661084 3.964213 1.578874 5.854912 -3.966400 1.578660 2.076870 1.703901 0.114602 -5.288233 2.403999 0.000000 -1.581516 -0.000000 1.401324 5.295673 4.077224 -2.884734 5.823825 -0.848411 -0.966672 -9.976034 -6.505219 -0.000000 -0.000000 0.000000
0.601966 95.003386 139.878572 16.792620 -1.784533 0.018255 -1.172461 3.685484 -1.009269 -0.468112 -4.185636 -0.440002 -0.467005 1.634602 -0.487540 -0.386235 7.062892 -0.367114 0.652514 10.727147 0.558673 1.009235 -16.108312 0.785972 -2.277387 -1.127943 9.384132 8.524476 -10.906632 70.510519 -1.385289 16.227914 -3.508711 6.724796 10.939296 2.572432 4.756805 -3.381665 -7.670744 3.321254 -9.416931 -75.270559 -0.392692 21.093889 7.308868 -5.339157 17.659307 3.966948 1.614175 5.847415 -3.970334 1.538111 2.091475 1.721723 0.130933 -5.317755 2.380451 0.000000 -1.524778 -0.000000 1.401294 5.294149 4.070412 -2.860885 5.824829 -0.858371 -0.997997 -9.976887 -6.478039 -0.000000 -0.000000 0.000000
0.599913 95.001292 139.862505 16.793354 -1.787740 0.020374 -1.172218 3.689587 -1.010058 -0.467954 -4.183811 -0.440343 -0.466848 1.636428 -0.487865 -0.386140 7.064261 -0.367359 0.653303 10.717412 0.554639 1.012568 -16.126377 0.777799 -2.278030 -1.136655 9.384494 8.530465 -10.906067 70.511048 -1.386143 16.224968 -3.506480 6.723737 10.943846 2.569753 4.761163 -3.387169 -7.672033 3.313114 -9.420251 -75.279422 -0.386580 21.097727 7.311524 -5.335678 17.664365 3.967779 1.656686 5.834757 -3.975056 1.449166 2.115365 1.752014 0.188673 -5.368226 2.342566 -0.000000 -1.428528 0.000000 1.385968 5.288467 4.061095 -2.810272 5.831501 -0.869066 -1.045201 -9.990306 -6.443112 -0.000000 -0.000000 0.000000
0.596330 94.996514 139.843882 16.796396 -1.792191 0.023237 -1.172374 3.698602 -1.010640 -0.467974 -4.179802 -0.440574 -0.466872 1.640436 -0.488097 -0.386172 7.067267 -0.367534 0.653490 10.708813 0.549197 1.015373 -16.142329 0.767178 -2.282180 -1.149572 9.384911 8.529172 -10.910924 70.509750 -1.381221 16.228531 -3.502248 6.721353 10.942386 2.566158 4.763837 -3.401015 -7.676235 3.303708 -9.420754 -75.286078 -0.376177 21.097956 7.319133 -5.346036 17.672487 3.956097 1.691738 5.818239 -3.977595 1.360820 2.145481 1.777958 0.255557 -5.450527 2.301977 -0.000000 -1.269021 0.000000 1.335859 5.280505 4.048128 -2.703639 5.847414 -0.881408 -1.126254 -10.012650 -6.397500 -0.000000 -0.000000 0.000000
0.591043 94.987166 139.824132 16.795027 -1.791949 0.031399 -1.168743 3.707260 -1.013543 -0.466186 -4.175954 -0.441869 -0.465091 1.644286 -0.489211 -0.384916 7.070154 -0.368379 0.654192 10.701114 0.543794 1.019155 -16.156609 0.756404 -2.289182 -1.157651 9.377845 8.526788 -10.920125 70.521442 -1.370624 16.232943 -3.502355 6.723010 10.937166 2.570638 4.765431 -3.418466 -7.675987 3.284651 -9.420266 -75.296579 -0.370729 21.091925 7.322739 -5.343510 17.680687 3.950588 1.701137 5.785077 -3.988577 1.239237 2.203611 1.816988 0.390093 -5.594907 2.238430 -0.000000 -1.027346 0.000000 1.318195 5.264343 4.028008 -2.607961 5.874357 -0.895390 -1.236230 -10.053317 -6.329204 -0.000000 0.000000 0.000000
0.584254 94.972312 139.801577 16.799772 -1.794213 0.043480 -1.174773 3.712116 -1.013903 -0.468841 -4.173782 -0.441967 -0.467741 1.646456 -0.489578 -0.386928 7.071783 -0.368649 0.661322 10.699602 0.534212 1.037227 -16.159382 0.734695 -2.276184 -1.172275 9.367922 8.531767 -10.907027 70.522764 -1.359782 16.229541 -3.502028 6.726100 10.931127 2.585603 4.787362 -3.430645 -7.685851 3.277776 -9.413602 -75.307610 -0.370685 21.104681 7.325570 -5.343613 17.682501 3.938154 1.705071 5.723569 -4.016934 1.115778 2.306606 1.869840 0.526939 -5.779853 2.163775 0.000000 -0.770605 -0.000000 1.318865 5.241724 4.022280 -2.503670 5.923581 -0.924005 -1.389129 -10.127570 -6.245092 0.000000 0.000000 -0.000000
0.574913 94.954760 139.773722 16.812803 -1.775574 0.067320 -1.181546 3.711626 -1.022038 -0.471423 -4.173961 -0.445536 -0.470317 1.646274 -0.493409 -0.389143 7.071650 -0.371536 0.667219 10.694703 0.526419 1.052118 -16.168449 0.716978 -2.275807 -1.192706 9.363700 8.550860 -10.882546 70.523051 -1.343530 16.213976 -3.501564 6.733459 10.928760 2.596310 4.794600 -3.434791 -7.695048 3.294196 -9.423472 -75.308790 -0.383926 21.130065 7.317488 -5.347916 17.687967 3.933930 1.711744 5.618236 -4.061571 1.068959 2.436704 1.909808 0.557175 -5.925231 2.122318 0.000000 -0.645829 -0.000000 1.316144 5.175452 4.022737 -2.423963 6.016250 -0.959644 -1.514035 -10.247830 -6.167359 0.000000 -0.000000 -0.000000
0.564801 94.941704 139.742992 16.836817 -1.753113 0.087305 -1.188124 3.715806 -1.034376 -0.473685 -4.172053 -0.450963 -0.472575 1.648181 -0.499066 -0.391253 7.073083 -0.375804 0.671555 10.681457 0.523738 1.061709 -16.193034 0.709799 -2.276522 -1.190251 9.376299 8.573139 -10.886814 70.507909 -1.327758 16.197824 -3.490651 6.730219 10.917558 2.574424 4.778511 -3.421705 -7.697244 3.298828 -9.450027 -75.295608 -0.409123 21.125330 7.299274 -5.353176 17.686299 3.953009 1.747216 5.520533 -4.098981 1.072399 2.538182 1.944847 0.509665 -5.953569 2.095318 -0.000000 -0.709656 0.000000 1.362168 5.073772 4.022581 -2.442934 6.154724 -0.982297 -1.595407 -10.389623 -6.084255 0.000000 -0.000000 -0.000000
0.559135 94.929102 139.712239 16.870042 -1.737397 0.087648 -1.194971 3.722815 -1.040106 -0.476412 -4.168906 -0.453437 -0.475298 1.651325 -0.501817 -0.393496 7.075445 -0.377874 0.671997 10.668592 0.526547 1.061312 -16.216937 0.714974 -2.276464 -1.158307 9.391003 8.577754 -10.922444 70.492491 -1.331458 16.206966 -3.482250 6.728601 10.888514 2.538618 4.759678 -3.386327 -7.698646 3.274097 -9.492303 -75.283297 -0.412301 21.106989 7.298369 -5.337892 17.671629 3.975667 1.814071 5.481906 -4.128699 1.051074 2.588503 1.977925 0.440403 -5.957411 2.132589 -0.000000 -0.730515 0.000000 1.428954 4.925866 4.040608 -2.504137 6.353029 -1.005206 -1.663579 -10.513071 -6.018243 0.000000 -0.000000 0.000000
0.555166 94.918879 139.690727 16.909096 -1.731190 0.079307 -1.200215 3.734648 -1.043500 -0.478540 -4.163626 -0.454869 -0.477426 1.656604 -0.503466 -0.395209 7.079406 -0.379112 0.669041 10.662227 0.530531 1.053815 -16.228775 0.723974 -2.285108 -1.143668 9.404442 8.555131 -10.942767 70.505547 -1.348137 16.236315 -3.486088 6.723677 10.856613 2.516849 4.751905 -3.367404 -7.695970 3.229510 -9.524888 -75.285036 -0.381262 21.110194 7.325015 -5.338745 17.632576 3.995550 1.866849 5.495936 -4.132370 0.924433 2.578491 1.992732 0.477146 -5.942828 2.175778 -0.000000 -0.874420 -0.000000 1.494401 4.781880 4.066415 -2.560731 6.554771 -1.034761 -1.733736 -10.582513 -5.972314 0.000000 0.000000 0.000000
0.549850 94.910500 139.680716 16.951749 -1.725552 0.077319 -1.203045 3.745380 -1.047395 -0.479570 -4.158838 -0.456547 -0.478457 1.661391 -0.505248 -0.396109 7.082997 -0.380455 0.662763 10.665335 0.534249 1.040014 -16.223019 0.733990 -2.296496 -1.167855 9.414519 8.514558 -10.911179 70.530879 -1.365506 16.271062 -3.481325 6.723184 10.821956 2.519446 4.751802 -3.365482 -7.690843 3.188173 -9.541416 -75.306433 -0.327678 21.128732 7.370508 -5.328536 17.625167 3.985582 1.890018 5.517213 -4.119400 0.814515 2.559837 1.981881 0.519802 -5.936237 2.196123 0.000000 -1.026171 0.000000 1.569465 4.660000 4.101411 -2.638760 6.734288 -1.078430 -1.792659 -10.633848 -5.956267 0.000000 -0.000000 0.000000
0.546122 94.900401 139.680672 16.990027 -1.708638 0.084223 -1.199576 3.749540 -1.053677 -0.477682 -4.156978 -0.459359 -0.476575 1.663252 -0.507869 -0.394891 7.084393 -0.382439 0.654354 10.677185 0.537841 1.022151 -16.201027 0.744751 -2.303094 -1.176809 9.416723 8.478928 -10.871446 70.547718 -1.367895 16.286707 -3.460966 6.734316 10.785422 2.548078 4.747895 -3.369809 -7.682919 3.165607 -9.543026 -75.332197 -0.292031 21.131028 7.392446 -5.320669 17.655643 3.969573 1.846855 5.522350 -4.114587 0.779867 2.535906 1.962878 0.555369 -5.924563 2.196043 0.000000 -1.152073 -0.000000 1.642223 4.551961 4.122698 -2.694119 6.891418 -1.115565 -1.867815 -10.681747 -5.949741 -0.000000 0.000000 0.000000
0.549004 94.898722 139.685358 17.015101 -1.682593 0.094458 -1.189162 3.749844 -1.057882 -0.472823 -4.156855 -0.461315 -0.471727 1.663380 -0.509331 -0.391364 7.084485 -0.383556 0.646012 10.691045 0.540183 1.004984 -16.175296 0.753069 -2.305718 -1.198380 9.416793 8.449856 -10.803763 70.545502 -1.351980 16.289618 -3.425401 6.743043 10.735527 2.583950 4.754013 -3.387232 -7.677774 3.158840 -9.517765 -75.363247 -0.289822 21.114939 7.385492 -5.315943 17.694695 3.951427 1.733172 5.516467 -4.124736 0.817274 2.510614 1.942197 0.600185 -5.916028 2.196090 0.000000 -1.263049 0.000000 1.689541 4.455736 4.131506 -2.705094 7.018270 -1.146116 -1.947739 -10.720124 -5.940118 -0.000000 0.000000 -0.000000
0.562883 94.896964 139.695319 17.018360 -1.655029 0.102112 -1.170802 3.751776 -1.058218 -0.464630 -4.156037 -0.461607 -0.463553 1.664204 -0.508791 -0.385196 7.085096 -0.383170 0.640570 10.698281 0.538802 0.995091 -16.161852 0.752871 -2.299196 -1.211543 9.419387 8.443425 -10.739694 70.529824 -1.342306 16.318524 -3.401642 6.764043 10.679555 2.602980 4.761415 -3.406110 -7.675604 3.178687 -9.483391 -75.394763 -0.318822 21.115178 7.355729 -5.319349 17.702790 3.930148 1.633763 5.499578 -4.159038 0.881152 2.493635 1.945001 0.629177 -5.907256 2.204979 0.000000 -1.213574 -0.000000 1.753011 4.388950 4.133317 -2.736726 7.111898 -1.161087 -1.996527 -10.759623 -5.933548 -0.000000 -0.000000 0.000000
0.581562 94.893733 139.708894 17.002153 -1.619624 0.107981 -1.149107 3.752680 -1.055888 -0.455098 -4.155690 -0.460743 -0.454042 1.664558 -0.506959 -0.377930 7.085353 -0.381811 0.640797 10.692230 0.531507 0.998808 -16.173065 0.738661 -2.293164 -1.216829 9.424193 8.472934 -10.690726 70.501864 -1.366216 16.380966 -3.398904 6.832797 10.540252 2.604180 4.770945 -3.403069 -7.675201 3.208555 -9.470462 -75.423050 -0.356173 21.153409 7.320776 -5.324243 17.674771 3.918360 1.611410 5.468722 -4.191262 0.942931 2.490928 1.953106 0.603874 -5.909237 2.223306 0.000000 -1.149138 -0.000000 1.824259 4.333132 4.139206 -2.807783 7.184288 -1.173429 -1.989896 -10.795069 -5.927373 0.000000 -0.000000 -0.000000
0.598306 94.890090 139.724853 16.980277 -1.579598 0.114154 -1.130502 3.754804 -1.051509 -0.447047 -4.154801 -0.458938 -0.446010 1.665454 -0.504337 -0.371713 7.086018 -0.379851 0.648755 10.676165 0.519535 1.019565 -16.202857 0.711906 -2.283106 -1.227561 9.438211 8.500198 -10.660856 70.453007 -1.404847 16.413465 -3.398240 6.908088 10.335765 2.619754 4.774876 -3.388108 -7.675441 3.249330 -9.471164 -75.449523 -0.388793 21.221147 7.295637 -5.332715 17.644670 3.926839 1.662146 5.435821 -4.205869 0.980628 2.499457 1.953881 0.540119 -5.918478 2.238016 0.000000 -1.120776 -0.000000 1.841582 4.273600 4.137663 -2.887560 7.243700 -1.181409 -1.917698 -10.812239 -5.937093 -0.000000 0.000000 0.000000
0.609102 94.887391 139.741915 16.965850 -1.534633 0.120809 -1.117510 3.756544 -1.046977 -0.441503 -4.154069 -0.457021 -0.440479 1.666190 -0.501856 -0.367383 7.086565 -0.377992 0.660159 10.654642 0.508483 1.046580 -16.242779 0.685346 -2.282250 -1.215119 9.452313 8.513444 -10.678336 70.406878 -1.437690 16.390863 -3.393451 6.942565 10.173325 2.643395 4.766974 -3.361044 -7.673061 3.264665 -9.464347 -75.479462 -0.403538 21.280842 7.291481 -5.341833 17.606876 3.967127 1.740361 5.403784 -4.210373 0.966649 2.505823 1.948301 0.488160 -5.930493 2.248175 0.000000 -1.093324 0.000000 1.798167 4.207877 4.129369 -2.978597 7.304781 -1.187798 -1.773432 -10.827258 -5.969941 -0.000000 -0.000000 0.000000
0.615020 94.886606 139.757861 16.963417 -1.489725 0.128734 -1.112428 3.764528 -1.043767 -0.439396 -4.150541 -0.455610 -0.438379 1.669720 -0.500232 -0.365685 7.089210 -0.376769 0.675000 10.634766 0.499303 1.079408 -16.279640 0.660848 -2.281902 -1.209609 9.465775 8.492067 -10.718810 70.365729 -1.456386 16.361384 -3.370649 6.937431 10.083158 2.646390 4.756974 -3.344450 -7.666189 3.218100 -9.436863 -75.511235 -0.392922 21.287418 7.308224 -5.333383 17.521656 4.001972 1.806459 5.366108 -4.216365 0.906528 2.517216 1.943807 0.484073 -5.940155 2.249792 -0.000000 -1.074220 0.000000 1.715005 4.146606 4.115037 -3.022125 7.356013 -1.192057 -1.648758 -10.836562 -6.004783 0.000000 0.000000 -0.000000
0.621450 94.887403 139.769173 16.972609 -1.452900 0.135648 -1.120464 3.779056 -1.036137 -0.443349 -4.144087 -0.452105 -0.442329 1.676171 -0.497129 -0.368411 7.094051 -0.374413 0.695713 10.623240 0.489494 1.123868 -16.300973 0.632514 -2.278251 -1.213641 9.464145 8.447635 -10.770466 70.342980 -1.468231 16.365381 -3.356555 6.927791 10.051929 2.627947 4.756493 -3.335844 -7.664455 3.144549 -9.402193 -75.542854 -0.351680 21.247066 7.337059 -5.340462 17.414309 3.997668 1.824086 5.324445 -4.224014 0.847495 2.544612 1.933099 0.515587 -5.957458 2.257465 -0.000000 -1.057002 -0.000000 1.621066 4.099008 4.093508 -3.020132 7.394741 -1.192267 -1.565003 -10.842277 -6.035831 0.000000 -0.000000 -0.000000
0.630710 94.888806 139.776317 16.986164 -1.413810 0.141546 -1.129321 3.794217 -1.028042 -0.447690 -4.137352 -0.448385 -0.446667 1.682903 -0.493850 -0.371414 7.099102 -0.371922 0.714402 10.620276 0.483562 1.162659 -16.306414 0.612617 -2.272663 -1.224063 9.461702 8.410583 -10.803732 70.340172 -1.456845 16.393274 -3.355478 6.931932 10.037148 2.607573 4.749105 -3.333200 -7.660884 3.079614 -9.371377 -75.562366 -0.299703 21.224682 7.328388 -5.319383 17.338851 4.011314 1.779417 5.270581 -4.241665 0.837171 2.583815 1.926373 0.557411 -5.979044 2.269451 0.000000 -1.047713 -0.000000 1.559180 4.048877 4.076511 -3.039448 7.430078 -1.199417 -1.495831 -10.845120 -6.061469 0.000000 0.000000 0.000000
0.648466 94.890665 139.778796 16.999538 -1.369160 0.149593 -1.138066 3.810076 -1.021919 -0.451876 -4.130302 -0.445541 -0.450849 1.689950 -0.491431 -0.374365 7.104391 -0.370081 0.729739 10.625032 0.481117 1.193382 -16.297538 0.601015 -2.264585 -1.231352 9.460136 8.429063 -10.825826 70.332292 -1.438589 16.413156 -3.355622 6.967160 9.971774 2.589117 4.733623 -3.326148 -7.652440 3.041152 -9.355057 -75.572352 -0.223604 21.286967 7.324309 -5.345545 17.193789 4.017224 1.685297 5.200338 -4.275445 0.869356 2.638098 1.917286 0.605628 -6.005164 2.291677 0.000000 -1.050431 -0.000000 1.543224 3.996402 4.059196 -3.081894 7.457168 -1.214076 -1.449929 -10.843908 -6.080852 0.000000 -0.000000 -0.000000
0.674849 94.893049 139.780520 17.007785 -1.322515 0.161431 -1.143460 3.829501 -1.018526 -0.454418 -4.121666 -0.443928 -0.453393 1.698583 -0.490077 -0.376164 7.110867 -0.369048 0.739220 10.635616 0.482746 1.210941 -16.277870 0.599954 -2.255801 -1.225688 9.457775 8.500860 -10.852238 70.315489 -1.414564 16.404496 -3.352573 7.026057 9.840790 2.566648 4.716944 -3.322877 -7.641768 3.002562 -9.349560 -75.571547 -0.180665 21.372249 7.344166 -5.368361 16.961242 3.936550 1.580651 5.115175 -4.320040 0.953884 2.715887 1.909512 0.619203 -6.038473 2.314565 0.000000 -1.065421 -0.000000 1.581561 3.949667 4.045519 -3.157381 7.474684 -1.229949 -1.415678 -10.844985 -6.105838 0.000000 -0.000000 0.000000
0.705808 94.895420 139.782160 17.009609 -1.271571 0.176593 -1.145078 3.851842 -1.016415 -0.455205 -4.111740 -0.442909 -0.454186 1.708509 -0.489138 -0.376681 7.118312 -0.368334 0.741265 10.651841 0.486355 1.213223 -16.247756 0.606104 -2.247877 -1.219957 9.455400 8.597608 -10.876793 70.304309 -1.387403 16.367578 -3.350870 7.082638 9.704221 2.524952 4.696942 -3.316120 -7.634832 2.974402 -9.361755 -75.581585 -0.160763 21.361332 7.334427 -5.353478 16.765497 3.898228 1.503399 5.011784 -4.361941 1.046721 2.815702 1.902125 0.606969 -6.078766 2.330469 0.000000 -1.073141 -0.000000 1.650732 3.897453 4.035203 -3.241526 7.499046 -1.251575 -1.396270 -10.850246 -6.133512 -0.000000 -0.000000 -0.000000
0.739928 94.890944 139.787319 17.006000 -1.214760 0.192865 -1.145640 3.874185 -1.014795 -0.455496 -4.101813 -0.442117 -0.454485 1.718436 -0.488375 -0.376840 7.125757 -0.367754 0.737922 10.675299 0.491980 1.204173 -16.204231 0.618609 -2.236868 -1.191309 9.444796 8.686947 -10.928784 70.304058 -1.362854 16.338112 -3.356987 7.134318 9.573283 2.463794 4.687010 -3.311168 -7.629156 2.928244 -9.378422 -75.562337 -0.170004 21.327307 7.287676 -5.341847 16.533236 3.889301 1.469522 4.891093 -4.396689 1.099419 2.932498 1.893333 0.596378 -6.127406 2.341313 0.000000 -1.068807 -0.000000 1.737702 3.828036 4.024819 -3.356640 7.542204 -1.278189 -1.360897 -10.865878 -6.146920 -0.000000 -0.000000 -0.000000
0.768549 94.891745 139.779446 17.001878 -1.157195 0.209223 -1.142917 3.902805 -1.013023 -0.454320 -4.089103 -0.441267 -0.453322 1.731146 -0.487406 -0.375886 7.135289 -0.367021 0.726783 10.705786 0.498401 1.179703 -16.147670 0.636183 -2.226421 -1.177185 9.438344 8.746592 -10.987602 70.307813 -1.346220 16.329509 -3.369668 7.177266 9.450692 2.398779 4.679562 -3.309359 -7.619705 2.888478 -9.402416 -75.544537 -0.196433 21.359460 7.273292 -5.359501 16.211136 3.863899 1.476154 4.754118 -4.428828 1.120753 3.073860 1.885995 0.582325 -6.186187 2.353859 -0.000000 -1.060986 0.000000 1.815880 3.738090 4.009517 -3.482430 7.614852 -1.306375 -1.310341 -10.893759 -6.160682 -0.000000 0.000000 0.000000
0.790639 94.889866 139.765034 16.989609 -1.088376 0.222186 -1.134576 3.933388 -1.008588 -0.450784 -4.075542 -0.439273 -0.449804 1.744710 -0.485053 -0.373063 7.145459 -0.365250 0.710148 10.743330 0.501070 1.146311 -16.077989 0.648997 -2.215987 -1.166869 9.429837 8.778894 -11.057361 70.315975 -1.319373 16.317450 -3.372887 7.206718 9.344175 2.364281 4.668888 -3.316333 -7.611195 2.851442 -9.430076 -75.542391 -0.237628 21.392551 7.295835 -5.425406 15.953093 3.720602 1.509442 4.593953 -4.453396 1.099825 3.229411 1.877590 0.593509 -6.253084 2.374065 -0.000000 -1.038025 0.000000 1.903433 3.615986 4.002060 -3.583533 7.718197 -1.336150 -1.290792 -10.937223 -6.171346 -0.000000 0.000000 -0.000000
0.809976 94.886702 139.743494 16.979385 -1.009671 0.235658 -1.127327 3.963069 -1.001605 -0.447872 -4.062385 -0.436140 -0.446909 1.757869 -0.481625 -0.370628 7.155325 -0.362663 0.691356 10.788237 0.501791 1.109638 -15.994621 0.659024 -2.198604 -1.142547 9.411411 8.811835 -11.142557 70.324851 -1.289031 16.289613 -3.371591 7.223679 9.305512 2.358007 4.657685 -3.317926 -7.603531 2.798807 -9.464478 -75.527157 -0.309126 21.371348 7.289558 -5.490914 15.849107 3.440390 1.542618 4.408899 -4.480444 1.053292 3.405596 1.868114 0.629916 -6.329756 2.395147 -0.000000 -1.023245 0.000000 2.008239 3.475643 3.994464 -3.666663 7.835395 -1.368985 -1.310578 -10.987366 -6.168611 0.000000 0.000000 -0.000000
0.825825 94.883181 139.716794 16.971623 -0.918453 0.252175 -1.121302 3.988885 -0.993491 -0.445575 -4.050947 -0.432505 -0.444625 1.769310 -0.477757 -0.368621 7.163902 -0.359744 0.672201 10.837912 0.498772 1.073956 -15.902377 0.661990 -2.188524 -1.133761 9.391679 8.864750 -11.199289 70.324392 -1.259544 16.298838 -3.360004 7.242245 9.264425 2.362674 4.656002 -3.331264 -7.595126 2.746485 -9.491136 -75.502732 -0.400327 21.349080 7.238141 -5.565728 15.829306 3.078016 1.544050 4.195391 -4.507495 1.034789 3.604033 1.857459 0.668410 -6.421483 2.411760 0.000000 -0.998595 -0.000000 2.103207 3.313639 3.977638 -3.770511 7.967852 -1.401098 -1.299514 -11.043499 -6.156887 0.000000 -0.000000 -0.000000
0.839688 94.879300 139.689753 16.970126 -0.818115 0.272912 -1.117369 4.013664 -0.986284 -0.444162 -4.039962 -0.429260 -0.443225 1.780296 -0.474369 -0.367312 7.172140 -0.357184 0.654403 10.886317 0.493553 1.041899 -15.812478 0.660073 -2.172090 -1.141960 9.377553 8.925428 -11.228758 70.314219 -1.234852 16.319733 -3.357782 7.296867 9.182073 2.391499 4.653331 -3.346507 -7.583897 2.693536 -9.509326 -75.471991 -0.511287 21.348795 7.164486 -5.625066 15.852884 2.715487 1.464826 3.966639 -4.547122 1.069305 3.814901 1.849953 0.727523 -6.528827 2.425426 0.000000 -0.964822 0.000000 2.176060 3.135506 3.960729 -3.883601 8.117761 -1.434443 -1.266834 -11.111911 -6.151751 0.000000 -0.000000 0.000000
0.850828 94.875664 139.665808 16.975055 -0.710817 0.297856 -1.118206 4.040717 -0.980462 -0.444795 -4.027953 -0.426583 -0.443866 1.792304 -0.471756 -0.367589 7.181146 -0.355205 0.641296 10.928867 0.486120 1.019892 -15.733438 0.651756 -2.160030 -1.148347 9.363125 9.003602 -11.256772 70.304298 -1.209847 16.321192 -3.368986 7.348153 9.106897 2.455325 4.654608 -3.362428 -7.572668 2.633347 -9.520927 -75.442877 -0.628542 21.347314 7.106005 -5.665507 15.924952 2.378156 1.326012 3.718860 -4.597601 1.132055 4.045385 1.844074 0.810154 -6.643761 2.436569 0.000000 -0.945145 -0.000000 2.226267 2.942832 3.941314 -3.995569 8.284096 -1.468670 -1.224351 -11.187936 -6.161068 -0.000000 0.000000 0.000000
0.859972 94.863017 139.640429 16.972937 -0.591727 0.322305 -1.113816 4.069864 -0.973953 -0.443134 -4.015026 -0.423641 -0.442219 1.805233 -0.468646 -0.366115 7.190840 -0.352855 0.630379 10.960520 0.476674 1.003016 -15.674626 0.638531 -2.150683 -1.151167 9.348434 9.080946 -11.294531 70.296104 -1.175309 16.306606 -3.381026 7.346355 9.053690 2.536114 4.648133 -3.372953 -7.563086 2.586555 -9.548412 -75.424979 -0.750270 21.369127 7.060841 -5.648499 16.009930 2.094950 1.187212 3.431163 -4.646047 1.222595 4.323117 1.834762 0.875090 -6.781531 2.452971 0.000000 -0.917868 -0.000000 2.273694 2.721876 3.917756 -4.126466 8.479267 -1.500215 -1.157840 -11.273836 -6.176924 -0.000000 0.000000 -0.000000
0.863243 94.846054 139.609115 16.966196 -0.455516 0.347876 -1.108380 4.096446 -0.968727 -0.440945 -4.003237 -0.421287 -0.440044 1.817023 -0.466069 -0.364284 7.199680 -0.350911 0.625275 10.982214 0.467865 0.997069 -15.634307 0.623914 -2.141064 -1.136210 9.330067 9.152207 -11.354508 70.289458 -1.136163 16.267783 -3.388192 7.287847 9.086555 2.633485 4.638603 -3.374427 -7.550804 2.554204 -9.593573 -75.419227 -0.865977 21.437544 7.024451 -5.586671 16.069286 1.906496 1.071935 3.089565 -4.689035 1.312590 4.657409 1.824492 0.927317 -6.935695 2.464373 0.000000 -0.970568 -0.000000 2.326750 2.467686 3.903194 -4.259674 8.699119 -1.542535 -1.091082 -11.374549 -6.190131 -0.000000 0.000000 -0.000000
0.863364 94.827808 139.572993 16.961322 -0.304767 0.373963 -1.105551 4.123182 -0.964966 -0.439837 -3.991371 -0.419562 -0.438947 1.828890 -0.464232 -0.363316 7.208580 -0.349523 0.625258 10.992780 0.461784 0.999723 -15.614661 0.612249 -2.129502 -1.124410 9.315551 9.202467 -11.417975 70.281188 -1.095855 16.238456 -3.389790 7.186351 9.198152 2.750372 4.628125 -3.375060 -7.537506 2.522527 -9.636962 -75.413861 -0.982079 21.530081 7.003590 -5.508878 16.070091 1.824257 0.966790 2.701979 -4.743360 1.392876 5.044188 1.826679 0.980805 -7.105831 2.476080 -0.000000 -1.061185 0.000000 2.387969 2.187511 3.888951 -4.375107 8.942513 -1.583017 -1.058389 -11.489114 -6.194254 0.000000 -0.000000 -0.000000
0.859215 94.795949 139.537716 16.957784 -0.140645 0.401480 -1.104525 4.148245 -0.961583 -0.439514 -3.980243 -0.417994 -0.438634 1.840018 -0.462632 -0.362954 7.216925 -0.348311 0.626935 10.995870 0.455662 1.005664 -15.608895 0.599724 -2.117279 -1.104074 9.300718 9.237496 -11.491584 70.268691 -1.064778 16.241031 -3.388117 7.075767 9.335810 2.891044 4.614558 -3.370391 -7.526196 2.490475 -9.680143 -75.405173 -1.098524 21.588089 6.981529 -5.426963 16.058546 1.851198 0.802473 2.280001 -4.805807 1.482429 5.474324 1.835688 1.088482 -7.301971 2.494060 0.000000 -1.136173 -0.000000 2.471052 1.870685 3.870217 -4.482528 9.226861 -1.617699 -1.062418 -11.628813 -6.194771 -0.000000 0.000000 -0.000000
0.859201 94.775394 139.501333 16.954420 0.025030 0.429079 -1.104021 4.180614 -0.960477 -0.439286 -3.965861 -0.417414 -0.438418 1.854400 -0.462029 -0.362736 7.227711 -0.347852 0.630103 10.988903 0.453234 1.012855 -15.621820 0.593609 -2.110615 -1.100060 9.288084 9.269532 -11.555743 70.255426 -1.041657 16.249507 -3.376752 6.973964 9.491533 3.038966 4.598594 -3.372750 -7.510121 2.514682 -9.753609 -75.398951 -1.203109 21.656040 6.941228 -5.350454 16.068820 1.996079 0.585556 1.839743 -4.859694 1.574962 5.944849 1.833154 1.243357 -7.523004 2.513488 0.000000 -1.199927 -0.000000 2.597697 1.532788 3.850219 -4.595617 9.545340 -1.650125 -1.105965 -11.788551 -6.197029 -0.000000 0.000000 -0.000000
0.853669 94.749820 139.465658 16.953402 0.202403 0.466403 -1.105271 4.215356 -0.963847 -0.439591 -3.950408 -0.418803 -0.438734 1.869853 -0.463449 -0.363066 7.239301 -0.348920 0.633808 10.974405 0.451229 1.020906 -15.648730 0.588037 -2.100930 -1.102173 9.276866 9.307820 -11.614097 70.239086 -1.033906 16.256041 -3.358400 6.898249 9.636301 3.156684 4.582539 -3.376523 -7.493406 2.580987 -9.849342 -75.380226 -1.296263 21.750868 6.878191 -5.309385 16.100257 2.208202 0.338897 1.344314 -4.919519 1.675713 6.480064 1.836696 1.425195 -7.754091 2.523341 0.000000 -1.280753 -0.000000 2.760567 1.163125 3.828313 -4.781552 9.893349 -1.705440 -1.110760 -11.948094 -6.196783 0.000000 0.000000 0.000000
0.842590 94.721928 139.423026 16.959646 0.393738 0.515403 -1.109609 4.250994 -0.972574 -0.440978 -3.934537 -0.422543 -0.440130 1.885723 -0.467331 -0.364386 7.251206 -0.351845 0.636095 10.953715 0.449311 1.026200 -15.687142 0.583231 -2.085958 -1.093709 9.266552 9.359925 -11.674203 70.217678 -1.032939 16.253161 -3.337644 6.878885 9.712165 3.198369 4.562504 -3.375312 -7.479043 2.624812 -9.944358 -75.370844 -1.370908 21.836480 6.853237 -5.301136 16.134744 2.392741 0.092094 0.782966 -4.997819 1.803738 7.096799 1.847051 1.577541 -8.005751 2.545071 0.000000 -1.396701 0.000000 2.943081 0.758356 3.809375 -5.011938 10.268486 -1.779897 -1.099467 -12.109228 -6.209001 -0.000000 -0.000000 0.000000
0.828130 94.691901 139.379726 16.972641 0.598125 0.578188 -1.114206 4.286715 -0.988447 -0.442089 -3.918608 -0.429460 -0.441251 1.901651 -0.474361 -0.365731 7.263155 -0.357150 0.634635 10.930421 0.448690 1.023700 -15.730402 0.582578 -2.066694 -1.060320 9.256166 9.432632 -11.745147 70.184127 -1.024491 16.204215 -3.309344 6.882326 9.716346 3.186193 4.534205 -3.364438 -7.463043 2.632509 -10.048091 -75.366143 -1.426655 21.906256 6.848007 -5.274926 16.163284 2.468752 -0.183412 0.184380 -5.094700 1.969576 7.771694 1.867229 1.720428 -8.280236 2.577594 0.000000 -1.552598 -0.000000 3.077520 0.321420 3.796091 -5.175884 10.686265 -1.879075 -1.125532 -12.291331 -6.229313 0.000000 0.000000 -0.000000
0.802809 94.669481 139.337662 16.983743 0.819280 0.645296 -1.115542 4.326009 -1.005433 -0.441678 -3.901095 -0.436891 -0.440854 1.919164 -0.481750 -0.365963 7.276291 -0.362731 0.628931 10.898731 0.446441 1.013757 -15.789250 0.580638 -2.052284 -1.036013 9.241443 9.523037 -11.809783 70.150653 -1.005384 16.142280 -3.286949 6.881074 9.674110 3.185353 4.510086 -3.375940 -7.450105 2.578371 -10.139898 -75.352497 -1.466507 21.923344 6.849763 -5.231055 16.168574 2.365264 -0.449867 -0.456653 -5.169895 2.122934 8.485283 1.868421 1.874263 -8.552801 2.607255 -0.000000 -1.756664 -0.000000 3.164982 -0.152998 3.789370 -5.222522 11.148430 -1.983317 -1.226862 -12.493913 -6.254567 0.000000 -0.000000 0.000000
0.776601 94.647289 139.285384 16.981052 1.054189 0.714810 -1.110764 4.368951 -1.023046 -0.438502 -3.881972 -0.444646 -0.437697 1.938290 -0.489184 -0.364128 7.290635 -0.368354 0.621221 10.858443 0.441786 1.001030 -15.864060 0.574919 -2.030546 -1.021149 9.226848 9.626543 -11.870826 70.106555 -0.993189 16.087210 -3.268910 6.894392 9.661111 3.190292 4.493924 -3.395725 -7.434111 2.498086 -10.240419 -75.339239 -1.497275 21.911836 6.833603 -5.167571 16.198095 2.185100 -0.678524 -1.155961 -5.246840 2.226883 9.277587 1.870453 2.061349 -8.849342 2.644202 0.000000 -1.806206 -0.000000 3.276361 -0.677478 3.755034 -5.220821 11.679707 -2.052299 -1.393787 -12.728296 -6.290320 -0.000000 -0.000000 -0.000000
0.742483 94.617761 139.234554 16.974410 1.304612 0.783390 -1.103052 4.414700 -1.038652 -0.434120 -3.861614 -0.451529 -0.433338 1.958651 -0.495622 -0.361317 7.305904 -0.373228 0.613394 10.813055 0.434998 0.989035 -15.948331 0.565120 -2.011202 -1.026749 9.210126 9.732854 -11.925216 70.060848 -0.992619 16.060311 -3.261465 6.955575 9.713612 3.161153 4.476516 -3.413015 -7.410059 2.447725 -10.353518 -75.338156 -1.539455 21.922317 6.797450 -5.097008 16.263231 1.998631 -0.959443 -1.918622 -5.317205 2.349563 10.145988 1.878208 2.296962 -9.174275 2.685493 0.000000 -1.835982 -0.000000 3.486911 -1.241841 3.742226 -5.256374 12.268545 -2.138330 -1.632748 -13.005052 -6.317290 0.000000 0.000000 0.000000
0.704628 94.578010 139.182943 16.969739 1.577600 0.867586 -1.098482 4.461466 -1.061477 -0.430735 -3.840777 -0.461591 -0.429974 1.979491 -0.505340 -0.359493 7.321532 -0.380579 0.608042 10.763713 0.425862 0.982877 -16.039931 0.549665 -1.989155 -1.039616 9.192869 9.834833 -11.997380 70.003481 -0.993256 16.054183 -3.244605 7.042601 9.807522 3.087414 4.454599 -3.438531 -7.378924 2.427974 -10.465468 -75.338467 -1.597639 21.962479 6.748554 -5.046841 16.323244 1.839197 -1.264294 -2.773448 -5.380896 2.461002 11.115444 1.874173 2.576714 -9.527830 2.743537 0.000000 -1.897923 -0.000000 3.837516 -1.836925 3.706692 -5.353726 12.903468 -2.218043 -1.967948 -13.331180 -6.341655 -0.000000 0.000000 0.000000
0.653001 94.523264 139.135584 16.963800 1.900565 0.960372 -1.095482 4.495169 -1.089381 -0.427795 -3.825729 -0.473934 -0.427049 1.994541 -0.517385 -0.358173 7.332820 -0.389689 0.605735 10.713338 0.416791 0.982580 -16.133448 0.532963 -1.966171 -1.053435 9.182787 9.922299 -12.076766 69.937922 -0.979098 16.055766 -3.233259 7.123557 9.877810 3.034328 4.426697 -3.465882 -7.340756 2.416631 -10.565864 -75.339861 -1.681805 22.016129 6.703863 -5.011015 16.353838 1.687489 -1.576188 -3.753489 -5.441699 2.491023 12.217849 1.867591 2.958184 -9.934141 2.819820 -0.000000 -1.999618 0.000000 4.237060 -2.516883 3.689039 -5.432495 13.644017 -2.322034 -2.391079 -13.730233 -6.378100 -0.000000 0.000000 0.000000
0.580446 94.449310 139.078087 16.947918 2.258911 1.057938 -1.081988 4.521721 -1.124884 -0.419779 -3.813864 -0.489780 -0.419053 2.006412 -0.532417 -0.353275 7.341719 -0.401074 0.601348 10.658896 0.411549 0.976563 -16.234536 0.524562 -1.951490 -1.042636 9.182134 10.014955 -12.194499 69.859969 -0.944643 16.038132 -3.218135 7.191507 9.920760 3.037754 4.382720 -3.481628 -7.283657 2.371481 -10.674624 -75.342527 -1.800094 22.059624 6.654239 -4.952949 16.359617 1.518085 -1.783303 -4.862869 -5.515648 2.451930 13.459978 1.904187 3.341585 -10.360669 2.871723 0.000000 -2.189367 0.000000 4.484857 -3.332632 3.700338 -5.520680 14.576531 -2.528871 -2.682109 -14.208780 -6.409801 0.000000 -0.000000 -0.000000
0.486698 94.355227 138.987434 16.936633 2.649040 1.159572 -1.076249 4.545444 -1.160578 -0.415207 -3.803238 -0.505643 -0.414495 2.017041 -0.547817 -0.350980 7.349689 -0.412727 0.602147 10.592876 0.405483 0.980969 -16.357115 0.512178 -1.936681 -1.037981 9.175656 10.133803 -12.335768 69.760125 -0.913059 16.016051 -3.201587 7.270413 9.923366 3.088403 4.352503 -3.504323 -7.228876 2.294988 -10.790948 -75.329763 -1.936440 22.113245 6.603596 -4.892149 16.349988 1.265826 -1.846395 -6.085462 -5.594747 2.417486 14.824802 1.993613 3.601299 -10.802527 2.895971 -0.000000 -2.430655 0.000000 4.690717 -4.297570 3.655620 -5.579575 15.638276 -2.700696 -2.948794 -14.668898 -6.466841 -0.000000 0.000000 -0.000000
0.386512 94.246882 138.865652 16.943127 3.054374 1.269967 -1.080541 4.579581 -1.201237 -0.414798 -3.787945 -0.523585 -0.414095 2.032335 -0.565717 -0.351982 7.361161 -0.426256 0.603536 10.503045 0.401922 0.985452 -16.523924 0.504245 -1.921531 -1.089680 9.183997 10.263379 -12.463960 69.619948 -0.889757 16.003760 -3.169078 7.377963 9.870049 3.123305 4.311874 -3.491910 -7.176058 2.205427 -10.962467 -75.320399 -2.083002 22.221823 6.584368 -4.835156 16.302629 0.891150 -1.831621 -7.365367 -5.740294 2.378870 16.236162 2.163296 3.814681 -11.250430 2.927728 -0.000000 -2.629585 0.000000 4.912688 -5.394337 3.586654 -5.764424 16.912834 -2.916535 -3.152048 -15.217451 -6.531656 -0.000000 -0.000000 0.000000
0.275972 94.122316 138.695197 16.965713 3.460901 1.370607 -1.093162 4.634483 -1.237775 -0.418263 -3.763411 -0.539547 -0.417572 2.056866 -0.582031 -0.355763 7.379565 -0.438573 0.603806 10.387362 0.399043 0.987534 -16.738746 0.497999 -1.888652 -1.129630 9.189641 10.397574 -12.654928 69.446599 -0.863093 15.974597 -3.132097 7.494766 9.777502 3.119488 4.272769 -3.519416 -7.124256 2.100798 -11.132925 -75.283355 -2.248724 22.305676 6.552395 -4.757493 16.279061 0.409870 -2.015096 -8.657055 -5.903333 2.548690 17.662255 2.391286 4.062058 -11.763973 2.972610 -0.000000 -2.452873 0.000000 4.759472 -6.694815 3.604942 -5.583760 18.481082 -3.206719 -3.426614 -15.833539 -6.594718 0.000000 -0.000000 0.000000
0.136072 93.971807 138.501584 16.994992 3.895260 1.437423 -1.097803 4.691250 -1.264752 -0.418692 -3.738095 -0.551327 -0.418017 2.082182 -0.593856 -0.356940 7.398554 -0.447506 0.596250 10.257404 0.402190 0.971745 -16.980120 0.506929 -1.843491 -1.083733 9.195459 10.531623 -12.956649 69.261057 -0.831484 15.915791 -3.106869 7.584019 9.667105 3.062050 4.204186 -3.506934 -7.070666 2.037949 -11.388555 -75.205922 -2.443182 22.453819 6.507458 -4.679605 16.294742 -0.139430 -2.385172 -9.956569 -6.031124 2.772095 19.063187 2.657834 4.453857 -12.299369 2.984187 -0.000000 -2.194430 0.000000 4.468382 -8.189992 3.835520 -5.264082 20.281257 -3.676515 -3.823911 -16.506159 -6.649164 0.000000 0.000000 -0.000000
-0.033594 93.794509 138.301512 17.013443 4.388740 1.451292 -1.111566 4.743442 -1.259558 -0.424968 -3.714876 -0.548719 -0.424302 2.105396 -0.591886 -0.361484 7.415970 -0.445992 0.597646 10.120116 0.400921 0.975330 -17.235072 0.503190 -1.731017 -0.991402 9.168433 10.676319 -13.346843 69.047797 -0.800745 15.882127 -3.095037 7.672525 9.546413 2.976615 4.173159 -3.500323 -7.042295 1.973385 -11.695407 -75.088459 -2.678193 22.651262 6.431100 -4.505960 16.267765 -0.633127 -2.755645 -11.305978 -6.094602 2.915592 20.456038 2.919860 4.955624 -12.828240 2.961553 0.000000 -1.989743 0.000000 4.313819 -9.782392 4.188909 -5.058348 22.198474 -4.224960 -4.329219 -17.254085 -6.697082 0.000000 -0.000000 -0.000000
-0.207224 93.591513 138.097806 16.999993 4.930136 1.398479 -1.099207 4.792375 -1.231300 -0.420908 -3.693240 -0.536133 -0.420265 2.127035 -0.578888 -0.357482 7.432194 -0.436177 0.588518 9.982830 0.408386 0.954453 -17.490073 0.521269 -1.631216 -0.953953 9.165959 10.861403 -13.718924 68.789356 -0.791211 15.891031 -3.092150 7.799210 9.425327 2.896673 4.130881 -3.523589 -7.001592 1.879913 -12.014709 -74.976103 -2.861701 23.011135 6.444008 -4.285577 16.210773 -1.033988 -3.055947 -12.755466 -6.061888 2.951860 21.905550 3.107834 5.529589 -13.314566 2.972094 -0.000000 -1.904166 0.000000 4.484255 -11.461621 4.476095 -5.103284 24.208555 -4.677590 -4.878358 -18.040393 -6.750295 -0.000000 0.000000 -0.000000
-0.364448 93.362511 137.879980 16.945470 5.496887 1.279966 -1.047718 4.836720 -1.184885 -0.400458 -3.673790 -0.515900 -0.399859 2.146500 -0.556578 -0.340532 7.446771 -0.419379 0.562183 9.847910 0.426933 0.894880 -17.740736 0.568987 -1.591121 -0.982848 9.202657 11.124393 -14.023836 68.482606 -0.797547 15.897233 -3.108223 7.964480 9.357751 2.887683 4.026935 -3.521501 -6.948247 1.723184 -12.359146 -74.815139 -3.002069 23.647573 6.572964 -4.069897 16.228444 -1.463972 -3.127247 -14.293328 -5.951138 2.915929 23.457930 3.222284 5.990609 -13.741789 3.105355 -0.000000 -2.021642 -0.000000 5.146862 -13.243832 4.599048 -5.607438 26.315479 -5.017518 -5.359674 -18.837440 -6.824439 -0.000000 0.000000 -0.000000
-0.523056 93.103104 137.648611 16.848690 6.077255 1.099775 -0.999489 4.889281 -1.107494 -0.383173 -3.650749 -0.481850 -0.382618 2.169553 -0.520773 -0.324962 7.464042 -0.392367 0.548849 9.697507 0.442453 0.861842 -18.020111 0.604904 -1.551367 -1.056135 9.209154 11.488878 -14.303483 68.128911 -0.806420 15.976283 -3.148778 8.082444 9.488887 2.937829 3.939504 -3.494570 -6.918766 1.518105 -12.779576 -74.554593 -3.118377 24.679885 6.758244 -3.881081 16.975570 -2.056249 -3.128314 -15.886355 -5.842996 3.006668 25.112782 3.467140 6.330067 -14.180778 3.308865 0.000000 -2.118408 0.000000 5.723015 -15.159141 4.817639 -6.280941 28.532448 -5.481584 -5.532658 -19.606913 -6.986824 0.000000 0.000000 0.000000
-0.679298 92.813670 137.408458 16.705420 6.697667 0.892977 -0.928110 4.935279 -1.025984 -0.355845 -3.630666 -0.446247 -0.355342 2.189654 -0.482394 -0.301688 7.479091 -0.363445 0.529553 9.529129 0.464662 0.813879 -18.332869 0.656782 -1.522684 -1.096632 9.215680 11.920895 -14.614197 67.736647 -0.818966 16.260515 -3.290781 8.164460 9.749023 2.942415 3.841260 -3.502896 -6.862920 1.203697 -13.140595 -74.215292 -3.228139 26.080830 7.010074 -3.728814 17.227998 -2.735892 -3.064367 -17.591186 -5.787045 3.032459 26.937594 3.799838 6.737255 -14.594389 3.573252 0.000000 -2.391287 -0.000000 6.325216 -17.133230 5.039353 -6.905503 30.725655 -5.959806 -5.712550 -20.295623 -7.121985 -0.000000 0.000000 0.000000
-0.805230 92.507599 137.159713 16.502288 7.327842 0.714028 -0.829656 4.970144 -0.966206 -0.315289 -3.615513 -0.420640 -0.314850 2.204831 -0.452668 -0.269148 7.490440 -0.341113 0.504348 9.360973 0.491213 0.752072 -18.645188 0.720193 -1.514711 -1.031221 9.211624 12.456887 -15.006876 67.276456 -0.841214 16.669281 -3.480727 8.246867 9.945478 2.880148 3.688793 -3.476502 -6.780665 0.860658 -13.472273 -73.808170 -3.367019 27.683034 7.256732 -3.537909 17.564501 -3.299083 -3.089205 -19.458535 -5.749653 3.136327 28.955308 4.124832 7.174221 -14.693825 4.133123 -0.000000 -3.362493 0.000000 7.075497 -19.077288 5.026242 -7.594155 32.879395 -6.308004 -5.856366 -20.967796 -7.243368 0.000000 0.000000 -0.000000
-0.897538 92.189417 136.930254 16.282961 7.943526 0.626367 -0.750685 5.022142 -0.948381 -0.281033 -3.592601 -0.413453 -0.280648 2.227761 -0.442002 -0.242714 7.507612 -0.333170 0.487612 9.186571 0.514484 0.708070 -18.969078 0.773460 -1.472937 -0.922708 9.188931 13.030773 -15.473272 66.763020 -0.839142 17.039908 -3.636515 8.339349 10.021474 2.791648 3.548544 -3.459768 -6.691244 0.555109 -13.771043 -73.395301 -3.554483 29.066575 7.436001 -3.323366 17.732440 -3.594853 -3.223512 -21.460344 -5.762194 3.462493 31.190648 4.523001 7.496651 -14.786796 4.673938 -0.000000 -4.028871 -0.000000 8.335819 -20.860400 4.692479 -8.540718 34.855546 -6.500430 -6.158936 -21.618722 -7.381893 0.000000 0.000000 0.000000
-0.983612 91.842233 136.730998 16.096867 8.514967 0.656999 -0.700399 5.107895 -0.990155 -0.256133 -3.554514 -0.432395 -0.255794 2.265860 -0.458414 -0.225257 7.536167 -0.345668 0.471515 8.997342 0.536981 0.665402 -19.320478 0.825162 -1.468926 -0.866992 9.174720 13.669256 -15.922380 66.204566 -0.803919 17.261101 -3.738809 8.417433 9.981787 2.731198 3.390769 -3.468340 -6.580714 0.281166 -14.048453 -72.977377 -3.763174 29.993159 7.533543 -3.188108 17.953877 -3.579124 -3.103313 -23.533011 -6.061258 3.625525 33.651584 5.056961 7.824890 -15.058584 4.915677 -0.000000 -4.433523 -0.000000 9.413736 -22.516683 4.405197 -9.135721 36.746332 -6.668218 -6.699811 -22.200045 -7.572312 0.000000 0.000000 -0.000000
-1.122698 91.449448 136.510158 15.976725 9.079470 0.794972 -0.705831 5.212228 -1.071566 -0.253743 -3.507981 -0.468303 -0.253424 2.312394 -0.494081 -0.226052 7.571064 -0.372646 0.470055 8.772191 0.540398 0.660353 -19.738609 0.832606 -1.479606 -0.858506 9.126199 14.352825 -16.372497 65.627496 -0.738296 17.376367 -3.821073 8.538415 9.936394 2.798168 3.235179 -3.540293 -6.508662 0.044651 -14.278858 -72.541757 -3.964540 30.585306 7.633934 -3.176504 18.309289 -3.323369 -2.672661 -25.782685 -6.527238 3.576241 36.342909 5.597931 7.991088 -15.426124 4.969129 -0.000000 -4.913531 0.000000 9.749398 -24.164801 4.367891 -9.574765 38.591307 -7.195560 -6.806549 -22.771788 -7.839987 0.000000 0.000000 -0.000000
-1.288132 91.015119 136.244863 15.935167 9.663187 0.997406 -0.739367 5.318771 -1.188361 -0.261818 -3.460322 -0.519597 -0.261508 2.360049 -0.546195 -0.235876 7.606808 -0.412025 0.466812 8.520896 0.551930 0.647708 -20.205285 0.856950 -1.526312 -0.812361 9.081841 15.039349 -16.892799 65.014222 -0.666332 17.550328 -3.886226 8.732873 10.059765 2.943279 2.979682 -3.574483 -6.450329 -0.216550 -14.564131 -71.953481 -4.135117 31.000500 7.701009 -3.254317 18.706391 -2.964626 -2.300483 -28.076327 -7.170518 3.684491 39.012088 6.329224 8.040811 -15.783206 4.912176 0.000000 -5.473448 -0.000000 9.698469 -25.819160 4.427347 -9.897496 40.385664 -7.851825 -6.820312 -23.287389 -8.152291 -0.000000 0.000000 0.000000
-1.484246 90.613379 135.964078 15.981941 10.250563 1.129332 -0.795543 5.426068 -1.265414 -0.282175 -3.412328 -0.552935 -0.281865 2.408033 -0.581603 -0.253674 7.642811 -0.438726 0.462810 8.275132 0.562229 0.634052 -20.661685 0.879382 -1.556194 -0.659452 9.021611 15.712088 -17.542562 64.328698 -0.640144 17.958529 -3.948847 8.973708 10.301627 3.066485 2.735205 -3.600295 -6.396318 -0.606563 -14.881384 -71.267517 -4.179510 31.394463 7.817775 -3.332565 19.101222 -2.651257 -2.529040 -30.207651 -7.587874 3.990202 41.419469 7.013777 8.279231 -16.006968 4.853487 0.000000 -6.191914 0.000000 9.359545 -27.493619 4.717913 -10.039401 42.247472 -8.545822 -6.963491 -23.788549 -8.461047 0.000000 -0.000000 0.000000
-1.660746 90.144861 135.754497 16.038363 10.838911 1.254865 -0.871005 5.547296 -1.336774 -0.311367 -3.358081 -0.583442 -0.311058 2.462265 -0.615077 -0.277940 7.683510 -0.463929 0.474835 8.028163 0.561215 0.657596 -21.120369 0.871578 -1.540963 -0.605958 8.949234 16.388405 -18.108207 63.623131 -0.624581 18.528210 -4.008358 9.139662 10.578249 3.148411 2.611174 -3.656574 -6.352856 -1.156717 -15.242376 -70.537780 -4.061467 31.848905 8.056777 -3.345000 19.430380 -2.434179 -3.117445 -32.225331 -7.755430 4.248248 43.677407 7.435083 8.769038 -16.058551 4.787538 -0.000000 -7.146202 -0.000000 8.736751 -29.286193 5.175592 -10.288689 44.270989 -9.507722 -6.916848 -24.254789 -8.738856 -0.000000 -0.000000 -0.000000
-1.870966 89.656626 135.556378 16.116358 11.391408 1.277225 -0.902314 5.659792 -1.372383 -0.322945 -3.307909 -0.598583 -0.322653 2.512431 -0.631395 -0.287767 7.721144 -0.476226 0.458562 7.800491 0.563582 0.623546 -21.543135 0.884644 -1.544855 -0.555652 8.929979 16.982030 -18.574010 62.907430 -0.580516 19.143615 -4.062163 9.173866 10.804720 3.258432 2.456410 -3.604133 -6.264786 -1.712244 -15.728692 -69.792547 -3.833814 32.323257 8.369177 -3.341960 19.754831 -2.311125 -3.750721 -34.228415 -7.772008 4.599657 45.978032 7.913239 9.205005 -16.027669 4.769637 -0.000000 -8.236191 0.000000 7.992939 -31.199016 5.902966 -10.552176 46.474438 -10.575112 -7.072733 -24.528056 -9.113981 0.000000 0.000000 -0.000000
-2.090925 89.121055 135.352251 16.213825 11.915608 1.258503 -0.943761 5.791224 -1.378384 -0.340668 -3.249359 -0.600375 -0.340399 2.570970 -0.634990 -0.301267 7.765067 -0.478873 0.453349 7.554306 0.547406 0.620696 -22.000319 0.855460 -1.466402 -0.503705 8.886505 17.503105 -19.000216 62.203356 -0.500896 19.648294 -4.124532 9.151568 10.985891 3.458507 2.379090 -3.552331 -6.188544 -2.135310 -16.307349 -69.095320 -3.590131 32.707184 8.692819 -3.319157 20.142997 -2.194336 -4.194193 -36.248445 -7.888780 5.109171 48.328111 8.653004 9.521014 -16.022136 4.683505 -0.000000 -9.224312 0.000000 7.607578 -33.260564 6.485445 -10.861324 48.966233 -11.372761 -7.500990 -24.602240 -9.651474 -0.000000 0.000000 -0.000000
-2.343572 88.509914 135.111489 16.339617 12.419017 1.198608 -0.963101 5.954003 -1.362904 -0.349700 -3.176996 -0.592798 -0.349471 2.643327 -0.628332 -0.307507 7.819345 -0.473799 0.433679 7.276136 0.527001 0.591283 -22.516866 0.825262 -1.460388 -0.441551 8.822763 18.059217 -19.411355 61.506675 -0.393144 19.898552 -4.156534 9.104380 11.156589 3.699410 2.259789 -3.554923 -6.098826 -2.357115 -16.966330 -68.432041 -3.387278 32.968229 8.941857 -3.289687 20.534949 -2.000004 -4.549608 -38.360722 -7.961490 5.726065 50.720882 9.498477 9.783649 -16.123277 4.461223 0.000000 -9.844028 -0.000000 7.444058 -35.505184 7.071365 -11.747584 51.697982 -12.511640 -7.817488 -24.557380 -10.233072 -0.000000 -0.000000 -0.000000
-2.592879 87.824442 134.827345 16.461847 12.912417 1.082884 -0.972914 6.148186 -1.314720 -0.356321 -3.090788 -0.570726 -0.356146 2.729531 -0.606936 -0.310869 7.884006 -0.457582 0.414327 6.975899 0.500227 0.565803 -23.074399 0.782232 -1.393511 -0.377448 8.751688 18.640055 -19.837433 60.688263 -0.274910 19.888064 -4.103028 9.062604 11.383984 3.916768 2.105415 -3.528809 -6.022194 -2.481436 -17.780322 -67.695340 -3.233327 33.100140 9.032156 -3.281304 20.892817 -1.674810 -4.364310 -40.402675 -8.435769 6.220935 53.028471 10.685740 10.128971 -16.329251 4.043617 0.000000 -10.249527 -0.000000 7.410146 -37.819741 7.660251 -13.601442 54.357237 -14.438266 -7.745673 -24.379713 -10.625172 0.000000 0.000000 -0.000000
-2.827207 87.100271 134.552336 16.564926 13.368816 0.928090 -0.926427 6.346784 -1.257521 -0.338438 -3.002792 -0.545413 -0.338324 2.817538 -0.579808 -0.295462 7.949994 -0.437135 0.367589 6.698056 0.483132 0.480539 -23.590269 0.772996 -1.367665 -0.308288 8.747315 19.232516 -20.213690 59.753086 -0.203357 19.794164 -4.031819 9.046336 11.740143 4.041886 1.879912 -3.438141 -5.891184 -2.635400 -18.675526 -66.930128 -3.090552 33.244409 9.081751 -3.260802 21.207580 -1.311805 -4.394643 -42.328346 -8.711441 6.876274 55.216396 11.868058 10.521261 -16.593227 3.473862 0.000000 -10.671410 0.000000 7.831862 -40.006410 7.936171 -15.948049 56.782946 -16.407081 -7.653498 -24.106674 -11.021988 0.000000 0.000000 0.000000
-3.059708 86.340068 134.315801 16.629916 13.788886 0.756917 -0.887071 6.565404 -1.172416 -0.325378 -2.905931 -0.507617 -0.325326 2.914407 -0.540687 -0.282805 8.022634 -0.407591 0.348090 6.428153 0.445558 0.460626 -24.091487 0.708451 -1.312003 -0.238176 8.684123 19.850711 -20.599659 58.793258 -0.206523 19.806346 -4.065535 9.008692 12.063855 4.082923 1.764634 -3.352363 -5.792524 -2.892622 -19.563488 -66.182646 -2.947480 33.491791 9.195133 -3.243509 21.405126 -1.023463 -4.551917 -44.196794 -8.817108 7.874139 57.366109 13.259250 10.699807 -16.830171 2.813167 -0.000000 -11.326325 0.000000 8.539974 -42.108017 7.933654 -18.270504 59.105945 -18.155713 -7.760736 -23.754866 -11.342676 0.000000 -0.000000 0.000000
-3.274341 85.554390 134.103930 16.628665 14.207027 0.582755 -0.827946 6.791453 -1.075649 -0.304276 -2.805822 -0.464976 -0.304282 3.014528 -0.495904 -0.263721 8.097707 -0.373798 0.350966 6.163526 0.394693 0.493192 -24.582953 0.604873 -1.212530 -0.198366 8.605228 20.377374 -21.024745 57.822101 -0.256503 19.931853 -4.174554 8.912926 12.296538 4.103327 1.692671 -3.342387 -5.720987 -3.198349 -20.384647 -65.438432 -2.850746 33.757901 9.336803 -3.223788 21.516337 -0.810145 -4.252726 -46.098940 -9.274732 9.234340 59.539874 15.264176 10.575972 -16.929013 2.181368 -0.000000 -12.267601 0.000000 9.282938 -44.188738 7.844051 -21.156533 61.305788 -20.441972 -7.703928 -23.390745 -11.524454 0.000000 -0.000000 -0.000000
-3.463707 84.716638 133.876768 16.582610 14.606168 0.422212 -0.736991 7.006857 -0.994786 -0.268162 -2.710452 -0.429974 -0.268211 3.109916 -0.457233 -0.233833 8.169220 -0.344706 0.354905 5.934298 0.355949 0.521939 -25.008644 0.524615 -1.206055 -0.176455 8.523590 20.880839 -21.440219 56.893479 -0.330089 20.090790 -4.299756 8.830101 12.438924 4.143247 1.576122 -3.378993 -5.623840 -3.440071 -21.097654 -64.725916 -2.878929 33.894128 9.438785 -3.185577 21.614319 -0.651308 -3.576468 -48.075491 -10.054279 10.745415 61.750712 17.578428 10.246482 -16.770648 1.908291 -0.000000 -13.631364 0.000000 9.722078 -46.299011 7.881127 -24.516617 63.443383 -23.447195 -7.466222 -22.966975 -11.671764 -0.000000 -0.000000 0.000000
-3.577905 83.830279 133.531037 16.498595 14.936206 0.276337 -0.665540 7.265252 -0.919981 -0.240351 -2.595892 -0.397370 -0.240442 3.224488 -0.421806 -0.210399 8.255130 -0.318031 0.390988 5.704322 0.314492 0.617655 -25.435685 0.420738 -1.161907 -0.192148 8.408865 21.374878 -21.891554 55.917662 -0.389697 20.192145 -4.359799 8.815515 12.452796 4.209780 1.502021 -3.484667 -5.530844 -3.605366 -21.747448 -64.039259 -3.045179 33.865047 9.444112 -3.144622 21.721612 -0.548545 -2.693508 -50.056287 -11.031849 12.457526 64.012089 20.137512 9.950191 -16.447683 2.051571 0.000000 -14.846793 -0.000000 9.644499 -48.371336 8.386943 -28.294824 65.434576 -27.357939 -7.207233 -22.503381 -11.786437 -0.000000 -0.000000 0.000000
-3.729220 82.882848 133.191835 16.389364 15.172807 0.146137 -0.625621 7.581042 -0.849384 -0.226293 -2.455736 -0.366114 -0.226437 3.364650 -0.389123 -0.197470 8.360242 -0.293360 0.459767 5.451562 0.267299 0.783768 -25.904842 0.286125 -1.031542 -0.297551 8.283285 21.808923 -22.342553 54.919885 -0.404313 20.155227 -4.363836 8.852089 12.381730 4.279243 1.468632 -3.667488 -5.449764 -3.727922 -22.320823 -63.369321 -3.304491 33.746394 9.378744 -3.128890 21.783187 -0.488928 -1.778743 -52.003835 -12.074234 14.088004 66.391379 22.531716 9.940221 -16.060011 2.480152 -0.000000 -16.061489 0.000000 8.945193 -50.350000 9.495459 -32.264052 67.397809 -31.921165 -7.026800 -22.228531 -11.881681 -0.000000 0.000000 -0.000000
-3.902348 81.900175 132.845036 16.279622 15.375835 0.049100 -0.603183 7.922902 -0.792310 -0.219225 -2.303929 -0.340581 -0.219424 3.516460 -0.362875 -0.190247 8.474096 -0.273520 0.538086 5.185761 0.219824 0.970870 -26.397935 0.144124 -0.879342 -0.578824 8.195986 22.186441 -22.707685 53.922194 -0.409109 20.034456 -4.332076 8.970398 12.323709 4.271335 1.406580 -3.890132 -5.374381 -3.853436 -22.851266 -62.690903 -3.562591 33.674425 9.318060 -3.178146 21.759766 -0.437872 -1.095945 -53.896965 -13.025663 16.200880 68.623542 25.219488 10.121779 -15.655705 2.913885 -0.000000 -17.042648 -0.000000 8.095448 -52.220492 10.804364 -36.671701 69.159110 -36.993178 -6.941643 -22.083042 -11.979816 0.000000 -0.413206 0.000000
-4.105373 80.907794 132.484046 16.182548 15.593829 -0.027461 -0.585697 8.238822 -0.750731 -0.213510 -2.163613 -0.321917 -0.213759 3.656778 -0.343633 -0.184550 8.579331 -0.258974 0.609987 4.945447 0.180468 1.141573 -26.843529 0.021040 -0.745889 -0.696487 8.105174 22.577616 -23.263863 52.898680 -0.433703 19.930426 -4.308347 9.138536 12.318257 4.152572 1.308113 -4.044971 -5.283528 -4.022313 -23.401126 -61.972413 -3.764761 33.717889 9.280643 -3.270963 21.741554 -0.395945 -0.916679 -55.804573 -13.530697 19.229568 70.663402 28.433911 10.267869 -15.292014 3.329118 -0.000000 -17.787720 0.000000 7.075562 -54.015828 12.264170 -41.324365 70.665933 -42.357485 -6.960052 -21.898449 -12.081462 0.000000 -1.458398 0.000000
-4.323251 79.932837 132.138366 16.068327 15.819443 -0.119418 -0.533807 8.508907 -0.709047 -0.192616 -2.043716 -0.303954 -0.192881 3.776683 -0.323547 -0.167416 8.669248 -0.243882 0.654212 4.750292 0.145408 1.253956 -27.205305 -0.078070 -0.715031 -0.652700 8.020003 22.977148 -23.956090 51.915451 -0.453989 19.917060 -4.332628 9.254323 12.326444 3.993105 1.195097 -4.169338 -5.172533 -4.223511 -23.905173 -61.288397 -3.916613 33.925828 9.318617 -3.349675 21.752404 -0.429219 -0.936331 -57.687822 -13.783903 23.218248 72.487737 32.398331 10.154378 -14.800278 3.961598 0.000000 -18.867650 0.000000 6.299556 -55.775555 13.394156 -46.768137 71.775055 -48.264677 -6.705363 -21.608337 -12.178161 -0.000000 -2.435498 0.000000
-4.554866 78.961600 131.815414 15.936800 16.063420 -0.250965 -0.479883 8.732162 -0.647664 -0.172193 -1.944650 -0.277457 -0.172459 3.875756 -0.294975 -0.150044 8.743542 -0.222363 0.705031 4.575917 0.107446 1.381998 -27.528279 -0.187388 -0.731735 -0.718631 7.954214 23.346487 -24.489857 51.046924 -0.428653 19.966441 -4.372154 9.322153 12.316373 3.874279 1.134336 -4.248950 -5.083896 -4.395153 -24.392695 -60.678390 -4.035307 34.278333 9.440217 -3.399717 21.856415 -0.479794 -0.886434 -59.528543 -14.056954 28.368496 74.065440 37.559000 9.883679 -14.130472 4.685860 -0.000000 -20.211331 0.000000 5.248862 -57.538088 14.793290 -52.817986 72.684697 -54.851201 -6.417008 -21.328378 -12.338221 0.000000 -3.428282 -0.000000
-4.789593 78.011878 131.497077 15.824326 16.350339 -0.384117 -0.464974 8.913519 -0.569427 -0.170327 -1.864161 -0.242880 -0.170618 3.956245 -0.260210 -0.146171 8.803908 -0.196034 0.773386 4.401774 0.064681 1.549585 -27.850413 -0.317528 -0.729064 -0.815958 7.847713 23.757919 -24.924673 50.229673 -0.350209 19.956927 -4.382270 9.442681 12.218876 3.823247 1.144808 -4.315953 -5.062020 -4.517973 -24.845202 -60.109704 -4.191651 34.648646 9.562784 -3.424195 22.042058 -0.509591 -0.401666 -61.391659 -14.755380 34.327330 75.460227 43.758960 9.730354 -13.472452 5.390087 0.000000 -21.539765 -0.000000 4.376717 -59.368102 15.969381 -59.874281 73.119113 -62.262123 -5.851604 -21.005747 -12.577590 -0.000000 -4.437415 0.000000
-4.973653 77.070405 131.106734 15.735873 16.552965 -0.467161 -0.468099 9.126266 -0.520055 -0.174646 -1.769662 -0.220698 -0.174976 4.050743 -0.238470 -0.147861 8.874783 -0.179527 0.832737 4.216149 0.040493 1.688932 -28.194044 -0.405378 -0.757307 -0.804218 7.716692 24.292871 -25.393700 49.370527 -0.210444 19.842449 -4.300613 9.635487 12.053984 3.784805 1.124500 -4.362380 -5.039987 -4.623183 -25.275088 -59.579165 -4.369379 34.930054 9.684086 -3.467281 22.158646 -0.521824 0.422490 -63.190500 -15.830257 40.682331 76.754625 50.429094 9.901245 -12.909578 6.024417 -0.000000 -22.161982 0.000000 3.900633 -61.149232 16.765420 -66.900963 73.548109 -69.344192 -5.609291 -20.714298 -12.918009 -0.000000 -5.259054 -0.000000
-5.159559 76.126691 130.726206 15.667778 16.683206 -0.511720 -0.476964 9.359979 -0.490143 -0.180271 -1.665815 -0.206982 -0.180647 4.154588 -0.225329 -0.151142 8.952667 -0.169521 0.874774 4.020043 0.021277 1.790659 -28.557337 -0.473768 -0.696406 -0.747654 7.593525 24.833188 -25.797203 48.453515 -0.034418 19.672345 -4.180895 9.870003 11.900881 3.743172 1.041330 -4.310839 -5.002080 -4.760566 -25.743918 -59.048407 -4.530852 35.067246 9.766538 -3.575851 22.177970 -0.497999 1.426077 -64.900513 -17.153184 48.045750 77.837103 58.068140 10.167976 -12.532383 6.549492 -0.000000 -22.432308 -0.000000 3.570260 -62.881662 17.440944 -73.893367 73.891296 -76.304830 -5.596791 -20.445503 -13.251305 0.000000 -5.877939 0.000000
-5.308945 75.184890 130.303253 15.572985 16.794039 -0.576318 -0.464490 9.596282 -0.455347 -0.176748 -1.560845 -0.191547 -0.177151 4.259559 -0.209538 -0.147374 9.031393 -0.157566 0.906766 3.812819 -0.012180 1.881018 -28.941104 -0.566490 -0.601078 -0.648675 7.448847 25.394504 -26.175885 47.521821 0.134875 19.543409 -4.071852 10.071837 11.827373 3.686143 0.947181 -4.289972 -4.968120 -4.952101 -26.166458 -58.529602 -4.640989 35.095887 9.826712 -3.750864 22.144436 -0.460566 3.023810 -66.457889 -18.999478 56.182823 78.577082 66.703400 10.339685 -12.161904 7.043052 0.000000 -22.801485 -0.000000 3.105020 -64.575653 18.251726 -80.644425 73.972603 -83.160752 -5.534782 -20.163598 -13.545940 0.000000 -6.370802 -0.000000
-5.449267 74.253674 129.865666 15.455635 16.923376 -0.672582 -0.417591 9.821810 -0.416206 -0.158241 -1.460696 -0.174959 -0.158630 4.359713 -0.191067 -0.132173 9.106502 -0.143687 0.928041 3.616891 -0.046172 1.949967 -29.303978 -0.654316 -0.569115 -0.577036 7.298294 25.931036 -26.542238 46.688175 0.272391 19.509171 -4.029693 10.208696 11.866695 3.646908 0.859463 -4.320210 -4.938177 -5.132278 -26.606871 -58.082418 -4.679935 35.149117 9.911203 -3.931356 22.123625 -0.427335 4.193085 -68.027279 -20.390276 64.856584 78.993788 75.679942 10.416002 -11.696710 7.653394 0.000000 -23.223709 0.000000 2.428799 -66.221827 19.263273 -86.849585 73.693400 -89.559025 -5.349809 -19.821511 -13.947186 -0.000000 -6.851862 0.000000
-5.575507 73.330878 129.407216 15.335927 17.067872 -0.785757 -0.341083 9.986937 -0.384952 -0.126128 -1.387400 -0.162611 -0.126452 4.433017 -0.175452 -0.106960 9.161469 -0.132077 0.935792 3.485392 -0.065462 1.980913 -29.547669 -0.702338 -0.608840 -0.512636 7.204607 26.335544 -26.829768 46.056292 0.411224 19.554555 -4.076994 10.297503 11.989597 3.678173 0.722145 -4.237040 -4.860350 -5.165167 -27.151650 -57.754239 -4.694068 35.308334 10.003719 -4.091333 22.160696 -0.425162 5.328406 -69.615916 -21.756587 73.687197 79.221831 84.738511 10.672436 -11.135933 8.453698 -0.000000 -23.557947 0.000000 1.413520 -67.829445 20.593215 -92.412650 73.225330 -95.373421 -5.280676 -19.388710 -14.510495 -0.000000 -7.339632 0.000000
-5.719629 72.401031 128.950056 15.253898 17.170081 -0.841842 -0.277575 10.145432 -0.371857 -0.098613 -1.317019 -0.158062 -0.098876 4.503404 -0.168102 -0.085774 9.214251 -0.126705 0.948100 3.375768 -0.077677 2.016663 -29.750781 -0.738052 -0.746396 -0.471480 7.100688 26.712281 -27.067268 45.564566 0.569957 19.571322 -4.122643 10.388800 12.113919 3.792693 0.598629 -4.171800 -4.810221 -5.099965 -27.683339 -57.498910 -4.762327 35.480258 10.040072 -4.196811 22.303506 -0.382382 7.039970 -71.158225 -23.801057 82.628546 79.214504 93.949013 11.326589 -10.481678 9.454833 -0.000000 -23.688650 -0.000000 -0.550660 -69.297294 22.896428 -97.192960 72.531685 -100.665448 -5.418622 -18.919653 -15.152145 0.000000 -7.684112 0.000000
-5.857449 71.458665 128.483339 15.250495 17.179906 -0.774497 -0.273676 10.323106 -0.403876 -0.094577 -1.238034 -0.172125 -0.094840 4.582390 -0.181755 -0.083680 9.273489 -0.137084 0.986034 3.255036 -0.087223 2.104542 -29.974091 -0.784341 -0.879871 -0.454413 6.985986 27.077474 -27.255374 45.127516 0.735824 19.502125 -4.104111 10.471548 12.247758 4.015616 0.507589 -4.100501 -4.773754 -4.991816 -28.173939 -57.286845 -4.909691 35.579183 10.016585 -4.307854 22.478688 -0.345766 9.754051 -72.544395 -26.990607 91.103796 78.801310 102.801014 12.187315 -9.871566 10.556341 -0.000000 -23.418282 0.000000 -2.660557 -70.625162 25.236182 -101.268217 71.562352 -105.284520 -5.522701 -18.460278 -15.688231 0.000000 -7.938059 -0.000000
-6.010663 70.502095 128.026257 15.262353 17.106098 -0.657584 -0.272139 10.497983 -0.463719 -0.089687 -1.160269 -0.198405 -0.089946 4.660156 -0.207539 -0.081785 9.331811 -0.156671 1.018609 3.130154 -0.088415 2.176561 -30.205342 -0.810379 -0.905161 -0.411058 6.905085 27.330261 -27.372090 44.697410 0.896943 19.393221 -4.030101 10.548418 12.412815 4.256311 0.387174 -3.933560 -4.725627 -4.974007 -28.622426 -57.064368 -5.070763 35.468828 9.964893 -4.488874 22.595852 -0.297311 13.410034 -73.724060 -31.080672 98.222572 77.826335 110.435801 12.847295 -9.470977 11.562901 0.000000 -22.748581 0.000000 -4.771456 -71.840616 27.565965 -104.584691 70.353580 -109.183693 -5.481431 -17.974843 -16.089766 0.000000 -8.251128 0.000000
-6.165918 69.537251 127.576024 15.301701 17.012288 -0.578879 -0.235802 10.679380 -0.501064 -0.070797 -1.079659 -0.215545 -0.071005 4.740768 -0.222755 -0.068631 9.392262 -0.168359 1.018614 2.993439 -0.093088 2.183360 -30.459103 -0.824161 -1.003668 -0.366031 6.851771 27.585895 -27.475681 44.271357 1.004132 19.336000 -3.959369 10.651471 12.692148 4.318659 0.240909 -3.797043 -4.660899 -5.055417 -29.021035 -56.858745 -5.213130 35.267015 9.931539 -4.744324 22.662021 -0.239365 17.365516 -74.762157 -35.388814 103.544540 76.496809 116.289188 13.095121 -9.260246 12.350178 -0.000000 -21.983510 -0.000000 -6.757817 -73.043202 29.745311 -107.118012 68.921492 -112.291956 -5.103192 -17.427355 -16.321529 0.000000 -8.732142 -0.000000
-6.308235 68.560708 127.131920 15.279138 16.980279 -0.590430 -0.132351 10.844696 -0.494097 -0.025078 -1.006298 -0.214749 -0.025141 4.814133 -0.217302 -0.033886 9.447270 -0.164592 0.993964 2.859950 -0.114439 2.148974 -30.706994 -0.857446 -0.979721 -0.325031 6.824421 27.703066 -27.583923 43.797497 1.030170 19.444255 -3.965122 10.756605 12.990513 4.175369 0.109496 -3.808010 -4.610213 -5.137823 -29.331444 -56.735250 -5.348325 35.122558 9.921809 -5.016885 22.798186 -0.137610 21.403949 -75.805590 -39.658955 107.522457 75.108614 120.753387 13.041368 -9.087361 12.958960 0.000000 -21.353933 -0.000000 -8.749023 -74.319070 31.991736 -109.350219 67.412630 -115.019526 -4.567617 -16.912136 -16.494842 -0.000000 -9.447988 -0.000000
-6.426556 67.570216 126.685016 15.208956 16.961702 -0.606130 -0.024553 10.952885 -0.495397 0.023071 -0.958327 -0.217799 0.023174 4.862104 -0.215446 0.002434 9.483232 -0.163578 0.979978 2.781147 -0.138280 2.136877 -30.853085 -0.900957 -0.917965 -0.172179 6.784473 27.795634 -27.703584 43.356215 1.002051 19.722070 -4.048715 10.845696 13.252426 3.990835 0.014026 -3.724129 -4.543331 -5.107180 -29.663321 -56.733273 -5.490562 35.113362 9.925961 -5.213295 23.008389 0.020753 25.880477 -76.799291 -44.348462 110.888014 73.842312 124.577547 12.900956 -8.897915 13.416641 0.000000 -20.884360 0.000000 -11.252702 -75.560715 34.818176 -111.463333 66.089788 -117.625097 -4.257405 -16.391164 -16.717756 -0.000000 -10.320330 -0.000000
-6.524688 66.577902 126.242002 15.181037 16.876750 -0.520097 0.047618 11.081513 -0.538941 0.058305 -0.901231 -0.238661 0.058538 4.919197 -0.232718 0.027735 9.526033 -0.176976 0.973726 2.703729 -0.149837 2.133302 -30.996712 -0.923593 -0.933161 -0.104431 6.747210 27.891178 -27.747067 43.052182 0.961180 20.024356 -4.185751 10.912199 13.439183 3.954823 -0.115686 -3.592631 -4.454820 -4.985011 -30.033664 -56.786966 -5.616703 35.237770 9.932402 -5.329296 23.117224 0.135497 30.820363 -77.631596 -49.587914 113.794702 72.646836 127.968374 12.779746 -8.650698 13.758088 0.000000 -20.493575 -0.000000 -14.294892 -76.639594 38.149919 -113.163580 64.831594 -119.991671 -4.121530 -15.841703 -16.888251 0.000000 -11.172807 0.000000
-6.606285 65.585774 125.817070 15.218529 16.733415 -0.335561 0.074821 11.230234 -0.624355 0.076484 -0.835162 -0.276910 0.076794 4.985265 -0.269114 0.038912 9.575564 -0.204751 0.974156 2.627532 -0.136658 2.128198 -31.138472 -0.898567 -1.013350 -0.115237 6.724169 28.018503 -27.715979 42.832834 0.937237 20.170865 -4.266547 10.976599 13.501516 4.046855 -0.244591 -3.498589 -4.355591 -4.909274 -30.312585 -56.809719 -5.692354 35.424299 9.935826 -5.465226 23.089513 0.152519 36.263604 -78.307225 -55.434178 116.265468 71.377188 130.874486 12.639241 -8.398882 14.148766 0.000000 -20.099517 0.000000 -17.882640 -77.557586 41.949498 -114.522952 63.486495 -122.129511 -3.973912 -15.398693 -17.029592 0.000000 -11.865909 -0.000000
-6.709086 64.600939 125.432216 15.343562 16.555514 -0.100859 0.072529 11.369995 -0.733005 0.083201 -0.773035 -0.324673 0.083551 5.047390 -0.316191 0.040747 9.622135 -0.240539 0.969689 2.561846 -0.094215 2.094034 -31.261417 -0.808703 -1.132726 -0.141152 6.736660 28.126025 -27.648679 42.674910 0.929915 20.134430 -4.261624 11.053232 13.512392 4.178464 -0.384826 -3.425328 -4.237350 -4.919714 -30.489141 -56.797362 -5.710610 35.594110 9.938145 -5.645657 22.962197 0.090465 42.461961 -78.786995 -62.137465 118.122857 69.943073 133.174692 12.555583 -8.210637 14.738914 0.000000 -19.426840 -0.000000 -21.715039 -78.349095 45.945419 -115.813396 62.183593 -124.028722 -3.924734 -15.095749 -17.361059 -0.000000 -12.338794 0.000000
-6.807165 63.601749 125.089787 15.494732 16.293645 0.097408 0.065541 11.504526 -0.822109 0.086522 -0.713222 -0.363689 0.086898 5.107203 -0.354867 0.040616 9.666974 -0.269931 0.960464 2.525396 -0.053057 2.049737 -31.330098 -0.717557 -1.181548 -0.168361 6.745954 28.096030 -27.523108 42.597386 0.932161 20.078715 -4.217283 11.190675 13.528004 4.292986 -0.482788 -3.380751 -4.164027 -4.999692 -30.540150 -56.757378 -5.707025 35.697949 9.914890 -5.813489 22.853494 -0.013332 48.949997 -78.947477 -69.189174 119.315831 68.367318 134.879035 12.356674 -8.058418 15.432464 0.000000 -18.047613 0.000000 -26.125103 -78.976014 50.512054 -117.221016 60.965916 -125.959553 -4.069570 -14.871701 -17.808060 0.000000 -12.643604 0.000000
-6.904973 62.578814 124.799390 15.654606 15.986110 0.232062 0.058964 11.597091 -0.872717 0.087302 -0.672063 -0.385765 0.087689 5.148362 -0.376863 0.039715 9.697832 -0.286643 0.934221 2.514967 -0.023163 1.976055 -31.350489 -0.638527 -1.092891 -0.194911 6.773736 27.917657 -27.241412 42.536119 0.916505 20.189995 -4.175277 11.397788 13.614364 4.277286 -0.506530 -3.319171 -4.146053 -5.101440 -30.494100 -56.690642 -5.704783 35.895461 9.844606 -5.982171 22.773398 -0.139257 55.084347 -78.885110 -75.916980 120.270244 66.803123 136.308845 12.283851 -8.145931 16.320753 -0.000000 -16.937359 -0.000000 -30.831491 -79.449910 55.455684 -118.568120 59.774813 -127.721317 -4.380070 -14.694064 -18.323718 0.000000 -12.856423 0.000000
-6.963395 61.526952 124.557732 15.845704 15.614918 0.363638 0.060540 11.645051 -0.924132 0.091695 -0.650742 -0.408417 0.092106 5.169682 -0.399067 0.041506 9.713807 -0.303535 0.897052 2.545004 0.005055 1.879496 -31.295822 -0.555089 -1.047852 -0.075539 6.799253 27.740826 -26.913958 42.511667 0.862958 20.548828 -4.197724 11.648379 13.712795 4.145767 -0.533412 -3.118126 -4.116820 -5.199148 -30.423530 -56.616226 -5.680237 36.244516 9.797081 -6.199449 22.739679 -0.223748 60.519333 -78.586695 -82.089412 120.939767 65.259917 137.370898 12.409527 -8.390523 17.382588 -0.000000 -15.622288 -0.000000 -35.839634 -79.761435 60.748763 -119.821209 58.548244 -129.208341 -4.870741 -14.610674 -19.051337 0.000000 -12.881352 0.000000
-7.004686 60.463612 124.365631 15.998407 15.165905 0.499524 0.026033 11.700670 -0.982422 0.080555 -0.625940 -0.433177 0.080927 5.194486 -0.424962 0.031371 9.732404 -0.323097 0.889453 2.578213 0.022096 1.852039 -31.234563 -0.513745 -0.957912 0.135209 6.732071 27.574406 -26.627065 42.588088 0.789626 20.996272 -4.294285 11.901130 13.718789 4.064600 -0.483225 -2.905657 -4.146828 -5.308772 -30.266582 -56.497066 -5.598882 36.640623 9.781416 -6.479561 22.668407 -0.234069 64.966201 -78.131304 -87.315237 121.538309 63.774807 138.235919 12.680169 -8.734757 18.533006 0.000000 -14.277781 0.000000 -40.899502 -79.842866 66.170496 -121.079271 57.506502 -130.532203 -5.840770 -14.573012 -19.967505 0.000000 -12.648663 -0.000000
-7.046553 59.402398 124.222041 16.172485 14.735125 0.651251 0.028473 11.772303 -1.066709 0.087721 -0.594085 -0.470293 0.088131 5.226340 -0.461347 0.034284 9.756268 -0.350780 0.839275 2.570450 0.052499 1.727799 -31.250190 -0.418547 -1.021400 0.267189 6.729557 27.401556 -26.316429 42.790944 0.736891 21.290091 -4.396708 12.105833 13.596896 4.129152 -0.584925 -2.770517 -4.096437 -5.456444 -30.018479 -56.329196 -5.484431 36.943401 9.783004 -6.715009 22.521990 -0.222750 68.785684 -77.613361 -92.001911 122.147420 62.404818 138.997235 13.113321 -9.086275 19.720486 0.000000 -12.963470 0.000000 -46.008939 -79.802873 71.686693 -122.226759 56.510296 -131.642189 -6.989076 -14.560373 -20.942739 0.000000 -12.379384 0.000000
-7.084471 58.395933 124.115115 16.428680 14.277643 0.797738 -0.016844 11.859990 -1.133490 0.072485 -0.554985 -0.498461 0.072841 5.265442 -0.491067 0.020824 9.785589 -0.373217 0.800963 2.543645 0.068285 1.637999 -31.300705 -0.361842 -1.029291 0.334319 6.733576 27.177071 -25.981205 43.008077 0.714242 21.359086 -4.399008 12.304020 13.399101 4.357296 -0.669602 -2.619478 -4.032218 -5.665068 -29.727236 -56.156303 -5.348256 37.084057 9.810400 -6.866450 22.305386 -0.255946 71.731858 -77.067966 -95.959786 122.625902 61.137084 139.610608 13.445859 -9.371126 20.851687 0.000000 -11.896627 0.000000 -50.749331 -79.605929 76.840142 -123.085792 55.451598 -132.553042 -7.927863 -14.615476 -21.798166 0.000000 -12.113955 -0.000000
-7.122452 57.411267 124.058730 16.745145 13.857912 0.934922 -0.090877 11.917064 -1.171167 0.042374 -0.529419 -0.513088 0.042606 5.291011 -0.508764 -0.003005 9.804780 -0.386394 0.769853 2.524384 0.064779 1.575279 -31.336809 -0.349959 -0.980429 0.346801 6.737134 26.876757 -25.597466 43.194427 0.719126 21.335624 -4.306033 12.530789 13.166411 4.691208 -0.744747 -2.436693 -4.004402 -5.879442 -29.431569 -56.016755 -5.161794 37.095104 9.892434 -7.015335 22.060469 -0.369310 74.206246 -76.578620 -99.570669 123.065883 59.914434 140.208669 13.872338 -9.626072 21.860131 0.000000 -9.645631 0.000000 -54.920889 -79.321322 81.421402 -123.701731 54.414772 -133.182507 -8.867552 -14.685110 -22.647649 -0.000000 -10.637909 -0.000000
-7.147790 56.441474 124.047096 17.013330 13.476788 1.022350 -0.098564 11.954016 -1.190153 0.040393 -0.512966 -0.521205 0.040619 5.307464 -0.517082 -0.005051 9.817117 -0.392696 0.710007 2.506151 0.062945 1.451119 -31.371340 -0.316366 -0.988878 0.361040 6.772909 26.532837 -25.255039 43.346211 0.710701 21.472435 -4.196137 12.883951 12.998398 4.959436 -0.863576 -2.295148 -3.971052 -6.017361 -29.206251 -55.930376 -4.959382 37.107538 9.959665 -7.163334 21.850692 -0.527629 76.210129 -76.050850 -102.712800 123.473770 58.781529 140.816277 14.303545 -9.885398 22.731533 0.000000 -8.905342 0.000000 -58.723813 -78.913237 85.760697 -124.144159 53.361518 -133.744504 -9.760984 -14.770306 -23.365944 -0.000000 -10.525131 0.000000
-7.164489 55.502353 124.085811 17.204847 13.046695 1.043767 -0.083771 12.014718 -1.194969 0.047467 -0.486022 -0.523639 0.047726 5.334408 -0.518794 0.000172 9.837317 -0.394072 0.663236 2.486215 0.060937 1.354501 -31.408841 -0.291374 -0.982517 0.355779 6.804188 26.210200 -24.917747 43.501250 0.674950 21.870989 -4.172429 13.272939 12.924560 5.031586 -0.912012 -2.199291 -3.956310 -6.000601 -29.131850 -55.906564 -4.732020 37.263820 10.008173 -7.328746 21.775617 -0.670756 77.488023 -75.516711 -105.005941 123.751397 57.724108 141.251085 14.756099 -10.158971 23.543495 0.000000 -8.226939 -0.000000 -61.749021 -78.389465 89.437232 -124.431313 52.308427 -134.150678 -10.548480 -14.831495 -24.016630 0.000000 -10.552142 -0.000000
-7.167893 54.607434 124.166231 17.274289 12.594250 1.008259 -0.010402 12.100566 -1.195735 0.080358 -0.448053 -0.525796 0.080765 5.372373 -0.517598 0.025014 9.865764 -0.393475 0.623354 2.476757 0.069642 1.265372 -31.426902 -0.248021 -1.029833 0.247947 6.846490 25.959878 -24.480613 43.689293 0.620586 22.421306 -4.259970 13.601598 12.834933 4.913083 -0.939060 -2.205290 -3.936103 -5.843977 -29.125737 -55.957354 -4.505540 37.606686 10.057457 -7.528599 21.789099 -0.638741 78.253872 -74.906244 -106.632345 123.845097 56.716968 141.584092 15.223190 -10.469581 24.306380 0.000000 -7.514791 0.000000 -64.062394 -77.797955 92.512172 -124.734277 51.320065 -134.555200 -11.274638 -14.922389 -24.669575 0.000000 -10.590048 0.000000
-7.159825 53.757962 124.290444 17.306033 12.093678 0.951152 0.070109 12.190818 -1.197970 0.116538 -0.408144 -0.528811 0.117112 5.412276 -0.516923 0.052297 9.895661 -0.393310 0.597441 2.494034 0.091699 1.196755 -31.395285 -0.185057 -1.072464 0.102883 6.920134 25.812926 -23.904823 43.856086 0.589503 22.867826 -4.369945 13.862665 12.743319 4.765605 -0.955675 -2.245061 -3.914002 -5.637350 -29.061902 -55.999795 -4.359919 37.971752 10.049402 -7.769417 21.803609 -0.372687 78.537750 -74.335938 -107.706520 124.018196 55.761593 141.961202 15.699584 -10.817229 25.042446 -0.000000 -6.815104 0.000000 -65.775404 -77.167098 95.010273 -125.131887 50.396428 -135.029104 -12.072657 -15.028554 -25.267236 0.000000 -10.568815 0.000000
-7.138759 52.948265 124.440049 17.386859 11.597452 0.902769 0.124110 12.238371 -1.205864 0.141227 -0.387146 -0.533672 0.141917 5.433269 -0.519266 0.070719 9.911382 -0.395323 0.571536 2.539444 0.124248 1.121242 -31.311475 -0.099763 -1.111171 -0.117134 7.055062 25.750469 -23.104442 44.027342 0.574525 23.119134 -4.469778 14.136496 12.547883 4.752701 -0.988457 -2.251345 -3.880052 -5.469821 -28.898330 -55.937718 -4.344821 38.263691 9.897194 -8.010482 21.698311 -0.044630 78.686480 -73.800691 -108.682119 124.241385 54.846482 142.328058 16.077955 -11.130067 25.808807 -0.000000 -6.276072 -0.000000 -67.274253 -76.541919 97.218390 -125.521190 49.509239 -135.439531 -12.874673 -15.149962 -25.840408 0.000000 -10.431908 -0.000000
-7.108031 52.184902 124.612777 17.477256 11.030836 0.835941 0.157304 12.292483 -1.208500 0.156309 -0.363180 -0.535676 0.157073 5.457230 -0.519731 0.082050 9.929340 -0.395828 0.551813 2.606065 0.164232 1.053945 -31.188228 -0.002681 -1.135552 -0.413033 7.184715 25.717798 -22.178926 44.250325 0.582399 23.184791 -4.508324 14.464165 12.189194 4.833661 -1.023762 -2.313317 -3.867940 -5.364004 -28.587547 -55.781980 -4.386165 38.512441 9.650332 -8.215458 21.406392 0.153608 78.398231 -73.237099 -109.228390 124.304265 53.941186 142.561805 16.371445 -11.407628 26.575602 -0.000000 -5.772514 0.000000 -68.208433 -75.794078 98.827327 -125.763047 48.644929 -135.720603 -13.753638 -15.314708 -26.424112 0.000000 -10.037007 0.000000
-7.055693 51.452181 124.791302 17.625392 10.472013 0.767571 0.157431 12.348105 -1.197025 0.155687 -0.338460 -0.530599 0.156454 5.481950 -0.514717 0.081947 9.947885 -0.392035 0.518963 2.687797 0.215329 0.952273 -31.036992 0.125836 -1.129286 -0.701779 7.268218 25.580744 -21.377390 44.495108 0.630105 23.086339 -4.452335 14.839672 11.754000 4.963456 -1.214034 -2.448004 -3.760336 -5.131028 -28.171852 -55.694558 -4.466199 38.652684 9.357077 -8.378048 21.054972 0.196716 77.915960 -72.667723 -109.582628 124.477590 53.144231 142.912213 16.757494 -11.695908 27.319339 -0.000000 -4.463561 -0.000000 -69.052746 -75.045770 100.172353 -126.232492 47.962499 -136.229510 -14.882734 -15.530373 -26.915847 0.000000 -9.415090 -0.000000
-6.996434 50.777324 124.976729 17.762623 9.907702 0.714345 0.182112 12.376702 -1.191891 0.166362 -0.325813 -0.528984 0.167181 5.494594 -0.512012 0.090170 9.957361 -0.390088 0.474896 2.794052 0.262972 0.829524 -30.840102 0.253907 -1.159839 -0.912150 7.349677 25.311370 -20.674813 44.761065 0.708909 22.945621 -4.363204 15.201419 11.459601 5.021351 -1.359886 -2.466640 -3.692002 -5.130467 -27.748297 -55.500110 -4.546203 38.644369 9.042248 -8.469223 20.862223 0.157864 77.137660 -72.122761 -109.595396 124.522911 52.399156 143.062336 17.144281 -12.070934 28.041977 -0.000000 -3.949603 -0.000000 -69.319069 -74.329404 100.951040 -126.516222 47.342720 -136.466927 -15.947690 -15.782614 -27.450833 0.000000 -8.650819 0.000000
-6.901472 50.187169 125.145780 17.926244 9.373822 0.719682 0.193382 12.371839 -1.202905 0.172148 -0.328003 -0.534130 0.172994 5.492402 -0.516569 0.094208 9.955709 -0.393597 0.432295 2.890725 0.294152 0.720619 -30.660795 0.346111 -1.194093 -1.187940 7.431648 24.964873 -19.904291 45.064557 0.748388 23.054661 -4.342305 15.484125 11.431586 4.852968 -1.495702 -2.543994 -3.650020 -5.234631 -27.229011 -55.286797 -4.514977 38.674945 8.816436 -8.551320 20.826352 0.077317 76.163019 -71.564287 -109.409541 124.524940 51.776119 143.134835 17.466480 -12.463558 28.738475 0.000000 -3.521815 -0.000000 -69.252052 -73.695800 101.296465 -126.684851 46.769597 -136.688903 -16.889220 -16.075279 -27.871964 0.000000 -7.811674 -0.000000
-6.792973 49.691287 125.284993 18.098652 8.966972 0.755288 0.226138 12.325193 -1.230577 0.188569 -0.348820 -0.547195 0.189486 5.471580 -0.527960 0.105759 9.940068 -0.402375 0.375990 2.947640 0.325424 0.583471 -30.555229 0.446538 -1.270124 -1.460774 7.540727 24.585602 -19.194172 45.340196 0.736973 23.564614 -4.409715 15.728784 11.415202 4.597144 -1.628183 -2.781311 -3.585928 -5.473097 -26.599905 -55.026491 -4.362928 38.906886 8.707444 -8.688031 20.784291 -0.039566 75.431540 -71.089146 -109.406627 124.598057 51.261486 143.259874 17.568240 -12.828419 29.351055 0.000000 -3.388503 0.000000 -69.164264 -73.112025 101.562134 -126.705668 46.342908 -136.827242 -17.811669 -16.354025 -28.261008 -0.000000 -6.858396 0.000000
-6.683665 49.311352 125.396139 18.277612 8.562873 0.805924 0.261414 12.320252 -1.264896 0.206692 -0.351113 -0.563228 0.207692 5.469281 -0.542144 0.118416 9.938316 -0.413302 0.318223 2.947454 0.358171 0.442543 -30.555565 0.550724 -1.407029 -1.689770 7.624148 24.261969 -18.639812 45.571286 0.713631 24.211641 -4.490184 16.000221 11.277602 4.526731 -1.774811 -3.005169 -3.485146 -5.781186 -26.083275 -54.725259 -4.142477 39.246017 8.708788 -8.832749 20.684564 -0.170672 74.592714 -70.660638 -109.173623 124.706202 50.907760 143.400134 17.289804 -12.873589 29.813420 -0.000000 -4.134665 0.000000 -68.699985 -72.624851 101.363416 -126.696885 46.078002 -136.883531 -18.721823 -16.633784 -28.616138 0.000000 -5.805910 -0.000000
-6.625927 49.061669 125.471836 18.493734 8.288934 0.853293 0.256501 12.249397 -1.287493 0.205933 -0.382594 -0.573067 0.206918 5.437800 -0.552062 0.117136 9.914697 -0.420796 0.276880 2.934691 0.376121 0.345047 -30.579175 0.613861 -1.457850 -1.875681 7.724481 23.994375 -18.052265 45.703189 0.700107 24.649821 -4.525901 16.307029 10.979832 4.645667 -1.899080 -3.016329 -3.390334 -6.172281 -25.738159 -54.352751 -3.888803 39.458830 8.782458 -8.995105 20.539907 -0.248523 73.960912 -70.431130 -108.940835 124.949292 50.807558 143.582956 17.777553 -13.013830 30.315742 0.000000 -3.258012 -0.000000 -68.423350 -72.347735 101.179759 -126.738916 45.991842 -136.931833 -19.525708 -16.885390 -28.891281 -0.000000 -4.712042 -0.000000
-6.580267 48.965000 125.474902 18.654791 8.093856 0.867000 0.263784 12.143928 -1.289200 0.209006 -0.429489 -0.574055 0.209988 5.390904 -0.552738 0.119352 9.879522 -0.421299 0.246265 2.936628 0.383310 0.276655 -30.575481 0.647853 -1.477139 -2.062877 7.788839 23.779547 -17.476512 45.774864 0.685376 24.776139 -4.494635 16.652931 10.631940 4.857735 -2.005780 -3.040411 -3.343170 -6.659796 -25.413588 -53.857787 -3.612548 39.436080 8.831396 -9.146713 20.443465 -0.250961 73.287725 -70.549704 -108.370675 125.331853 51.004255 143.698813 18.288901 -13.251070 30.728265 0.000000 -2.588228 -0.000000 -68.024743 -72.273054 100.804438 -126.777758 46.066326 -136.957467 -20.181498 -17.116079 -29.051055 0.000000 -3.534045 -0.000000
-6.592810 49.017910 125.424938 18.843844 7.996420 0.939990 0.267952 12.011297 -1.311168 0.212057 -0.488451 -0.583886 0.213031 5.331941 -0.562260 0.120933 9.835288 -0.428504 0.193681 2.941390 0.396835 0.158474 -30.566406 0.708681 -1.536858 -2.285237 7.857167 23.555331 -16.987450 45.793306 0.671042 24.770675 -4.422807 16.957645 10.459798 5.079760 -2.153946 -3.100543 -3.293108 -7.145057 -25.195721 -53.306832 -3.317216 39.431332 8.877264 -9.249105 20.423287 -0.273024 72.872945 -70.679403 -108.074830 125.601705 51.205586 143.762432 18.714451 -13.442797 31.092588 0.000000 -2.518420 0.000000 -67.358690 -72.406259 100.001229 -126.849903 46.373830 -136.921145 -20.820409 -17.416693 -29.131434 -0.000000 -2.236253 0.000000
-6.658146 49.283336 125.276723 19.037417 8.005667 1.050778 0.227696 11.879813 -1.342043 0.195977 -0.546778 -0.596499 0.196862 5.273620 -0.576514 0.107807 9.791550 -0.439130 0.160014 2.898565 0.402173 0.084569 -30.645761 0.740963 -1.579624 -2.479938 7.855646 23.375941 -16.697205 45.790571 0.640455 25.021750 -4.467521 17.208413 10.482615 5.212606 -2.230288 -3.274001 -3.286034 -7.629282 -25.026427 -52.674849 -3.057667 39.577635 8.932482 -9.312098 20.524887 -0.364614 72.160125 -71.372809 -107.010099 126.167823 51.953581 143.759598 18.935418 -13.619143 31.226329 0.000000 -1.932974 0.000000 -66.476904 -72.802306 98.774760 -126.933910 46.882447 -136.812130 -21.321734 -17.720045 -29.066856 -0.000000 -1.075991 0.000000
-6.790757 49.721313 125.070871 19.223353 8.124263 1.155928 0.161785 11.737437 -1.368520 0.168130 -0.609866 -0.606561 0.168880 5.210541 -0.589418 0.085923 9.744256 -0.448629 0.146378 2.819127 0.399418 0.057232 -30.793229 0.744188 -1.568357 -2.749040 7.824510 23.228828 -16.407328 45.785555 0.598756 25.524498 -4.623477 17.383282 10.592354 5.232113 -2.277693 -3.589813 -3.340622 -8.124494 -24.771392 -51.944461 -2.861937 39.813786 9.028569 -9.335878 20.738420 -0.398527 71.647585 -72.162246 -106.102489 126.734126 52.730986 143.767339 19.115136 -13.785293 31.312554 0.000000 -2.242184 0.000000 -65.526008 -73.271314 97.371962 -126.930488 47.541587 -136.693655 -21.629757 -17.958844 -28.872382 0.000000 -0.000000 0.000000
-6.928150 50.301961 124.813445 19.322518 8.267666 1.208671 0.176103 11.599603 -1.393046 0.175813 -0.671165 -0.617814 0.176577 5.149240 -0.599888 0.090915 9.698263 -0.456590 0.101904 2.784930 0.416443 -0.046692 -30.856401 0.807793 -1.707881 -2.839746 7.873982 23.309782 -16.274449 45.619705 0.541694 26.009925 -4.766579 17.490865 10.603777 5.258425 -2.422495 -3.784929 -3.300484 -8.567240 -24.667166 -51.237767 -2.741268 40.051929 9.154317 -9.301055 20.969188 -0.311839 71.189816 -73.001707 -105.155841 127.245427 53.502334 143.735362 19.223178 -13.948429 31.248717 0.000000 -1.714708 -0.000000 -64.255962 -73.804897 95.635143 -126.888487 48.350779 -136.509478 -21.756815 -18.076957 -28.589889 -0.000000 -0.000000 0.000000
-7.084992 50.993769 124.519994 19.359456 8.523404 1.219854 0.178929 11.438881 -1.381610 0.175799 -0.742606 -0.612953 0.176540 5.077799 -0.595031 0.091162 9.644687 -0.452849 0.089367 2.734090 0.408610 -0.068482 -30.950778 0.799649 -1.768875 -2.976551 7.842282 23.470900 -16.137408 45.453912 0.503179 26.191643 -4.882921 17.555843 10.574014 5.400825 -2.544149 -3.858468 -3.296590 -8.940412 -24.681739 -50.566719 -2.757681 40.119191 9.272449 -9.200183 21.133265 -0.189632 71.057288 -73.905998 -104.476199 127.662364 54.253829 143.612297 19.261363 -14.101199 31.208052 0.000000 -0.734236 -0.000000 -63.060392 -74.530080 93.935985 -126.921884 49.288705 -136.288726 -21.708464 -18.061375 -28.232842 -0.000000 0.000000 -0.000000
-7.233664 51.793883 124.181961 19.367246 8.909310 1.211886 0.172594 11.258287 -1.360806 0.171012 -0.822853 -0.603749 0.171709 4.997553 -0.586318 0.088081 9.584515 -0.446137 0.082151 2.687121 0.409046 -0.084287 -31.037956 0.805477 -1.843399 -3.097726 7.817838 23.702547 -16.133938 45.245668 0.514565 26.070005 -4.930862 17.539648 10.557507 5.620150 -2.608293 -3.883713 -3.280323 -9.396602 -24.691550 -49.918078 -2.878959 39.907837 9.372692 -9.123831 21.225078 -0.095098 70.394405 -74.822816 -103.121908 127.769961 55.264734 143.236446 19.340435 -14.251043 31.104983 -0.000000 -0.000000 -0.000000 -61.974883 -75.324089 92.280672 -126.902418 50.322133 -136.037272 -21.502841 -17.976308 -27.787768 -0.000000 -0.000000 0.000000
-7.391923 52.705756 123.835737 19.338996 9.335763 1.214765 0.188116 11.078405 -1.361300 0.177431 -0.902845 -0.604452 0.178127 4.917559 -0.586368 0.092817 9.524513 -0.446165 0.073218 2.657679 0.420823 -0.110664 -31.092505 0.836017 -1.946535 -3.165099 7.836782 23.886997 -16.316760 45.040907 0.562003 25.788342 -4.921861 17.464887 10.582505 5.807910 -2.664234 -3.861414 -3.224917 -9.897570 -24.734958 -49.296114 -3.100145 39.561993 9.383270 -9.040555 21.293945 0.006396 68.949660 -75.712606 -100.903540 127.657716 56.470128 142.666810 19.354822 -14.442501 30.965837 0.000000 -0.000000 0.000000 -60.438126 -76.083737 90.126064 -126.817266 51.483223 -135.684475 -21.322579 -17.927353 -27.321824 -0.000000 0.000000 0.000000
-7.541750 53.680243 123.498551 19.280353 9.839688 1.225627 0.207529 10.885660 -1.372861 0.186302 -0.988565 -0.610118 0.187001 4.831836 -0.591133 0.099061 9.460208 -0.449781 0.070089 2.614258 0.434071 -0.125970 -31.173042 0.866160 -2.028881 -3.169662 7.860285 24.056077 -16.635478 44.846016 0.620823 25.569845 -4.936810 17.398624 10.707509 5.876734 -2.700742 -3.756855 -3.159287 -10.386935 -24.892162 -48.683633 -3.334996 39.224826 9.412306 -9.008573 21.331828 0.072570 67.541092 -76.597689 -98.693379 127.577767 57.694553 142.155268 19.425139 -14.640911 30.777400 0.000000 -0.000000 0.000000 -58.477810 -76.805080 87.525572 -126.584422 52.757869 -135.229288 -21.168723 -17.861027 -26.792850 0.000000 -0.000000 0.000000
-7.679575 54.685002 123.183772 19.168286 10.329223 1.211370 0.221135 10.700098 -1.376200 0.192043 -1.071076 -0.612006 0.192733 4.749323 -0.592439 0.103195 9.398316 -0.450749 0.090811 2.570007 0.440831 -0.087199 -31.255326 0.867714 -2.050684 -3.134090 7.866789 24.267877 -16.942379 44.658058 0.666356 25.578337 -5.029416 17.345606 10.871098 5.868567 -2.689031 -3.648909 -3.136214 -10.796307 -25.036555 -48.091233 -3.641361 38.974942 9.382184 -8.954779 21.375971 0.205409 65.849645 -77.468796 -96.145152 127.614195 58.915864 141.764332 19.523334 -14.912362 30.442485 -0.000000 -0.000000 0.000000 -55.638716 -77.472720 84.018926 -126.251160 54.169108 -134.649537 -20.988017 -17.781944 -26.190560 -0.000000 0.000000 -0.000000
-7.816798 55.729007 122.930813 18.981826 10.842718 1.160473 0.265669 10.493387 -1.377896 0.211366 -1.163078 -0.613869 0.212086 4.657314 -0.592336 0.117618 9.329291 -0.450744 0.105531 2.581037 0.442619 -0.057337 -31.234934 0.862094 -2.092777 -3.091184 7.904146 24.588461 -17.154309 44.481409 0.668092 25.677949 -5.162148 17.282164 11.049025 5.827667 -2.698150 -3.476271 -3.089537 -11.066772 -25.239313 -47.567118 -3.967765 38.824844 9.322008 -8.902617 21.402642 0.407172 62.720245 -78.296118 -92.074823 127.507337 60.373295 141.217367 19.742372 -15.232946 30.010241 0.000000 -0.000000 -0.000000 -52.262669 -77.977540 80.020217 -125.959886 55.738238 -133.967403 -20.885556 -17.798069 -25.664180 0.000000 -0.000000 -0.000000
-7.960079 56.675452 122.810960 18.706931 11.334203 1.025744 0.322403 10.300668 -1.349484 0.234135 -1.248891 -0.602670 0.234888 4.571493 -0.578821 0.135565 9.264916 -0.440595 0.138526 2.596383 0.439703 0.013845 -31.206665 0.835080 -2.107735 -3.067490 7.936854 24.970675 -17.344229 44.333695 0.659614 25.739809 -5.269330 17.181328 11.247402 5.820394 -2.653087 -3.297287 -3.044752 -11.197160 -25.487971 -47.167851 -4.247803 38.731885 9.262391 -8.856303 21.424233 0.638105 58.328494 -78.923110 -86.693436 127.252048 61.974127 140.619520 20.131343 -15.598320 29.537291 0.000000 -0.000000 0.000000 -48.554678 -78.245788 75.808104 -125.673511 57.422488 -133.255741 -20.868503 -17.867301 -25.195159 0.000000 -0.000000 0.000000
-8.121608 57.766690 122.685428 18.418997 11.821743 0.881550 0.374927 10.103658 -1.311048 0.254375 -1.336587 -0.586898 0.255147 4.483787 -0.560992 0.151912 9.199135 -0.427151 0.168999 2.619097 0.436596 0.079886 -31.164674 0.809228 -2.144074 -3.003281 7.943114 25.373615 -17.583295 44.223070 0.675405 25.711005 -5.308892 17.063814 11.352751 5.910944 -2.771528 -3.114732 -2.874305 -11.013258 -25.771626 -47.024459 -4.434596 38.629359 9.220704 -8.814772 21.452693 0.850532 53.204589 -79.321639 -80.496485 127.154484 63.839524 140.243282 20.827888 -15.952051 29.008426 -0.000000 0.000000 0.000000 -44.499400 -78.419559 71.196687 -125.704365 59.342317 -132.802014 -21.081104 -17.988290 -24.688018 0.000000 -0.000000 -0.000000
-8.280623 58.863353 122.642166 18.154967 12.307721 0.723151 0.401352 9.907554 -1.246656 0.261318 -1.423791 -0.559051 0.262066 4.396580 -0.532441 0.159025 9.133751 -0.405481 0.227779 2.636376 0.422570 0.212051 -31.132925 0.742779 -2.126258 -2.945427 7.930340 25.716617 -17.798684 44.138289 0.741598 25.561305 -5.294733 16.965223 11.415197 6.020574 -2.706227 -2.961158 -2.837423 -10.920596 -25.996513 -46.930206 -4.563213 38.483905 9.198984 -8.735242 21.520198 1.015246 47.500983 -79.515462 -73.814768 126.868727 65.791366 139.627312 21.622570 -16.282852 28.511070 0.000000 -0.000000 0.000000 -40.270230 -78.389451 66.417125 -125.522418 61.279274 -131.986591 -21.278880 -18.256039 -24.310247 -0.000000 0.000000 0.000000
-8.444120 59.976359 122.676290 17.886220 12.717427 0.558252 0.460427 9.742841 -1.189711 0.283412 -1.497121 -0.535141 0.284179 4.323239 -0.506284 0.177365 9.078752 -0.385747 0.265746 2.653310 0.420477 0.293036 -31.101632 0.714474 -2.165310 -2.893337 7.985204 26.025695 -17.966566 44.070403 0.847260 25.353407 -5.238146 16.858333 11.457593 6.084984 -2.719768 -2.825073 -2.780287 -10.719066 -26.208822 -46.948764 -4.615334 38.334704 9.188725 -8.630661 21.625307 1.152589 41.371603 -79.482002 -66.717756 126.452621 67.801719 138.864447 22.379006 -16.568973 27.987154 -0.000000 0.000000 -0.000000 -35.836934 -78.082413 61.448210 -125.233777 63.256244 -131.020129 -21.500567 -18.685343 -23.962977 -0.000000 -0.000000 -0.000000
-8.603009 61.110007 122.764580 17.648107 13.147141 0.393359 0.503178 9.572631 -1.119694 0.297414 -1.572831 -0.505061 0.298172 4.247523 -0.474782 0.190006 9.021983 -0.361901 0.307340 2.658872 0.410842 0.386279 -31.091447 0.668155 -2.176243 -2.885066 8.043063 26.261166 -18.069988 44.050444 0.974786 25.134531 -5.204492 16.772497 11.465711 6.109495 -2.729361 -2.712684 -2.741880 -10.418374 -26.425345 -47.111961 -4.590613 38.206255 9.214373 -8.460421 21.755079 1.295643 35.278268 -79.310075 -59.660213 125.724196 69.826273 137.766418 22.943655 -16.854330 27.426258 0.000000 0.000000 0.000000 -31.663300 -77.643642 56.713908 -124.774729 65.204020 -129.909282 -21.608672 -19.234802 -23.541427 0.000000 0.000000 0.000000
-8.733287 62.265706 122.896294 17.442319 13.535832 0.235723 0.536550 9.425608 -1.038125 0.306590 -1.638190 -0.469647 0.307330 4.182158 -0.438438 0.199378 8.972988 -0.334362 0.346508 2.649468 0.397934 0.476452 -31.109005 0.616530 -2.155951 -2.851552 8.089956 26.405616 -18.189224 44.045436 1.103860 24.937985 -5.182123 16.707791 11.507409 6.052690 -2.749293 -2.582940 -2.710884 -10.041163 -26.676121 -47.429887 -4.465403 38.124266 9.312700 -8.256998 21.823773 1.476608 29.340167 -78.920803 -52.752952 124.496736 71.850950 136.087493 23.333994 -17.169793 26.901261 -0.000000 -0.000000 -0.000000 -27.516683 -77.059444 51.953552 -124.004927 67.104926 -128.460759 -21.537646 -19.866442 -23.080096 0.000000 -0.073851 -0.000000
-8.843691 63.443889 123.071082 17.259318 13.875951 0.083380 0.580917 9.301844 -0.951291 0.320413 -1.693216 -0.432102 0.321150 4.127125 -0.399488 0.212438 8.931739 -0.304892 0.373296 2.640538 0.394098 0.535002 -31.125628 0.591672 -2.165154 -2.842223 8.151366 26.476549 -18.289884 44.064887 1.195005 24.849964 -5.177557 16.637211 11.570426 5.967067 -2.806638 -2.410817 -2.677603 -9.627052 -26.973549 -47.845467 -4.295166 38.018033 9.415013 -8.042784 21.890705 1.675946 23.708514 -78.322064 -46.171295 122.505654 73.870435 133.563607 23.543965 -17.463487 26.385194 0.000000 0.000000 0.000000 -23.570310 -76.367600 47.378773 -122.960912 69.005859 -126.560520 -21.280481 -20.568313 -22.793638 -0.000000 -0.252243 -0.000000
-8.969669 64.639677 123.284184 17.100228 14.161576 -0.068141 0.631545 9.201911 -0.859967 0.336820 -1.737638 -0.392677 0.337562 4.082693 -0.358395 0.227602 8.898443 -0.273826 0.392390 2.639838 0.394969 0.574479 -31.126949 0.581506 -2.208607 -2.838384 8.222804 26.493570 -18.398162 44.114341 1.223935 24.854146 -5.194529 16.552371 11.647334 5.887680 -2.875381 -2.246488 -2.643788 -9.166958 -27.265031 -48.379928 -4.139652 37.864759 9.494921 -7.811468 21.973949 1.839073 18.423892 -77.540314 -39.993496 119.266395 75.776131 129.810436 23.421055 -17.739077 25.839501 0.000000 0.000000 0.000000 -20.210645 -75.507046 43.475448 -121.437249 70.976867 -124.176246 -20.971886 -21.271408 -22.672556 0.000000 -0.217602 -0.000000
-9.100568 65.854573 123.514552 16.991688 14.427227 -0.187487 0.669466 9.096102 -0.781590 0.348441 -1.784644 -0.358686 0.349174 4.035680 -0.323224 0.238758 8.863208 -0.247213 0.408782 2.647832 0.393273 0.609906 -31.112113 0.567662 -2.272222 -2.846352 8.315836 26.434392 -18.486725 44.210783 1.214513 24.865700 -5.192764 16.439910 11.760878 5.812182 -2.950136 -2.106969 -2.629245 -8.695533 -27.478700 -49.001255 -3.999863 37.626812 9.549802 -7.589993 22.015793 1.968729 13.598022 -76.617908 -34.378517 114.395516 77.553132 124.434136 23.122365 -18.026358 25.293270 -0.000000 0.000000 -0.000000 -17.144172 -74.541286 39.907752 -118.947197 72.891972 -120.970376 -20.651052 -21.982642 -22.554470 -0.000000 -0.000000 0.000000
-9.199815 67.092859 123.754492 16.945673 14.640019 -0.252315 0.684037 8.989305 -0.721342 0.350873 -1.832062 -0.332229 0.351578 3.988261 -0.296522 0.242425 8.827666 -0.226957 0.422521 2.671816 0.394379 0.638002 -31.067579 0.561380 -2.336662 -2.786539 8.398203 26.299346 -18.585437 44.376222 1.200061 24.857745 -5.189959 16.293530 11.879352 5.798743 -3.015471 -1.920290 -2.636832 -8.249273 -27.647525 -49.655314 -3.913789 37.290590 9.527571 -7.397379 22.000309 2.062648 9.548783 -75.483202 -29.633250 107.429203 79.215902 116.985153 22.871829 -18.345713 24.798120 0.000000 0.000000 0.000000 -13.772843 -73.473602 35.982610 -115.010901 74.586907 -116.317842 -20.226405 -22.709773 -22.339283 -0.000000 -0.000000 -0.000000
-9.271351 68.347323 124.013033 16.930768 14.809907 -0.284442 0.694479 8.883370 -0.673351 0.352283 -1.879100 -0.311100 0.352959 3.941221 -0.275251 0.244946 8.792405 -0.210811 0.429192 2.710493 0.395000 0.651570 -30.995754 0.558547 -2.379441 -2.646469 8.469692 26.100409 -18.706279 44.588248 1.157585 24.845750 -5.191602 16.143166 11.995801 5.804727 -3.068539 -1.731944 -2.674901 -7.840929 -27.729238 -50.326608 -3.878599 36.914756 9.453310 -7.275722 21.938742 2.104025 6.301818 -74.194709 -25.716965 97.632144 80.598448 106.678420 22.593779 -18.689139 24.426558 0.000000 0.000000 -0.000000 -10.648573 -72.246866 32.297356 -109.371027 76.091649 -109.914303 -19.700512 -23.431795 -22.167981 0.000000 0.000000 -0.000000
-9.338909 69.605921 124.289731 16.925797 14.896237 -0.332179 0.713818 8.789390 -0.623303 0.357557 -1.920832 -0.289230 0.358214 3.899486 -0.252847 0.250453 8.761120 -0.193837 0.428261 2.772348 0.391860 0.651551 -30.880876 0.552637 -2.422882 -2.534990 8.567536 25.841523 -18.744113 44.867790 1.074859 24.843851 -5.194662 16.005779 12.122715 5.799921 -3.112887 -1.533953 -2.714609 -7.450319 -27.729874 -51.042580 -3.856015 36.611228 9.380613 -7.242104 21.844332 2.140089 3.894414 -72.741990 -22.647601 84.910033 81.446134 93.486036 22.306788 -19.115048 24.187134 0.000000 -0.000000 -0.000000 -8.013000 -70.839610 29.147176 -101.532778 77.236951 -101.383229 -18.689515 -23.996883 -21.994101 0.000000 -0.000000 -0.000000
-9.395406 70.866524 124.568714 16.945862 14.934314 -0.404883 0.732445 8.701723 -0.561655 0.361802 -1.959736 -0.262209 0.362438 3.860579 -0.225396 0.255549 8.731961 -0.173037 0.424252 2.847558 0.380367 0.650279 -30.741183 0.531205 -2.462854 -2.440685 8.682356 25.512843 -18.745510 45.209045 0.968271 24.929538 -5.206472 15.909741 12.252554 5.782782 -3.139723 -1.379908 -2.761012 -7.054614 -27.628990 -51.806435 -3.853576 36.411096 9.307734 -7.240799 21.778903 2.223866 1.972548 -71.161293 -20.081031 70.418895 81.639122 78.599300 22.003958 -19.568135 23.943645 0.000000 -0.000000 0.000000 -5.963773 -69.303997 26.604390 -91.558581 77.644725 -91.089439 -16.562990 -24.364129 -21.604746 -0.000000 0.000000 -0.000000
-9.428871 72.129413 124.823933 16.960758 14.946620 -0.505080 0.758190 8.614648 -0.495436 0.368948 -1.998372 -0.233285 0.369568 3.821939 -0.195747 0.262980 8.703002 -0.150591 0.416746 2.921164 0.375273 0.637703 -30.604478 0.525335 -2.516010 -2.328245 8.828134 25.177408 -18.738034 45.528114 0.860983 25.112447 -5.194936 15.889438 12.335645 5.775716 -3.241982 -1.207567 -2.743776 -6.507756 -27.524606 -52.681175 -3.864575 36.346304 9.245326 -7.258794 21.698884 2.332062 0.220350 -69.521277 -17.623801 55.806891 81.250669 63.624483 21.623792 -19.934475 23.639486 0.000000 -0.000000 0.000000 -4.356083 -67.662890 24.466711 -81.176638 77.255955 -80.911357 -13.194168 -24.761364 -20.854540 -0.000000 0.000000 0.000000
-9.430242 73.403001 125.059764 16.977731 14.923699 -0.638960 0.774612 8.523999 -0.418353 0.371276 -2.038563 -0.199359 0.371870 3.781747 -0.161586 0.267118 8.672884 -0.124699 0.415514 2.992308 0.386351 0.628229 -30.472371 0.549324 -2.592846 -2.202746 8.985449 24.871939 -18.663163 45.861965 0.784704 25.343085 -5.194117 15.899211 12.374508 5.798633 -3.237986 -0.991328 -2.781552 -6.025691 -27.365515 -53.540144 -3.925414 36.335778 9.167459 -7.256434 21.637914 2.478954 -1.392133 -67.774103 -15.368161 42.966346 80.193243 50.483221 21.019854 -20.210012 23.260703 -0.000000 -0.000000 0.000000 -2.497285 -65.924387 22.131811 -71.203698 76.300540 -71.225787 -9.319912 -25.352420 -19.910068 -0.000000 0.000000 0.000000
-9.389840 74.691546 125.276547 17.009903 14.855378 -0.796663 0.778402 8.437548 -0.332130 0.367438 -2.076856 -0.161150 0.367997 3.743455 -0.123769 0.266894 8.644195 -0.096002 0.420459 3.056414 0.410128 0.623850 -30.353349 0.595934 -2.668758 -2.032935 9.147126 24.564269 -18.578273 46.212858 0.737678 25.578583 -5.212234 15.902901 12.412308 5.797722 -3.210595 -0.775829 -2.829276 -5.525138 -27.125841 -54.437318 -4.006328 36.342156 9.080819 -7.256740 21.529617 2.641863 -2.775040 -65.881789 -13.391391 32.981088 78.592409 40.376516 20.129389 -20.420031 22.636545 0.000000 0.000000 0.000000 -0.206128 -64.127401 19.441458 -60.925120 75.427310 -60.900920 -6.613400 -25.907437 -19.069186 0.000000 0.000000 -0.000000
-9.378967 75.992627 125.500012 17.026962 14.734513 -0.983704 0.778635 8.351348 -0.237691 0.361530 -2.115020 -0.119229 0.362051 3.705296 -0.082451 0.265370 8.615605 -0.064644 0.437290 3.122282 0.443213 0.638581 -30.231071 0.654567 -2.730570 -1.825864 9.293039 24.264159 -18.465665 46.582789 0.709280 25.708968 -5.220322 15.880217 12.434977 5.784767 -3.155626 -0.566339 -2.885911 -5.002445 -26.794220 -55.373858 -4.107501 36.295863 8.962566 -7.251577 21.349371 2.840746 -4.121977 -63.834828 -11.463616 25.476806 76.528142 32.876720 18.676274 -20.475507 21.637901 0.000000 0.000000 0.000000 2.120543 -62.294885 16.953695 -49.297789 74.897135 -48.666841 -6.350678 -26.242484 -18.626981 0.000000 0.000000 0.000000
-9.443062 77.293451 125.762001 17.083597 14.565326 -1.132042 0.772514 8.258605 -0.163922 0.354126 -2.156120 -0.086324 0.354608 3.664201 -0.050302 0.262077 8.584806 -0.040223 0.444111 3.196697 0.490436 0.623874 -30.092907 0.748717 -2.842536 -1.587534 9.436142 23.970881 -18.304608 46.994139 0.699638 25.682410 -5.215577 15.836355 12.458065 5.757968 -3.153792 -0.342949 -2.942192 -4.440259 -26.393863 -56.338756 -4.193915 36.180061 8.832623 -7.241020 21.131004 3.043711 -5.410288 -61.636134 -9.594028 20.218398 74.018250 27.688657 16.473774 -20.333629 19.999280 0.000000 -0.000000 0.000000 3.757521 -60.429377 15.248568 -36.948360 74.280549 -35.356714 -7.911804 -26.527679 -18.786149 -0.000000 -0.000000 -0.000000
-9.574355 78.580241 126.076726 17.154947 14.332295 -1.204408 0.771400 8.171758 -0.131869 0.351595 -2.194667 -0.071979 0.352048 3.625655 -0.036215 0.261162 8.555905 -0.029515 0.434565 3.285446 0.538495 0.574818 -29.928049 0.854427 -2.998002 -1.312309 9.556995 23.655082 -18.116203 47.472971 0.697132 25.530513 -5.202233 15.761901 12.491641 5.693632 -3.176224 -0.145600 -3.017121 -3.886464 -25.924336 -57.284245 -4.233440 36.038849 8.694283 -7.226051 20.933101 3.184434 -6.504252 -59.295678 -7.865263 17.108269 71.179203 24.660275 14.109747 -20.149310 17.730790 -0.000000 -0.000000 -0.000000 4.638095 -58.496953 14.231224 -27.704706 72.799871 -25.282549 -9.366526 -26.696610 -19.149159 0.000000 0.000000 -0.000000
-9.706997 79.857081 126.387005 17.269452 14.061880 -1.187066 0.771947 8.083092 -0.148159 0.352836 -2.234100 -0.079061 0.353266 3.586221 -0.043173 0.261582 8.526326 -0.034767 0.397616 3.391806 0.583175 0.471255 -29.730322 0.969457 -3.165174 -1.017438 9.676695 23.249867 -17.917674 48.021312 0.694516 25.351440 -5.176957 15.643914 12.524396 5.645947 -3.191281 -0.020953 -3.100021 -3.361543 -25.375186 -58.180055 -4.259156 35.931552 8.531986 -7.187012 20.809816 3.225449 -7.493808 -56.891106 -6.294474 13.621939 68.267517 21.195206 12.254354 -19.819069 15.331851 0.000000 0.000000 -0.000000 4.549024 -56.488280 13.917645 -24.295518 70.477376 -21.674998 -9.102968 -26.736099 -19.135807 -0.000000 0.000000 0.000000
-9.709987 81.125218 126.632148 17.403808 13.747593 -1.115652 0.798041 8.005891 -0.199232 0.367613 -2.268504 -0.102007 0.368041 3.551808 -0.064617 0.271125 8.500500 -0.051070 0.322794 3.492280 0.615883 0.296777 -29.543221 1.082174 -3.361716 -0.814582 9.835251 22.708773 -17.639520 48.645202 0.675511 25.251349 -5.143026 15.514430 12.546847 5.612108 -3.199022 -0.004857 -3.175615 -2.887832 -24.749042 -59.013754 -4.257243 35.906535 8.357021 -7.140703 20.768646 3.206740 -8.307209 -54.500845 -4.973880 8.878403 65.366934 16.198801 11.746690 -19.347966 13.571744 0.000000 0.000000 -0.000000 3.820314 -54.332769 14.026351 -24.244798 67.742308 -22.084299 -7.159020 -26.888329 -18.504029 0.000000 0.000000 -0.000000
-9.577228 82.368845 126.837008 17.537716 13.414041 -1.031916 0.831941 7.940763 -0.261143 0.386527 -2.297570 -0.129901 0.386959 3.522730 -0.090589 0.283448 8.478671 -0.070826 0.236286 3.580059 0.637323 0.105290 -29.379466 1.178160 -3.542123 -0.718353 10.022699 22.025134 -17.323073 49.320219 0.620734 25.312319 -5.112494 15.415698 12.585138 5.611238 -3.172489 -0.030329 -3.256199 -2.433175 -24.111860 -59.812472 -4.236845 36.004136 8.213122 -7.083918 20.778382 3.201113 -8.806484 -52.169810 -3.969253 4.451010 62.479784 11.321371 11.952703 -19.011749 12.816085 0.000000 0.000000 -0.000000 3.369566 -52.029624 13.836877 -24.362582 64.743199 -22.654551 -4.435003 -27.211103 -17.535027 -0.000000 0.000000 0.000000
-9.402274 83.574922 127.026167 17.679443 13.049039 -0.980601 0.856019 7.880960 -0.309288 0.400202 -2.324246 -0.151537 0.400632 3.496044 -0.110835 0.292248 8.458640 -0.086216 0.155903 3.673946 0.651699 -0.068724 -29.204285 1.255289 -3.683103 -0.634960 10.229912 21.223389 -17.041089 50.010800 0.535840 25.547726 -5.084302 15.354765 12.686534 5.601903 -3.100330 0.010584 -3.319691 -2.027275 -23.488858 -60.567543 -4.215013 36.140660 8.093600 -7.043888 20.789419 3.258801 -8.965513 -49.858492 -3.275889 2.033154 59.525123 8.453304 11.648605 -18.826606 12.592477 -0.000000 -0.000000 -0.000000 3.642218 -49.621283 13.072006 -22.602648 61.635397 -20.940409 -2.219332 -27.467114 -16.552761 -0.000000 0.000000 0.000000
-9.245978 84.732143 127.246926 17.864333 12.659180 -0.983858 0.820090 7.828105 -0.314538 0.384503 -2.347721 -0.153168 0.384901 3.472579 -0.114064 0.280231 8.441042 -0.088553 0.112239 3.771560 0.652067 -0.157953 -29.022561 1.280991 -3.739516 -0.566256 10.394198 20.362675 -16.788108 50.709431 0.427781 25.872678 -5.050217 15.312996 12.802339 5.572855 -2.931288 0.098269 -3.413045 -1.683110 -22.827873 -61.317144 -4.190547 36.205478 8.045583 -7.003474 20.766578 3.387777 -8.772735 -47.538528 -2.854221 1.794223 56.580357 7.925657 10.263450 -18.722202 11.985758 0.000000 0.000000 0.000000 4.603342 -47.157374 11.856637 -18.947554 58.560513 -16.888761 -1.765560 -27.264430 -15.787987 -0.000000 -0.000000 -0.000000
-9.158164 85.825712 127.548078 18.089597 12.236672 -1.012529 0.712968 7.784231 -0.280224 0.334673 -2.367099 -0.136101 0.335008 3.453233 -0.102064 0.243706 8.426549 -0.079172 0.115752 3.880362 0.641794 -0.143070 -28.820635 1.256269 -3.692769 -0.507420 10.476998 19.485559 -16.538455 51.400054 0.312593 26.181671 -5.004519 15.275698 12.877192 5.544261 -2.672188 0.226761 -3.569997 -1.376207 -22.114720 -62.085661 -4.155375 36.154571 8.067644 -6.954559 20.670377 3.578436 -8.454768 -45.149689 -2.535256 2.698880 53.607573 8.571334 8.127665 -18.652268 10.794419 0.000000 -0.000000 0.000000 5.912714 -44.721328 10.465919 -14.818403 55.628477 -11.968661 -3.152407 -26.531665 -15.436987 -0.000000 0.000000 0.000000
-9.104052 86.838761 127.917902 18.380020 11.774377 -1.020749 0.540360 7.726245 -0.231376 0.254797 -2.392715 -0.111505 0.255042 3.427660 -0.085593 0.184969 8.407390 -0.066236 0.147377 4.024298 0.632070 -0.070190 -28.553727 1.215702 -3.613177 -0.371939 10.460848 18.682972 -16.278401 52.113629 0.186234 26.371248 -4.973496 15.242389 12.946879 5.537814 -2.422238 0.405637 -3.754751 -1.006738 -21.365405 -62.882577 -4.073498 35.964952 8.109561 -6.940394 20.581757 3.760116 -8.295105 -42.669349 -2.126831 3.375175 50.517158 8.893733 6.126615 -18.396144 9.505269 0.000000 0.000000 0.000000 6.281205 -42.455530 9.812192 -11.670067 52.996554 -8.526304 -4.785882 -25.609786 -15.323838 0.000000 0.000000 -0.000000
-9.046133 87.775818 128.284082 18.741980 11.248556 -0.974416 0.334171 7.685441 -0.198174 0.160957 -2.410726 -0.093336 0.161108 3.409683 -0.076967 0.115208 8.393924 -0.059172 0.186013 4.189051 0.621818 0.017356 -28.248192 1.170026 -3.556722 -0.285072 10.389994 17.965024 -15.881311 52.886911 0.076697 26.388546 -4.968432 15.183407 13.008150 5.530839 -2.109613 0.542162 -3.999008 -0.668135 -20.588441 -63.639311 -3.971232 35.764205 8.119345 -6.877708 20.477131 3.858983 -8.153978 -40.133860 -1.795760 2.913314 47.405010 8.204497 4.970869 -17.923530 8.633814 -0.000000 0.000000 0.000000 5.341573 -40.286070 10.139504 -10.882074 50.427040 -8.145184 -4.911833 -24.600965 -15.034851 0.000000 -0.000000 -0.000000
-8.962225 88.632575 128.638336 19.104779 10.650308 -0.888469 0.126397 7.678276 -0.184483 0.067630 -2.413819 -0.083824 0.067698 3.406609 -0.076946 0.045224 8.391630 -0.058636 0.222149 4.357005 0.606192 0.102534 -27.936681 1.115165 -3.411996 -0.182128 10.287730 17.272298 -15.443179 53.657368 -0.011382 26.222240 -4.971937 15.088514 13.048247 5.527860 -1.736060 0.555832 -4.269678 -0.303460 -19.792894 -64.375138 -3.821278 35.619529 8.075607 -6.785938 20.406630 3.834307 -7.727267 -37.639838 -1.792316 1.410882 44.447907 6.872096 4.788177 -17.329833 8.204166 -0.000000 -0.000000 0.000000 3.700153 -38.087919 10.906304 -11.290551 47.800648 -9.316079 -3.979034 -23.619095 -14.595004 0.000000 -0.000000 0.000000
-8.799605 89.416539 128.928634 19.433448 10.022805 -0.777417 -0.051637 7.668323 -0.196109 -0.010901 -2.418170 -0.086028 -0.010902 3.402261 -0.087136 -0.014392 8.388378 -0.065913 0.242528 4.543089 0.594868 0.152659 -27.591319 1.078547 -3.240343 -0.074861 10.205525 16.564942 -14.957135 54.426583 -0.096469 25.981859 -4.994415 14.989091 13.049864 5.530390 -1.345724 0.478290 -4.545683 0.075748 -18.966928 -65.074224 -3.630738 35.533405 7.996874 -6.667805 20.362887 3.689146 -7.191374 -35.240310 -1.964496 -0.080940 41.639498 5.718726 4.923413 -16.697913 8.211119 0.000000 -0.000000 0.000000 2.679828 -35.804430 11.237747 -11.566385 45.066320 -9.935975 -3.345486 -22.646683 -14.274166 0.000000 -0.000000 -0.000000
-8.608691 90.144251 129.269373 19.722684 9.366985 -0.645453 -0.204600 7.660674 -0.245057 -0.075973 -2.421481 -0.105187 -0.076028 3.398946 -0.112912 -0.065028 8.385902 -0.085067 0.249972 4.751112 0.601331 0.166023 -27.205019 1.085861 -3.136669 -0.058361 10.181316 15.835471 -14.391004 55.220066 -0.175401 25.785349 -5.029229 14.911279 13.057136 5.532247 -0.972009 0.350610 -4.787950 0.495796 -18.112889 -65.733447 -3.438631 35.495977 7.915579 -6.545820 20.348883 3.510041 -6.596373 -32.912411 -2.221538 -0.722207 38.979717 5.261101 4.532533 -16.141790 8.649957 -0.000000 0.000000 0.000000 3.049647 -33.409590 10.685285 -11.301979 42.234166 -9.221740 -3.694232 -21.533327 -14.066542 0.000000 -0.000000 0.000000
-8.376412 90.828845 129.661293 19.975941 8.661039 -0.537220 -0.345869 7.672948 -0.304832 -0.135162 -2.415903 -0.129323 -0.135267 3.404513 -0.143067 -0.111563 8.390091 -0.107569 0.259241 4.964091 0.617886 0.177391 -26.809476 1.112719 -3.100016 -0.153519 10.207392 15.020070 -13.794889 56.046316 -0.238654 25.703209 -5.056372 14.834607 13.095379 5.518020 -0.601403 0.256173 -4.991882 0.930530 -17.280606 -66.353053 -3.276403 35.427718 7.824889 -6.431104 20.344343 3.389368 -6.101534 -30.502554 -2.347390 -0.643293 36.322143 5.176780 3.759976 -15.719005 9.130297 0.000000 0.000000 -0.000000 3.792400 -30.892277 9.932437 -10.542840 39.366726 -7.937529 -4.452288 -20.381181 -13.829778 0.000000 -0.000000 -0.000000
-8.160466 91.477125 130.162138 20.243005 7.948972 -0.483524 -0.517809 7.696951 -0.335297 -0.209798 -2.405087 -0.139942 -0.209971 3.415306 -0.161276 -0.168830 8.398207 -0.120938 0.292790 5.163340 0.623813 0.244095 -26.439657 1.104330 -3.022694 -0.262711 10.223545 14.090455 -13.283132 56.887062 -0.287600 25.701944 -5.077113 14.755978 13.155131 5.482342 -0.197048 0.236302 -5.188471 1.315129 -16.482586 -66.966670 -3.144559 35.282534 7.777037 -6.313434 20.242617 3.341162 -5.976816 -27.968006 -2.233552 -0.330578 33.622057 5.063673 3.196003 -15.168458 9.654584 -0.000000 0.000000 -0.000000 4.300129 -28.343923 9.496572 -9.815246 36.473814 -6.952945 -5.093311 -19.171574 -13.723164 -0.000000 -0.000000 0.000000
-7.972453 92.091515 130.733544 20.547491 7.234377 -0.496500 -0.709185 7.688316 -0.332425 -0.295163 -2.408793 -0.135506 -0.295411 3.411561 -0.165522 -0.233147 8.395423 -0.123676 0.337236 5.383604 0.627023 0.334340 -26.030879 1.084495 -2.876665 -0.109926 10.202812 13.073988 -13.000671 57.706628 -0.314707 25.719292 -5.072036 14.680771 13.205183 5.441566 0.199225 0.404619 -5.352650 1.593096 -15.723355 -67.571474 -3.035647 34.968056 7.758133 -6.199970 20.019877 3.351340 -6.244379 -25.374231 -1.949173 0.007563 30.880356 4.876920 3.060609 -14.114706 9.871723 0.000000 -0.000000 0.000000 4.371168 -25.901145 9.370098 -9.062571 33.729914 -6.177398 -5.414019 -18.045197 -13.996861 0.000000 0.000000 -0.000000
-7.784440 92.674142 131.339719 20.847922 6.567570 -0.565740 -0.889925 7.669692 -0.306447 -0.377225 -2.416996 -0.121039 -0.377541 3.403309 -0.159399 -0.294246 8.389254 -0.118587 0.383180 5.597302 0.630881 0.426804 -25.634271 1.065625 -2.735728 0.054928 10.183609 12.041943 -12.744359 58.496438 -0.319941 25.735418 -5.034660 14.599929 13.229834 5.414488 0.562777 0.560153 -5.505609 1.785074 -14.931646 -68.161438 -2.931678 34.453098 7.767900 -6.087883 19.725097 3.366226 -6.739590 -22.816020 -1.660034 0.249874 28.091708 4.626692 3.176605 -12.765547 9.961753 -0.000000 -0.000000 -0.000000 4.484824 -23.629800 9.239656 -8.603106 31.142133 -5.510714 -5.627285 -16.887981 -14.306581 0.000000 -0.000000 0.000000
-7.569573 93.220897 131.936553 21.117968 5.951227 -0.657859 -1.039511 7.635197 -0.263198 -0.446492 -2.432331 -0.099486 -0.446858 3.387924 -0.144889 -0.345149 8.377725 -0.107225 0.418804 5.809690 0.624863 0.503431 -25.240043 1.032905 -2.658597 0.172101 10.143697 11.100840 -12.407285 59.245619 -0.326477 25.724120 -4.974353 14.530563 13.233259 5.407304 0.869282 0.693311 -5.670622 1.961929 -14.143634 -68.745481 -2.814012 33.812022 7.781337 -5.982610 19.428781 3.358925 -7.081060 -20.396536 -1.500079 0.231905 25.378508 4.397020 3.660218 -11.177680 9.452388 -0.000000 -0.000000 0.000000 4.413844 -21.483046 9.162972 -8.355032 28.694456 -5.035840 -5.595487 -15.714547 -14.389774 -0.000000 0.000000 -0.000000
-7.363896 93.522024 132.506321 21.359282 5.362115 -0.720096 -1.145800 7.588875 -0.246758 -0.494840 -2.452901 -0.090573 -0.495230 3.367313 -0.140891 -0.381112 8.362276 -0.103945 0.430719 6.031844 0.630956 0.525328 -24.827521 1.037883 -2.648415 0.269001 10.131955 10.272327 -11.981265 59.962997 -0.333731 25.661034 -4.929876 14.475613 13.230223 5.433307 1.114956 0.769410 -5.788462 2.167724 -13.356789 -69.311254 -2.674794 33.164156 7.765586 -5.865715 19.196618 3.311397 -7.473134 -18.107730 -1.324619 0.379904 22.772062 4.169781 3.676853 -10.314751 9.227488 0.000000 0.000000 0.000000 4.211670 -19.380487 9.293418 -8.219988 26.279521 -4.885300 -5.511622 -14.534264 -14.298119 0.000000 -0.000000 0.000000
-7.109722 93.924582 133.030570 21.581094 4.792101 -0.694892 -1.236694 7.532781 -0.276215 -0.533523 -2.477705 -0.102295 -0.533920 3.342474 -0.156546 -0.411228 8.343668 -0.115603 0.424621 6.272542 0.648620 0.504809 -24.380449 1.075846 -2.688203 0.313253 10.123180 9.561966 -11.445261 60.659857 -0.363553 25.570822 -4.909147 14.452173 13.248252 5.466242 1.296526 0.778631 -5.868503 2.466498 -12.579099 -69.860944 -2.497565 32.591983 7.742822 -5.782485 19.078561 3.208735 -7.854125 -15.973582 -1.246857 0.669443 20.416999 3.946884 3.214327 -10.126649 10.008998 -0.000000 0.000000 -0.000000 4.392476 -17.331950 9.207447 -8.272395 23.914865 -4.659729 -5.501273 -13.582202 -14.261099 -0.000000 0.000000 -0.000000
-6.930958 94.243511 133.527199 21.787654 4.250194 -0.602349 -1.353523 7.492668 -0.331872 -0.582142 -2.495299 -0.125183 -0.582555 3.324832 -0.184376 -0.449666 8.330471 -0.136422 0.438289 6.515401 0.661792 0.526590 -23.929470 1.094037 -2.725408 0.263214 10.050744 8.985048 -10.847373 61.370245 -0.397250 25.494864 -4.906857 14.404539 13.225392 5.496337 1.548484 0.632226 -5.987535 2.828332 -11.788964 -70.312467 -2.353554 32.265334 7.661602 -5.674491 18.983656 3.074541 -8.279671 -13.990430 -1.234029 0.614987 18.307384 3.654096 3.378735 -9.879227 10.463247 0.000000 0.000000 0.000000 4.457559 -15.364132 9.012559 -7.869476 21.695447 -4.213343 -5.874216 -12.794184 -14.225504 0.000000 0.000000 0.000000
-6.675106 94.492639 133.974328 21.973748 3.746492 -0.539983 -1.419464 7.437541 -0.386883 -0.608173 -2.519580 -0.148676 -0.608576 3.300523 -0.210514 -0.471044 8.312268 -0.156089 0.418210 6.766891 0.685924 0.475111 -23.462251 1.151961 -2.816522 0.181942 10.032192 8.454986 -10.211797 62.030733 -0.438114 25.420342 -4.903062 14.368304 13.210280 5.531107 1.697590 0.429442 -6.066064 3.231590 -11.001473 -70.654610 -2.222427 32.170991 7.545873 -5.606476 19.008162 3.001187 -8.636168 -12.202387 -1.262311 0.617536 16.418190 3.445300 3.446365 -9.360169 10.811322 0.000000 0.000000 0.000000 4.524474 -13.443853 8.848764 -7.351202 19.507831 -3.739621 -6.400537 -11.974349 -14.092142 -0.000000 0.000000 -0.000000
-6.457713 94.698871 134.384620 22.138644 3.300809 -0.548330 -1.475432 7.385580 -0.405754 -0.631979 -2.542567 -0.156319 -0.632372 3.277511 -0.220576 -0.489605 8.295026 -0.163597 0.398572 6.990484 0.699598 0.430223 -23.046849 1.188490 -2.829706 -0.129911 10.100488 7.887804 -9.390944 62.585369 -0.464790 25.376604 -4.907342 14.358688 13.208806 5.557977 1.854542 0.155920 -6.166231 3.555971 -10.191093 -70.929840 -2.089574 32.290312 7.502844 -5.567411 19.024824 3.004234 -8.959087 -10.559078 -1.282773 1.070491 14.669074 3.393350 3.445711 -8.475795 10.491040 -0.000000 0.000000 0.000000 4.352637 -11.677704 8.781064 -6.777947 17.427290 -3.334613 -6.814217 -11.089046 -13.795202 -0.000000 -0.000000 0.000000
-6.205153 94.885148 134.761107 22.270799 2.857183 -0.607158 -1.549795 7.349851 -0.382073 -0.666555 -2.558464 -0.144766 -0.666953 3.261574 -0.212538 -0.514948 8.283078 -0.157341 0.404918 7.195030 0.689781 0.449423 -22.667060 1.164577 -2.751839 -0.290953 10.126223 7.394446 -8.753567 63.027632 -0.470690 25.398231 -4.895943 14.376006 13.210029 5.574391 2.063893 0.015220 -6.311823 3.714500 -9.495483 -71.158966 -1.984729 32.495540 7.528591 -5.545614 18.965522 3.012535 -9.138144 -9.012817 -1.302614 1.145355 13.027912 3.338437 3.922907 -7.417811 9.578366 -0.000000 0.000000 0.000000 4.461484 -9.950500 8.634943 -6.756489 15.422530 -2.965981 -6.982447 -10.339593 -13.343542 0.000000 0.000000 0.000000
-5.977692 95.045503 135.082456 22.396715 2.470729 -0.670480 -1.627588 7.309257 -0.356798 -0.702755 -2.576535 -0.132481 -0.703154 3.243459 -0.203932 -0.541464 8.269497 -0.150652 0.417128 7.373259 0.678766 0.480585 -22.336179 1.135535 -2.678651 -0.199815 10.105267 7.048527 -8.397258 63.414389 -0.457394 25.435317 -4.875587 14.400414 13.199802 5.587344 2.266465 0.000458 -6.419125 3.732783 -8.938541 -71.363904 -1.908459 32.673169 7.584881 -5.542911 18.883964 3.026629 -9.216013 -7.684113 -1.307370 0.929386 11.582671 3.260480 4.534114 -6.610162 8.680696 0.000000 -0.000000 0.000000 4.538294 -8.387743 8.472650 -6.705610 13.593339 -2.571095 -7.094532 -9.766221 -12.868155 0.000000 -0.000000 0.000000
-5.763531 95.166961 135.327290 22.531000 2.122734 -0.711366 -1.670162 7.249744 -0.341281 -0.722697 -2.603010 -0.125158 -0.723074 3.216959 -0.198634 -0.556023 8.249624 -0.146564 0.399564 7.534281 0.676961 0.447642 -22.037046 1.140239 -2.715153 -0.124563 10.148975 6.741057 -8.023897 63.726255 -0.434101 25.514196 -4.869747 14.422497 13.181290 5.592035 2.351106 -0.011564 -6.531432 3.695912 -8.377685 -71.504115 -1.870720 32.758670 7.655348 -5.535692 18.806057 3.042078 -9.034261 -6.615107 -1.272283 0.561557 10.462482 3.106271 4.885404 -6.053127 7.979861 0.000000 0.000000 0.000000 4.396231 -7.015106 8.371182 -6.448272 12.009116 -2.306160 -7.225362 -9.286907 -12.394750 0.000000 -0.000000 -0.000000
-5.596837 95.251183 135.502169 22.650650 1.825040 -0.739012 -1.725516 7.224727 -0.322571 -0.748490 -2.614161 -0.116096 -0.748868 3.205775 -0.192194 -0.574894 8.241238 -0.141565 0.397615 7.630629 0.674647 0.445588 -21.858115 1.136203 -2.666863 -0.212815 10.235254 6.385295 -7.655104 63.952266 -0.417053 25.594902 -4.864384 14.416511 13.124144 5.560155 2.447906 -0.092717 -6.687749 3.662050 -7.900739 -71.608703 -1.853471 32.721879 7.708640 -5.529004 18.750396 3.048837 -8.890933 -5.696539 -1.268653 0.295723 9.528101 3.023156 5.045190 -5.735787 7.542715 0.000000 -0.000000 -0.000000 4.033241 -5.856485 8.325601 -6.171183 10.682845 -2.158085 -7.060405 -8.882485 -12.126961 -0.000000 0.000000 0.000000
-5.432622 95.313218 135.651416 22.764138 1.550644 -0.768465 -1.788033 7.198817 -0.295259 -0.777992 -2.625741 -0.103118 -0.778371 3.194154 -0.182215 -0.596289 8.232521 -0.133870 0.402106 7.709231 0.673296 0.455691 -21.712173 1.130894 -2.598019 -0.163949 10.288351 6.079748 -7.482037 64.146569 -0.433639 25.601188 -4.843333 14.390035 13.046926 5.481712 2.540920 -0.109689 -6.868239 3.664623 -7.557051 -71.695343 -1.829280 32.591098 7.742187 -5.524838 18.715074 3.074063 -8.887097 -4.835738 -1.304513 0.356603 8.728164 3.013060 4.897110 -5.587797 7.422414 -0.000000 0.000000 0.000000 3.743855 -4.852080 8.277348 -5.938335 9.579350 -2.017106 -6.909623 -8.571069 -12.097142 0.000000 0.000000 0.000000
-5.272274 95.364394 135.790836 22.860735 1.312874 -0.808226 -1.823806 7.164598 -0.260931 -0.796018 -2.641064 -0.087484 -0.796385 3.178806 -0.168412 -0.608804 8.220999 -0.123346 0.394540 7.790087 0.673037 0.441352 -21.561971 1.133855 -2.550507 0.014480 10.327843 5.802392 -7.462737 64.321457 -0.463248 25.538845 -4.808897 14.343711 12.994668 5.376158 2.581476 -0.122618 -7.049035 3.702403 -7.311928 -71.738550 -1.740956 32.450598 7.764768 -5.526877 18.663333 3.133288 -8.946095 -4.035024 -1.374774 0.567097 7.988651 3.073570 4.674303 -5.455315 7.369231 0.000000 0.000000 -0.000000 3.519400 -4.017353 8.242657 -5.862618 8.700581 -1.925403 -6.718723 -8.368571 -12.120730 -0.000000 0.000000 -0.000000
-5.132946 95.404315 135.926411 22.928091 1.117006 -0.850970 -1.859876 7.133373 -0.222423 -0.814421 -2.655079 -0.069984 -0.814778 3.164765 -0.152782 -0.621471 8.210456 -0.111437 0.401075 7.868659 0.661866 0.460431 -21.416128 1.108099 -2.432797 0.179043 10.360574 5.511815 -7.518585 64.447002 -0.534392 25.487521 -4.758924 14.305327 12.954304 5.301221 2.662809 -0.122227 -7.222481 3.721159 -7.217475 -71.769992 -1.540979 32.347166 7.818487 -5.528167 18.577835 3.204817 -9.035423 -3.328523 -1.417560 0.808753 7.302280 3.125183 4.453745 -5.302573 7.297140 0.000000 0.000000 -0.000000 3.371313 -3.339629 8.319468 -5.954911 7.959914 -1.972092 -6.500344 -8.191724 -12.095859 0.000000 -0.000000 -0.000000
-5.008007 95.432900 136.056460 22.971053 0.951053 -0.892017 -1.877136 7.111051 -0.189581 -0.824100 -2.665125 -0.055251 -0.824449 3.154704 -0.139032 -0.627734 8.202896 -0.100992 0.405276 7.937188 0.648242 0.476011 -21.288923 1.078755 -2.403372 0.277647 10.357817 5.374328 -7.567010 64.592144 -0.676663 25.451966 -4.746413 14.292262 12.952644 5.311569 2.736758 -0.140389 -7.351155 3.683854 -7.207323 -71.818979 -1.255618 32.255222 7.944314 -5.504238 18.526321 3.254437 -9.160909 -2.691473 -1.454466 0.909966 6.679700 3.161327 4.441691 -5.186023 7.186679 -0.000000 0.000000 -0.000000 3.255552 -2.744770 8.364512 -6.133199 7.320987 -2.003896 -6.288712 -8.029806 -11.990364 -0.000000 0.000000 -0.000000
-4.884142 95.452475 136.183462 22.987087 0.797946 -0.929213 -1.886928 7.103598 -0.167415 -0.829801 -2.668525 -0.045304 -0.830148 3.151296 -0.129664 -0.631334 8.200330 -0.093876 0.414023 7.996098 0.638187 0.498688 -21.179590 1.054273 -2.385627 0.251836 10.355919 5.329759 -7.549515 64.731543 -0.875761 25.504738 -4.791199 14.290417 13.001428 5.353717 2.807724 -0.204193 -7.438090 3.628042 -7.220769 -71.877274 -0.953593 32.154706 8.126232 -5.473699 18.552157 3.267501 -9.219704 -2.140252 -1.462668 0.837771 6.158786 3.161493 4.625990 -5.092948 7.015461 -0.000000 0.000000 -0.000000 3.097929 -2.180578 8.339036 -6.095686 6.780113 -1.949766 -6.237869 -7.900552 -11.872872 0.000000 -0.000000 -0.000000
-4.773754 95.439014 136.299053 22.988844 0.689651 -0.954971 -1.885058 7.099128 -0.159974 -0.829420 -2.670542 -0.042052 -0.829764 3.149280 -0.126374 -0.630810 8.198813 -0.091390 0.419481 8.041095 0.639144 0.509240 -21.096051 1.053282 -2.396763 0.242742 10.334415 5.395021 -7.581488 64.905140 -1.076442 25.597663 -4.895631 14.288928 13.081806 5.382172 2.833496 -0.288048 -7.476640 3.575161 -7.264515 -71.948676 -0.701456 32.017201 8.319378 -5.436225 18.620088 3.262476 -9.175354 -1.703795 -1.495516 0.715828 5.725877 3.161530 4.822946 -5.037275 6.832223 0.000000 -0.000000 0.000000 2.852539 -1.716333 8.264588 -5.761991 6.357453 -1.851675 -6.365802 -7.803772 -11.711196 0.000000 0.000000 0.000000
-4.648079 95.442466 136.385575 22.988088 0.583860 -0.983402 -1.881098 7.114432 -0.154709 -0.827970 -2.663764 -0.039714 -0.828323 3.156061 -0.123889 -0.629550 8.203896 -0.089508 0.420322 8.070175 0.648509 0.506378 -21.042030 1.071271 -2.408889 0.209381 10.319829 5.555608 -7.603988 65.060081 -1.232965 25.603436 -5.006738 14.304279 13.186934 5.382736 2.818643 -0.319340 -7.475557 3.502909 -7.368469 -72.013015 -0.560321 31.795380 8.469477 -5.427212 18.711497 3.248443 -9.108841 -1.359221 -1.529134 0.634369 5.439912 3.162508 5.028658 -5.070084 6.607495 -0.000000 -0.000000 -0.000000 2.660800 -1.354170 8.163456 -5.341559 6.124822 -1.738474 -6.643170 -7.829967 -11.499475 0.000000 0.000000 0.000000
-4.516397 95.432132 136.452512 22.980785 0.529724 -0.999209 -1.876269 7.122244 -0.156244 -0.825725 -2.660287 -0.040437 -0.826082 3.159540 -0.124384 -0.627904 8.206506 -0.089890 0.426248 8.086035 0.655804 0.514529 -21.012589 1.082669 -2.412731 0.232715 10.287381 5.766828 -7.703716 65.185172 -1.274009 25.559524 -5.068390 14.321090 13.203058 5.376276 2.780749 -0.341191 -7.448928 3.421503 -7.493132 -72.024077 -0.566317 31.602585 8.495742 -5.408918 18.727228 3.242482 -8.943760 -1.087352 -1.567180 0.554836 5.172356 3.159997 5.157126 -5.074793 6.311914 -0.000000 -0.000000 0.000000 2.568197 -1.118088 8.098790 -5.077288 5.962930 -1.700522 -6.835087 -7.854461 -11.286269 0.000000 -0.000000 0.000000
-4.431270 95.414890 136.496660 22.970687 0.515815 -1.009338 -1.871020 7.125976 -0.158043 -0.823278 -2.658623 -0.041300 -0.823637 3.161208 -0.124998 -0.626115 8.207757 -0.090365 0.430751 8.082609 0.658726 0.521947 -21.018968 1.086204 -2.404141 0.206876 10.262849 5.985308 -7.782467 65.249788 -1.202513 25.468858 -5.066706 14.348758 13.153234 5.378291 2.734774 -0.374322 -7.410434 3.337417 -7.630000 -71.992090 -0.676616 31.486506 8.448067 -5.426847 18.728179 3.222019 -8.700823 -0.890478 -1.586810 0.444836 4.944219 3.138186 5.235100 -5.094129 6.016274 0.000000 -0.000000 -0.000000 2.542195 -1.065056 8.064991 -4.998279 5.967347 -1.724778 -6.899408 -7.917950 -11.084875 0.000000 0.000000 0.000000
-4.342336 95.388922 136.542519 22.965402 0.532093 -1.016428 -1.866686 7.133460 -0.158845 -0.821297 -2.655294 -0.041691 -0.821660 3.164539 -0.125188 -0.624646 8.210255 -0.090515 0.431742 8.059108 0.657863 0.524206 -21.062617 1.084082 -2.411216 0.178940 10.233123 6.223377 -7.900287 65.267516 -1.042556 25.389563 -5.031805 14.360246 13.088223 5.401520 2.685607 -0.430746 -7.376813 3.254179 -7.780989 -71.921080 -0.861681 31.465797 8.366290 -5.455758 18.752246 3.201082 -8.658168 -0.715593 -1.605602 0.431684 4.734068 3.116590 5.383828 -5.155144 5.746495 0.000000 0.000000 0.000000 2.511164 -1.055375 8.030853 -4.991398 6.040504 -1.754073 -6.901299 -8.029992 -10.899966 0.000000 0.000000 0.000000
-4.271205 95.342424 136.608927 22.933080 0.571482 -1.029506 -1.857873 7.144217 -0.153161 -0.817714 -2.650539 -0.039263 -0.818083 3.169300 -0.122396 -0.621764 8.213821 -0.088414 0.435762 8.020831 0.651618 0.535068 -21.133738 1.069853 -2.405040 0.130498 10.206350 6.432846 -8.043396 65.237277 -0.817489 25.383069 -5.001485 14.352686 13.050104 5.415358 2.661301 -0.485667 -7.358219 3.171072 -7.966146 -71.811255 -1.104130 31.515008 8.261495 -5.490086 18.769757 3.196179 -8.701535 -0.580860 -1.643788 0.445070 4.578554 3.114410 5.587060 -5.267392 5.535630 -0.000000 0.000000 0.000000 2.560205 -1.141169 8.034201 -5.046457 6.229303 -1.817023 -6.920889 -8.204779 -10.702810 -0.000000 -0.000000 0.000000
-4.186101 95.301052 136.636768 22.898012 0.613709 -1.043103 -1.846654 7.164073 -0.143437 -0.813301 -2.641757 -0.035044 -0.813681 3.178088 -0.117729 -0.618127 8.220406 -0.084894 0.438075 7.966598 0.637627 0.546377 -21.234492 1.041190 -2.394737 0.077002 10.188228 6.600694 -8.222796 65.141341 -0.553571 25.430051 -4.967058 14.327230 13.024338 5.347648 2.637979 -0.519887 -7.343370 3.101998 -8.203565 -71.673077 -1.388519 31.556769 8.131659 -5.538431 18.778391 3.214365 -8.613507 -0.569769 -1.650960 0.345876 4.563598 3.087473 5.744460 -5.378851 5.356746 -0.000000 -0.000000 -0.000000 2.527281 -1.271965 8.044805 -5.125562 6.500426 -1.902120 -6.845744 -8.399613 -10.466251 0.000000 -0.000000 0.000000
-4.120628 95.253050 136.657146 22.820277 0.689124 -1.063381 -1.816788 7.183841 -0.130711 -0.800771 -2.633030 -0.029785 -0.801158 3.186834 -0.111197 -0.608271 8.226954 -0.080004 0.442319 7.896906 0.621419 0.562585 -21.363965 1.007178 -2.393562 0.067216 10.164830 6.783706 -8.488467 65.003054 -0.295037 25.450437 -4.922503 14.328283 13.030382 5.313991 2.618869 -0.542815 -7.328211 3.039548 -8.487504 -71.533274 -1.675034 31.535399 8.010878 -5.601678 18.751046 3.264183 -8.585429 -0.649833 -1.652308 0.388444 4.637268 3.071406 5.840396 -5.506931 5.185127 0.000000 -0.000000 -0.000000 2.515943 -1.482350 8.005096 -5.246621 6.857816 -1.942192 -6.737337 -8.631432 -10.215412 0.000000 -0.000000 -0.000000
-4.022747 95.210732 136.664826 22.714652 0.803500 -1.076626 -1.780534 7.200764 -0.122597 -0.785120 -2.625549 -0.026684 -0.785510 3.194336 -0.106506 -0.596207 8.232573 -0.076524 0.451611 7.816191 0.605124 0.588849 -21.513923 0.970412 -2.390629 0.045229 10.148390 6.999837 -8.783106 64.821458 -0.071027 25.392894 -4.866563 14.320457 12.991540 5.239935 2.601041 -0.579371 -7.317499 2.994711 -8.800002 -71.392969 -1.930356 31.443477 7.911695 -5.659886 18.674433 3.337002 -8.691229 -0.809627 -1.667007 0.555341 4.789295 3.057899 5.949081 -5.681496 5.042799 -0.000000 0.000000 -0.000000 2.571349 -1.759252 7.929480 -5.274358 7.302409 -1.939454 -6.770091 -8.920331 -9.985837 0.000000 0.000000 0.000000
-3.922353 95.172675 136.681258 22.594149 0.947805 -1.077527 -1.741493 7.219942 -0.123386 -0.767688 -2.617032 -0.027567 -0.768081 3.202877 -0.105617 -0.583081 8.238974 -0.075933 0.462033 7.728494 0.589857 0.616888 -21.676839 0.935046 -2.393877 0.003276 10.140893 7.248398 -9.095235 64.624088 0.093933 25.269606 -4.825942 14.301095 12.948949 5.192923 2.581631 -0.630147 -7.308331 2.958358 -9.130465 -71.255613 -2.148472 31.257423 7.836613 -5.699572 18.608091 3.417317 -8.827873 -1.057024 -1.711401 0.732708 5.046362 3.067139 6.087515 -5.887523 4.884097 -0.000000 0.000000 -0.000000 2.695053 -2.103553 7.866593 -5.156829 7.836994 -1.949874 -7.014700 -9.256941 -9.771270 -0.000000 -0.000000 0.000000
-3.837344 95.135563 136.708123 22.474742 1.125986 -1.061383 -1.712442 7.243597 -0.136253 -0.753968 -2.606479 -0.033634 -0.754367 3.213449 -0.110290 -0.573137 8.246906 -0.079530 0.479730 7.639922 0.576879 0.658283 -21.841389 0.900431 -2.417174 -0.035621 10.129269 7.553891 -9.451805 64.414539 0.194711 25.136220 -4.801755 14.276596 12.927379 5.157660 2.569655 -0.686741 -7.291708 2.938887 -9.492162 -71.117989 -2.312782 31.040481 7.787222 -5.740181 18.576354 3.498121 -8.931999 -1.425438 -1.735116 0.903115 5.443358 3.046978 6.199567 -6.134066 4.691092 0.000000 -0.000000 -0.000000 2.881967 -2.539493 7.818825 -5.143498 8.493496 -2.001204 -7.215950 -9.629773 -9.581847 0.000000 -0.000000 -0.000000
-3.758100 95.095724 136.734646 22.363701 1.336518 -1.027050 -1.692922 7.276201 -0.160176 -0.743814 -2.591906 -0.044422 -0.744226 3.228036 -0.120047 -0.566232 8.257855 -0.086952 0.498722 7.550513 0.564754 0.701919 -22.007484 0.866745 -2.454310 -0.092924 10.112476 7.878843 -9.837110 64.204056 0.247825 25.026095 -4.799723 14.247204 12.939737 5.138015 2.558581 -0.752371 -7.261119 2.927862 -9.893028 -70.982104 -2.417426 30.850526 7.757961 -5.772948 18.584075 3.575727 -9.024571 -1.911078 -1.750189 1.060428 5.992690 3.001515 6.310570 -6.443537 4.513895 -0.000000 -0.000000 0.000000 3.102307 -3.087708 7.784017 -5.316880 9.275079 -2.071617 -7.280506 -9.985061 -9.450444 0.000000 0.000000 -0.000000
-3.725636 95.048785 136.748068 22.268710 1.589244 -0.977993 -1.689754 7.311820 -0.189432 -0.740609 -2.575969 -0.057306 -0.741039 3.243977 -0.132607 -0.564738 8.269824 -0.096458 0.520241 7.459655 0.551730 0.751148 -22.176258 0.829862 -2.495544 -0.210692 10.088433 8.200786 -10.204502 63.991910 0.272329 24.971423 -4.802037 14.203319 12.949838 5.123178 2.549639 -0.827617 -7.222100 2.917328 -10.313252 -70.863691 -2.458622 30.712140 7.769963 -5.790267 18.613454 3.646907 -9.083264 -2.545974 -1.808718 1.056132 6.754420 2.985285 6.523841 -6.850373 4.418259 0.000000 -0.000000 -0.000000 3.130035 -3.837123 7.787456 -5.563169 10.272687 -2.187777 -7.106133 -10.336746 -9.427803 -0.000000 0.000000 0.000000
-3.693885 94.991412 136.743344 22.182590 1.897707 -0.929527 -1.687644 7.340190 -0.215883 -0.738046 -2.563263 -0.068957 -0.738489 3.256685 -0.143997 -0.563638 8.279367 -0.105080 0.528181 7.360607 0.539817 0.772910 -22.360202 0.802044 -2.543025 -0.292012 10.051339 8.544101 -10.626069 63.762816 0.267250 24.927468 -4.803702 14.167055 12.940704 5.140176 2.523705 -0.888029 -7.164070 2.888139 -10.749400 -70.779578 -2.435325 30.595077 7.842533 -5.814808 18.652147 3.689190 -9.027902 -3.435179 -1.884953 0.871457 7.862371 2.993185 6.807473 -7.366868 4.370587 0.000000 0.000000 0.000000 3.123758 -4.676188 7.779888 -5.924160 11.398740 -2.321669 -6.811426 -10.753881 -9.407015 -0.000000 0.000000 -0.000000
-3.717518 94.911597 136.706059 22.076039 2.277745 -0.885634 -1.668593 7.356639 -0.238161 -0.728199 -2.555880 -0.079071 -0.728646 3.264081 -0.153111 -0.556912 8.284921 -0.112024 0.535544 7.251362 0.529087 0.792984 -22.563079 0.776788 -2.600282 -0.325395 9.996900 8.928675 -11.101951 63.515182 0.271721 24.905730 -4.797268 14.137050 12.862694 5.179280 2.485976 -0.957797 -7.092629 2.802869 -11.184281 -70.682506 -2.406444 30.484212 7.883413 -5.802293 18.676325 3.704521 -8.788427 -4.599968 -1.942687 0.611837 9.291784 3.003026 6.968072 -7.878552 4.316136 -0.000000 -0.000000 0.000000 3.035391 -5.775914 7.798053 -6.204655 12.796903 -2.487749 -6.523424 -11.209192 -9.424003 -0.000000 -0.000000 -0.000000
-3.738813 94.820810 136.597948 21.937167 2.695730 -0.840185 -1.638630 7.381005 -0.260630 -0.713478 -2.544985 -0.089416 -0.713928 3.274995 -0.161960 -0.546514 8.293111 -0.118789 0.545574 7.130446 0.518886 0.818179 -22.787629 0.751108 -2.641274 -0.319726 9.928652 9.390365 -11.633701 63.237692 0.248814 24.874622 -4.799811 14.144243 12.737625 5.232621 2.464853 -1.022174 -6.991810 2.650434 -11.639106 -70.609928 -2.359648 30.352817 7.924406 -5.785811 18.717780 3.676662 -8.339760 -6.067000 -1.982052 0.435992 11.049004 2.985758 6.412372 -8.100229 4.739897 0.000000 0.000000 -0.000000 3.245071 -7.088578 7.698827 -6.511971 14.420475 -2.581239 -6.486527 -11.697498 -9.410099 0.000000 -0.000000 0.000000
-3.775830 94.728336 136.439547 21.771005 3.137798 -0.768689 -1.602755 7.407054 -0.293677 -0.695476 -2.533311 -0.104539 -0.695927 3.286692 -0.175253 -0.533973 8.301892 -0.128937 0.558475 7.022936 0.513590 0.846647 -22.987286 0.733645 -2.672347 -0.257290 9.840551 9.929928 -12.200924 62.936799 0.228626 24.857233 -4.817651 14.141030 12.601437 5.298340 2.454319 -1.066114 -6.872685 2.456456 -12.119135 -70.546421 -2.307108 30.244747 7.945373 -5.763690 18.772129 3.632089 -7.919166 -7.800772 -2.072029 0.513197 13.151973 3.081315 5.675748 -7.844091 5.367124 0.000000 0.000000 0.000000 3.684596 -8.565088 7.538525 -6.877666 16.246711 -2.680936 -6.615380 -12.257884 -9.382226 -0.000000 -0.000000 0.000000
-3.831951 94.613253 136.230173 21.573278 3.576562 -0.673748 -1.559020 7.457097 -0.339616 -0.673164 -2.510939 -0.125419 -0.673625 3.309091 -0.193866 -0.518586 8.318702 -0.143127 0.570291 6.929945 0.513786 0.870147 -23.159989 0.727672 -2.676187 -0.178312 9.749764 10.536902 -12.790450 62.576021 0.219889 24.862031 -4.845107 14.080918 12.541023 5.394126 2.445806 -1.089848 -6.722695 2.232894 -12.639042 -70.497733 -2.263315 30.179512 7.953376 -5.739270 18.842373 3.567787 -7.767388 -9.719249 -2.216688 0.812001 15.608447 3.301477 5.144854 -7.950182 6.041647 -0.000000 -0.000000 -0.000000 3.929526 -10.172583 7.402479 -7.092257 18.284673 -2.864315 -6.725125 -12.858956 -9.359444 -0.000000 -0.000000 0.000000
-3.925488 94.436991 136.014745 21.350279 4.005624 -0.550658 -1.481460 7.535287 -0.402175 -0.634744 -2.476037 -0.154122 -0.635214 3.344037 -0.218665 -0.491563 8.344920 -0.162078 0.557158 6.848289 0.521942 0.839622 -23.311642 0.750708 -2.720298 -0.055622 9.664094 11.216576 -13.425747 62.162883 0.210950 24.910411 -4.918541 13.979419 12.549226 5.515303 2.379223 -1.101519 -6.519852 1.953457 -13.187911 -70.455690 -2.235247 30.165853 7.949438 -5.723918 18.964939 3.496234 -7.646108 -11.792942 -2.470697 0.987009 18.392400 3.633733 4.949363 -8.461164 6.437221 0.000000 -0.000000 -0.000000 4.122551 -11.899426 7.394813 -7.392673 20.578389 -3.188471 -6.745859 -13.648659 -9.451501 -0.000000 -0.000000 0.000000
-4.083090 94.185275 135.765794 21.124144 4.382272 -0.384758 -1.406893 7.658991 -0.480109 -0.596640 -2.420876 -0.189456 -0.597135 3.399240 -0.250128 -0.465253 8.386332 -0.186063 0.537206 6.771241 0.525107 0.798018 -23.454716 0.767431 -2.698153 0.060508 9.579697 11.910637 -14.078205 61.660143 0.196239 24.899929 -4.991567 13.862715 12.579354 5.650740 2.312402 -1.120587 -6.306372 1.580282 -13.736872 -70.390872 -2.209823 30.180753 7.947212 -5.705516 18.955902 3.422459 -7.089332 -14.065086 -2.903153 0.833965 21.482810 4.027439 4.894597 -8.919342 6.800288 0.000000 -0.191332 0.000000 4.478613 -13.685168 7.403655 -7.908413 22.960397 -3.638632 -6.677444 -14.355606 -9.812420 -0.000000 0.000000 -0.000000
-4.274297 93.848920 135.472795 20.931743 4.743930 -0.190882 -1.340337 7.812182 -0.569462 -0.561316 -2.352587 -0.229646 -0.561846 3.467565 -0.286729 -0.441387 8.437585 -0.213925 0.505569 6.687887 0.522299 0.736095 -23.609468 0.778447 -2.658212 -0.048945 9.546688 12.573538 -14.537327 61.126654 0.186105 24.745100 -5.057104 13.743670 12.580187 5.774898 2.228152 -1.162720 -6.086433 1.091243 -14.271717 -70.254636 -2.197183 30.217705 7.947196 -5.690968 19.008051 3.376577 -6.788630 -16.494805 -3.331193 1.231284 24.797000 4.520565 4.712559 -9.432928 7.186039 0.000000 -1.237122 -0.000000 4.653080 -15.604550 7.422666 -8.242497 25.654164 -4.150452 -6.559898 -15.105131 -10.473612 0.000000 0.000000 0.000000
-4.451864 93.428762 135.183458 20.769975 5.097616 -0.025343 -1.297822 7.995628 -0.641108 -0.537693 -2.270895 -0.261511 -0.538274 3.549281 -0.316197 -0.425777 8.498878 -0.236320 0.483785 6.579081 0.503236 0.702420 -23.811482 0.751751 -2.666016 -0.110071 9.437729 13.323568 -15.101821 60.604787 0.189134 24.451331 -5.093509 13.642355 12.563201 5.921230 2.185645 -1.227445 -5.892240 0.471147 -14.818021 -70.019051 -2.200911 30.198139 7.938454 -5.679657 19.004602 3.286801 -7.004470 -18.843875 -3.741303 2.062969 28.129689 5.264011 4.804626 -10.113971 7.456732 0.000000 -2.028215 0.000000 4.780603 -17.532652 7.466478 -8.649751 28.369228 -4.814603 -6.550325 -15.915485 -11.033151 0.000000 0.000000 0.000000
-4.579094 92.931733 134.879570 20.664568 5.420064 0.107591 -1.274793 8.209690 -0.691218 -0.523989 -2.175641 -0.283417 -0.524641 3.644547 -0.336714 -0.416961 8.570332 -0.251881 0.466367 6.448604 0.472604 0.683661 -24.053740 0.699515 -2.651661 -0.158350 9.318714 13.981165 -15.734197 60.058872 0.225351 24.194932 -5.117527 13.577264 12.518830 6.058624 2.158954 -1.355094 -5.739203 -0.219735 -15.342834 -69.704078 -2.207907 30.127566 7.954363 -5.663334 19.024193 3.224042 -7.051328 -21.041565 -4.211830 2.472766 31.297642 6.001296 5.174924 -10.781443 7.643875 0.000000 -2.737843 0.000000 4.940110 -19.592232 7.393461 -9.172812 31.273454 -5.469548 -6.731734 -16.774472 -11.383322 0.000000 -0.000000 0.000000
-4.661913 92.371368 134.588097 20.571851 5.703699 0.193473 -1.234065 8.437510 -0.725963 -0.503309 -2.074348 -0.298808 -0.504024 3.745859 -0.350007 -0.402391 8.646310 -0.262018 0.444348 6.306803 0.445765 0.653692 -24.317029 0.657302 -2.662403 -0.318532 9.284327 14.500088 -16.282096 59.477173 0.284650 24.056000 -5.140959 13.559563 12.472023 6.153188 2.088689 -1.445940 -5.610224 -0.907648 -15.912862 -69.312733 -2.233536 30.008504 7.987709 -5.644392 19.029605 3.176320 -6.529511 -23.121836 -4.729617 2.272326 34.279097 6.428007 5.376850 -11.475251 7.806342 -0.000000 -3.152683 -0.000000 5.449148 -21.508016 7.354368 -9.885296 34.161197 -6.183247 -7.085682 -17.860645 -11.600749 -0.000000 -0.000000 0.000000
-4.675645 91.763980 134.348321 20.467753 6.054230 0.180844 -1.206508 8.609824 -0.705935 -0.492037 -1.997864 -0.289920 -0.492802 3.822353 -0.339977 -0.393222 8.703670 -0.254449 0.449117 6.189559 0.410370 0.682322 -24.534720 0.583404 -2.611811 -0.434820 9.214274 14.929266 -16.883097 58.894059 0.336728 24.011950 -5.158745 13.566324 12.454674 6.199466 2.037662 -1.382374 -5.588597 -1.519954 -16.614978 -68.811749 -2.289798 29.850011 8.001026 -5.634635 18.939744 3.203774 -6.234054 -25.002409 -5.035779 2.002334 37.080936 6.681722 5.722724 -12.415134 7.748282 0.000000 -3.383075 -0.000000 6.064397 -23.505558 7.252527 -10.108375 37.155599 -6.570256 -7.820751 -18.965165 -11.766349 0.000000 0.000000 -0.000000
-4.693320 91.124157 134.210514 20.352791 6.457834 0.075744 -1.164366 8.728237 -0.646617 -0.476881 -1.945460 -0.264112 -0.477669 3.874770 -0.312630 -0.379917 8.742961 -0.233801 0.455483 6.104915 0.379145 0.712084 -24.691852 0.516920 -2.538051 -0.344506 9.160992 15.318164 -17.653216 58.244457 0.382896 24.022268 -5.156100 13.550462 12.480278 6.218891 1.981720 -1.231812 -5.563802 -2.005492 -17.402613 -68.284399 -2.352835 29.705082 7.992984 -5.657243 18.957883 3.177462 -6.733549 -26.772599 -4.931708 1.794785 39.740172 6.675332 6.618804 -13.318776 7.463635 -0.000000 -3.906674 0.000000 7.081496 -25.573467 7.282925 -10.756299 40.049279 -7.141499 -8.613555 -19.955154 -11.900057 -0.000000 0.000000 0.000000
-4.642854 90.445962 134.096512 20.222020 6.910312 -0.010849 -1.126900 8.812329 -0.605402 -0.462723 -1.908244 -0.246348 -0.463519 3.911997 -0.293428 -0.367939 8.770865 -0.219325 0.467198 6.019289 0.359763 0.746334 -24.850814 0.471268 -2.534467 -0.251113 9.109385 15.761390 -18.397762 57.613561 0.440815 24.070529 -5.136433 13.498083 12.527011 6.226604 1.950577 -1.061757 -5.529816 -2.343319 -18.238023 -67.752985 -2.470013 29.591249 7.928695 -5.656422 18.920009 3.228601 -7.158398 -28.743546 -4.956016 1.511757 42.505366 6.512006 7.490417 -13.993118 7.341973 -0.000000 -4.866855 0.000000 7.878491 -27.712495 7.258366 -11.317259 43.075835 -7.656279 -9.450073 -20.852358 -12.094053 -0.000000 -0.000000 0.000000
-4.566593 89.687237 133.925148 20.082436 7.331525 -0.019610 -1.096077 8.896070 -0.615273 -0.448256 -1.871041 -0.251068 -0.449056 3.949213 -0.296679 -0.357312 8.798771 -0.221862 0.479903 5.926017 0.360048 0.771981 -25.024020 0.464625 -2.563426 -0.144277 9.098877 16.302852 -19.071946 56.963159 0.492524 24.066948 -5.110167 13.415091 12.569132 6.275208 1.926160 -0.863634 -5.466590 -2.554167 -19.101005 -67.227031 -2.616459 29.533290 7.834158 -5.649841 18.854094 3.301104 -6.399956 -31.029194 -5.674858 1.035214 45.751512 6.809448 7.839530 -14.581663 7.361581 0.000000 -6.131462 0.000000 8.175174 -29.978477 7.360953 -11.798210 46.349683 -8.299730 -10.141040 -21.667057 -12.501014 0.000000 -0.000000 0.000000
-4.504768 88.826196 133.680997 19.946030 7.687927 0.017464 -1.074497 9.020708 -0.657110 -0.435779 -1.815570 -0.269642 -0.436597 4.004693 -0.313985 -0.349168 8.840383 -0.235029 0.490272 5.800325 0.371368 0.786973 -25.257471 0.481396 -2.589801 -0.008525 9.082745 16.952731 -19.725728 56.302308 0.537557 24.004318 -5.078177 13.343279 12.585451 6.349362 1.825684 -0.698293 -5.438510 -2.631031 -19.962712 -66.640108 -2.768814 29.495063 7.709403 -5.650349 18.794219 3.378805 -5.233846 -33.443185 -6.701664 1.336110 49.219640 7.848661 7.572057 -15.175895 7.505198 0.000000 -7.203649 0.000000 8.439469 -32.387608 7.496315 -13.137837 49.720920 -9.660458 -10.394720 -22.311395 -12.903660 0.000000 0.000000 0.000000
-4.483004 87.862584 133.419297 19.824313 8.045953 0.051148 -1.065184 9.184281 -0.693592 -0.429022 -1.742793 -0.285503 -0.429881 4.077475 -0.329162 -0.345162 8.894972 -0.246541 0.499147 5.646601 0.375085 0.803192 -25.542957 0.483509 -2.524362 0.133439 9.023616 17.638172 -20.397581 55.608750 0.579155 23.901230 -5.039724 13.322680 12.579151 6.413891 1.684504 -0.556512 -5.402556 -2.647434 -20.849293 -66.069766 -2.918326 29.436244 7.591054 -5.594073 18.830167 3.428232 -4.017725 -35.827919 -7.987639 2.275805 52.636701 9.571820 7.257741 -15.617613 7.683009 -0.000000 -8.402653 0.000000 7.943416 -34.814876 8.325204 -14.527364 53.105170 -11.823778 -10.506491 -22.796017 -13.489776 -0.000000 0.000000 0.000000
-4.508474 86.815621 133.162911 19.698142 8.449017 0.046337 -1.037152 9.350683 -0.710620 -0.415174 -1.668837 -0.293134 -0.416058 4.151441 -0.335388 -0.335200 8.950441 -0.251321 0.497333 5.475677 0.377784 0.798378 -25.860393 0.489404 -2.480524 0.235215 8.964231 18.381775 -20.988773 54.911996 0.625480 23.785681 -5.022220 13.322756 12.557919 6.456835 1.487626 -0.394696 -5.291435 -2.673908 -21.750942 -65.521511 -3.044452 29.349287 7.467723 -5.584193 18.813846 3.493992 -3.399611 -38.238348 -8.959021 3.343197 55.966696 11.162309 7.408588 -15.878920 7.875370 0.000000 -9.713674 0.000000 7.026010 -37.275686 9.487617 -16.081939 56.477807 -14.408890 -10.617309 -23.161759 -14.167217 -0.000000 -0.000000 -0.000000
-4.598751 85.702080 132.930719 19.587610 8.855044 0.035368 -1.071561 9.517754 -0.701617 -0.430803 -1.594555 -0.287996 -0.431779 4.225712 -0.331845 -0.346678 9.006151 -0.248496 0.531031 5.316806 0.345375 0.885321 -26.155263 0.404157 -2.322397 0.327184 8.822446 19.129950 -21.530281 54.227915 0.673478 23.719360 -5.018117 13.316283 12.563634 6.503231 1.440802 -0.444558 -5.248548 -2.770082 -22.410199 -64.969661 -3.110142 29.265674 7.389155 -5.617897 18.718278 3.558392 -3.476132 -40.805361 -9.292672 4.689186 59.318313 12.407559 7.692384 -16.172999 8.052254 -0.000000 -10.733698 -0.000000 6.363186 -39.636915 10.578036 -18.382449 59.656319 -17.451734 -10.744591 -23.585280 -14.865398 -0.000000 -0.000000 -0.000000
-4.679841 84.535430 132.718318 19.491216 9.218210 0.036509 -1.124007 9.689786 -0.689442 -0.454662 -1.518052 -0.281042 -0.455756 4.302196 -0.327324 -0.364269 9.063526 -0.244867 0.569816 5.171530 0.311187 0.984034 -26.424781 0.312028 -2.184325 0.174024 8.701529 19.881476 -21.768561 53.594314 0.684753 23.715558 -5.026349 13.317454 12.591034 6.548522 1.430850 -0.602626 -5.277317 -2.968663 -22.869167 -64.400937 -3.105437 29.138788 7.409132 -5.595308 18.703969 3.585301 -3.306633 -43.191318 -9.878084 6.581530 62.464609 14.312488 7.857012 -16.598983 8.173516 0.000000 -11.466147 0.000000 5.494199 -41.917010 11.761796 -21.127307 62.769675 -20.987479 -10.977554 -24.090064 -15.472028 0.000000 0.000000 -0.000000
-4.732298 83.376931 132.526049 19.432550 9.622384 0.021058 -1.137562 9.802972 -0.677276 -0.461316 -1.467760 -0.275055 -0.462469 4.352483 -0.322017 -0.368892 9.101242 -0.240772 0.564752 5.075751 0.300195 0.980454 -26.602610 0.291873 -2.101596 0.203075 8.660760 20.681598 -22.060570 52.865932 0.649584 23.731085 -5.028930 13.317081 12.617096 6.599041 1.280210 -0.621911 -5.247085 -3.228801 -23.323708 -63.822358 -3.051471 28.942839 7.483156 -5.588946 18.666021 3.615269 -3.639343 -45.343580 -10.212396 9.076259 65.130506 16.708634 8.113331 -17.008699 8.189494 -0.000000 -12.072634 -0.000000 5.087362 -44.224618 12.588938 -24.563504 65.537623 -24.776403 -11.461969 -24.368429 -15.993643 -0.000000 0.000000 0.000000
-4.785545 82.240757 132.361654 19.374771 10.061945 -0.059473 -1.110213 9.861616 -0.647117 -0.451054 -1.441813 -0.262147 -0.452203 4.378438 -0.308067 -0.360211 9.120697 -0.230259 0.537237 5.036519 0.306447 0.921058 -26.675593 0.319945 -2.140814 0.431659 8.644328 21.586047 -22.452233 52.100615 0.575129 23.764326 -5.026525 13.334367 12.645956 6.646021 1.060058 -0.547774 -5.167948 -3.525487 -23.758353 -63.193624 -2.996251 28.669360 7.519071 -5.602180 18.599071 3.639494 -3.955464 -47.399939 -10.491866 11.771053 67.605124 19.488184 8.484966 -17.314291 8.214424 -0.000000 -12.772720 0.000000 4.712245 -46.511261 13.425258 -28.869679 68.068903 -29.294825 -11.956971 -24.619004 -16.475908 0.000000 0.000000 0.000000
-4.834178 81.118131 132.192412 19.312768 10.546305 -0.168115 -1.113341 9.905090 -0.580921 -0.456773 -1.422658 -0.232728 -0.457956 4.397589 -0.279231 -0.362491 9.135050 -0.208350 0.537634 4.976319 0.279963 0.937206 -26.787252 0.265357 -2.146266 0.523312 8.570235 22.406098 -22.740922 51.421641 0.530191 23.796626 -5.024742 13.362256 12.663339 6.678738 0.916073 -0.408941 -5.093866 -3.764326 -24.274492 -62.637913 -2.954062 28.387401 7.526578 -5.600046 18.519617 3.663199 -4.668105 -49.601447 -10.481727 14.888711 70.050582 22.494530 9.149090 -17.208638 8.486235 0.000000 -13.978222 -0.000000 4.155500 -48.836065 14.361451 -34.468040 70.334423 -35.175324 -12.319213 -24.764321 -16.803770 0.000000 -0.000000 0.000000
-4.907939 79.983769 131.980847 19.222190 11.042858 -0.238442 -1.124749 9.930233 -0.523011 -0.465661 -1.411618 -0.206843 -0.466879 4.408621 -0.254252 -0.367421 9.143316 -0.189346 0.555041 4.882445 0.246935 0.992095 -26.961323 0.187391 -2.131345 0.568041 8.435604 23.061365 -22.973008 50.897941 0.556328 23.774291 -5.038703 13.401083 12.656323 6.683860 0.823272 -0.301483 -5.029385 -3.881261 -24.756538 -62.173763 -2.946092 28.214586 7.521576 -5.587838 18.451800 3.674261 -5.464309 -52.124607 -10.420372 18.544131 72.670060 25.869579 10.159092 -16.637493 9.096537 -0.000000 -15.568436 0.000000 3.753560 -51.174777 15.258054 -41.431812 72.166549 -42.307397 -12.580518 -24.720767 -17.143025 -0.000000 -0.000000 0.000000
-5.013695 78.795264 131.713741 19.091691 11.500680 -0.258372 -1.156764 10.010889 -0.482855 -0.482477 -1.375842 -0.188199 -0.483772 4.444383 -0.237322 -0.378870 9.170135 -0.176369 0.599302 4.740050 0.215339 1.101675 -27.225317 0.096285 -2.022550 0.661874 8.204523 23.608454 -23.341732 50.404649 0.662221 23.725107 -5.030528 13.451688 12.659984 6.680371 0.832740 -0.299154 -4.989953 -3.905403 -25.260211 -61.770174 -2.977716 28.176148 7.475308 -5.584330 18.434209 3.659180 -5.363766 -54.813834 -11.122100 24.613111 75.314305 31.954899 11.152831 -15.960082 9.833548 0.000000 -17.019511 0.000000 3.003421 -53.449890 16.485148 -49.468209 73.622074 -50.717684 -12.776835 -24.637402 -17.471578 -0.000000 -0.000000 0.000000
-5.125198 77.561162 131.408668 18.955166 11.897897 -0.270521 -1.177203 10.161830 -0.436383 -0.494501 -1.308860 -0.166811 -0.495890 4.511355 -0.217164 -0.386504 9.220357 -0.160957 0.635877 4.554850 0.175941 1.200990 -27.568685 -0.007375 -1.828435 0.626860 7.996153 24.016740 -23.651720 49.887398 0.794531 23.734992 -5.025314 13.489325 12.678358 6.687372 0.834165 -0.414160 -4.997309 -3.952159 -25.725621 -61.343461 -3.037079 28.202435 7.412072 -5.600436 18.447392 3.659079 -4.031287 -57.358845 -12.865542 33.996232 77.399718 41.793065 11.915007 -15.346160 10.587058 -0.000000 -17.934942 -0.000000 2.095405 -55.589761 17.851375 -58.746962 74.481060 -60.430293 -12.828938 -24.498460 -17.699364 -0.000000 -0.000000 -0.000000
-5.202898 76.329363 131.056746 18.852353 12.238259 -0.302452 -1.180114 10.340273 -0.375771 -0.499681 -1.229710 -0.139493 -0.501158 4.590500 -0.190379 -0.388544 9.279701 -0.140558 0.655345 4.378571 0.126150 1.271829 -27.895415 -0.122970 -1.605216 0.676582 7.839705 24.410577 -24.022048 49.249700 0.864716 23.812418 -5.014017 13.528436 12.687946 6.644870 0.776111 -0.477041 -4.989756 -4.089319 -26.222049 -60.866588 -3.079916 28.253671 7.340302 -5.601087 18.349377 3.660200 -1.634273 -59.547816 -15.519860 45.584821 78.593754 54.203045 12.341928 -14.923669 11.222481 -0.000000 -18.286124 -0.000000 1.493072 -57.676062 18.771872 -67.974293 74.896922 -69.820041 -12.764351 -24.143200 -17.919015 -0.000000 -0.000000 -0.000000
-5.306109 75.120137 130.694763 18.728536 12.587212 -0.400043 -1.088823 10.499742 -0.305703 -0.463657 -1.159077 -0.110202 -0.465088 4.661164 -0.157425 -0.359210 9.332668 -0.115800 0.632251 4.222065 0.090448 1.247214 -28.185890 -0.184930 -1.531772 0.772964 7.767010 24.821825 -24.424534 48.573866 0.873174 23.917526 -4.991618 13.547414 12.677794 6.611642 0.556443 -0.567053 -4.898012 -4.327453 -26.625652 -60.351242 -3.110785 28.258462 7.282004 -5.619069 18.275903 3.679553 0.650474 -61.494305 -17.907488 58.033851 78.970756 67.482521 12.297291 -14.730762 11.525570 0.000000 -18.397331 -0.000000 0.546464 -59.720205 20.031398 -76.931883 74.911293 -78.943254 -12.597850 -23.759588 -18.275819 0.000000 -0.000000 -0.000000
-5.442167 73.957933 130.339464 18.606750 12.935856 -0.531739 -1.044243 10.627319 -0.226401 -0.449110 -1.102587 -0.075921 -0.450544 4.717665 -0.121665 -0.345814 9.375019 -0.088761 0.658366 4.088028 0.068456 1.315699 -28.434324 -0.247471 -1.442382 0.703635 7.738291 25.237219 -24.621360 47.968722 0.826063 24.014876 -4.991858 13.550291 12.679212 6.643004 0.438584 -0.591075 -4.824868 -4.617511 -27.007618 -59.847871 -3.122408 28.237320 7.268303 -5.641124 18.185489 3.702798 2.105095 -63.299080 -19.401615 69.238542 78.984199 79.218204 12.092474 -14.607611 11.660177 0.000000 -18.603944 0.000000 -0.568587 -61.745997 21.409218 -85.467563 74.581368 -87.625252 -12.481897 -23.328167 -18.590725 -0.000000 -0.000000 -0.000000
-5.657422 72.848999 129.995330 18.487027 13.310831 -0.632175 -0.988386 10.708384 -0.184154 -0.427089 -1.066676 -0.058384 -0.428482 4.753594 -0.101888 -0.327909 9.401949 -0.073913 0.678412 3.968693 0.097641 1.341424 -28.656073 -0.200948 -1.494701 0.736840 7.706456 25.683688 -24.885370 47.471249 0.773841 24.033939 -5.000243 13.558251 12.717701 6.660529 0.294162 -0.474763 -4.687866 -4.886333 -27.466437 -59.378075 -3.153156 28.214409 7.265732 -5.661083 18.106665 3.719074 2.987459 -65.134759 -20.393151 78.937108 79.120123 89.121165 12.277707 -14.213996 11.977739 0.000000 -19.143712 -0.000000 -2.162928 -63.698259 23.359071 -92.517841 74.190889 -94.857431 -12.750184 -22.703723 -19.065340 -0.000000 -0.000000 0.000000
-5.883339 71.784201 129.619373 18.350126 13.648744 -0.662030 -0.926363 10.814888 -0.179913 -0.399734 -1.019372 -0.057720 -0.401071 4.800917 -0.098441 -0.307132 9.437434 -0.071485 0.689508 3.819810 0.140890 1.340622 -28.932932 -0.120425 -1.577400 0.750942 7.679921 26.100353 -25.136042 47.026046 0.764753 23.943606 -5.009385 13.577441 12.745004 6.664762 0.166487 -0.481810 -4.595243 -5.117425 -27.854094 -58.912587 -3.233816 28.183651 7.247141 -5.705097 17.992150 3.708344 4.298445 -67.052301 -21.910446 88.833645 79.283076 99.118105 12.849822 -13.687329 12.448663 0.000000 -20.570992 0.000000 -3.841091 -65.544037 25.396282 -98.937776 73.592274 -101.461120 -13.076623 -22.126914 -19.478193 -0.000000 0.000000 -0.000000
-6.088401 70.760184 129.245058 18.217702 13.928688 -0.603720 -0.861529 10.934416 -0.224196 -0.367798 -0.966189 -0.078516 -0.369061 4.854122 -0.115986 -0.284364 9.477342 -0.085015 0.682339 3.648280 0.167989 1.311771 -29.251820 -0.062455 -1.595466 0.850438 7.592707 26.365270 -25.463348 46.681436 0.792371 23.858647 -5.030623 13.619614 12.749178 6.631695 0.009078 -0.471583 -4.479599 -5.278903 -28.261139 -58.474893 -3.380475 28.108550 7.184514 -5.712274 17.999340 3.699611 6.098780 -68.896551 -23.947101 98.390775 79.190171 108.663590 13.808830 -12.904243 13.160485 -0.000000 -20.958554 0.000000 -5.146925 -67.305660 26.973405 -104.794504 72.912371 -107.339149 -13.439363 -21.606561 -19.810993 -0.000000 0.000000 0.000000
-6.218172 69.767979 128.827919 18.087453 14.138183 -0.523425 -0.807698 11.060039 -0.273827 -0.340363 -0.910292 -0.101419 -0.341562 4.910036 -0.136097 -0.265149 9.519280 -0.100461 0.678405 3.461798 0.146288 1.319109 -29.597938 -0.107625 -1.592250 1.011666 7.477330 26.668630 -25.741884 46.328260 0.817231 23.791555 -5.039816 13.670138 12.731088 6.559524 -0.084960 -0.428493 -4.402467 -5.487100 -28.648984 -58.001085 -3.566195 28.001337 7.083366 -5.749410 17.993460 3.703188 8.980148 -70.629518 -27.035580 106.681305 78.396084 117.098310 14.555624 -12.173047 13.843271 -0.000000 -21.218820 -0.000000 -6.034917 -68.996507 27.978771 -109.496418 72.035483 -111.999726 -13.556890 -20.906702 -20.027377 0.000000 -0.000000 -0.000000
-6.314395 68.782042 128.416821 17.944175 14.299065 -0.502825 -0.721609 11.175890 -0.275714 -0.301863 -0.858849 -0.104101 -0.302953 4.961501 -0.134858 -0.236140 9.557870 -0.099813 0.657826 3.301749 0.083419 1.316808 -29.894664 -0.228034 -1.514108 1.180620 7.359341 26.882666 -25.928290 45.951583 0.827396 23.771305 -5.049321 13.704392 12.716654 6.548906 -0.204320 -0.344362 -4.355201 -5.743288 -29.000546 -57.506172 -3.748132 27.903048 6.983984 -5.796247 17.967318 3.726036 12.342482 -72.209522 -30.485859 112.564876 76.924467 123.303851 14.707320 -11.674796 14.268369 0.000000 -21.208854 -0.000000 -7.633134 -70.538490 29.685982 -112.996101 70.741499 -115.750809 -13.255589 -20.159593 -20.137172 -0.000000 -0.000000 -0.000000
-6.391258 67.796396 128.021155 17.786394 14.432558 -0.544540 -0.638295 11.334559 -0.255498 -0.266105 -0.788407 -0.096952 -0.267098 5.031962 -0.124069 -0.208530 9.610704 -0.091898 0.648920 3.129718 0.016869 1.341666 -30.213446 -0.363840 -1.403297 1.190783 7.282701 27.074626 -26.032013 45.590367 0.798759 23.832954 -5.078412 13.740656 12.717681 6.567537 -0.298203 -0.321404 -4.282665 -6.003864 -29.354249 -57.048007 -3.898075 27.841569 6.923612 -5.833480 17.891168 3.794733 15.699282 -73.626380 -33.870296 116.461096 75.235725 127.630829 14.407896 -11.326235 14.482390 0.000000 -21.157290 -0.000000 -10.099427 -71.953250 32.230646 -115.674190 69.250034 -118.914693 -12.711930 -19.420749 -20.208138 0.000000 -0.839151 -0.000000
-6.477316 66.822519 127.655487 17.634386 14.507724 -0.600800 -0.568924 11.496230 -0.255736 -0.235135 -0.716590 -0.098524 -0.236042 5.103792 -0.122487 -0.185150 9.664570 -0.090934 0.649491 2.982718 -0.013323 1.363924 -30.486048 -0.429694 -1.361656 1.200974 7.260287 27.268623 -26.166773 45.271538 0.760043 23.974628 -5.083546 13.778493 12.744823 6.595194 -0.417176 -0.227901 -4.144847 -6.201082 -29.732026 -56.636842 -4.016853 27.824775 6.898839 -5.863189 17.780527 3.883201 18.769581 -74.893424 -37.014546 119.293294 73.694196 130.848205 14.042815 -10.964865 14.611839 -0.000000 -21.132829 -0.000000 -13.709430 -73.123851 35.980759 -117.646730 67.749911 -121.611116 -12.326826 -18.671737 -20.279264 -0.000000 -2.324467 -0.000000
-6.552103 65.856332 127.322745 17.520744 14.572835 -0.593117 -0.508184 11.668721 -0.296431 -0.205160 -0.639912 -0.117724 -0.205977 5.180482 -0.138635 -0.163732 9.722084 -0.103419 0.639144 2.818242 -0.006170 1.340662 -30.791694 -0.411225 -1.440523 1.111063 7.285404 27.406604 -26.312173 45.052924 0.742301 24.123742 -5.078892 13.801887 12.783347 6.656181 -0.596268 -0.149576 -3.952243 -6.329781 -30.120653 -56.274296 -4.133636 27.826708 6.888641 -5.899284 17.680722 3.938283 22.711746 -75.973996 -41.119309 121.529824 72.174695 133.603459 13.634189 -10.588131 14.757447 0.000000 -21.281376 0.000000 -17.199250 -74.245918 39.595923 -119.269263 66.229029 -123.943296 -11.998868 -17.955804 -20.175599 -0.000000 -3.728753 0.000000
-6.607252 64.883669 127.020782 17.498079 14.640944 -0.505708 -0.494213 11.825241 -0.356755 -0.194583 -0.570287 -0.144426 -0.195378 5.250111 -0.164261 -0.157537 9.774308 -0.122937 0.632888 2.651497 0.009777 1.320370 -31.101611 -0.376804 -1.516955 1.032040 7.291102 27.497562 -26.443390 44.894817 0.763865 24.179319 -5.080231 13.823751 12.800018 6.691108 -0.750835 -0.041011 -3.759038 -6.407262 -30.540793 -55.950913 -4.287246 27.817584 6.839869 -5.940230 17.635941 3.951009 28.401953 -76.787132 -47.130595 123.007305 70.591328 135.854806 13.179622 -10.136562 14.997957 0.000000 -21.519554 -0.000000 -20.161797 -75.450684 42.634837 -120.926516 64.771996 -125.978052 -11.654252 -17.280973 -20.135675 0.000000 -5.201642 -0.000000
-6.638874 63.901501 126.740530 17.520654 14.659696 -0.423835 -0.496404 11.967080 -0.395172 -0.192715 -0.507201 -0.161085 -0.193523 5.313197 -0.180732 -0.157258 9.821625 -0.135438 0.618443 2.514839 0.022634 1.284184 -31.355697 -0.343031 -1.550369 1.008659 7.262068 27.606993 -26.491227 44.709406 0.794987 24.154021 -5.068974 13.854861 12.801764 6.697606 -0.827449 -0.050831 -3.638402 -6.490190 -30.820016 -55.647820 -4.441738 27.807318 6.743184 -5.989887 17.606074 3.927976 34.592133 -77.409017 -53.710145 123.945438 68.911177 137.599146 12.639280 -9.714499 15.235656 -0.000000 -21.702766 0.000000 -23.662171 -76.551892 46.137219 -122.569443 63.442920 -128.018960 -11.287709 -16.592032 -20.114059 0.000000 -6.806054 -0.000000
-6.636184 62.908661 126.495739 17.452302 14.657718 -0.439417 -0.433770 12.065370 -0.398571 -0.164537 -0.463565 -0.164076 -0.165236 5.356843 -0.180850 -0.136077 9.854350 -0.135770 0.610458 2.411871 0.013831 1.274623 -31.546894 -0.358172 -1.557907 0.992971 7.259276 27.730487 -26.357473 44.495280 0.819049 24.091903 -5.082598 13.888467 12.762652 6.700100 -0.877011 -0.082281 -3.559420 -6.579859 -31.011356 -55.370772 -4.592068 27.803879 6.634714 -6.040731 17.589508 3.921600 40.607278 -78.019170 -60.015804 124.582696 67.167452 138.773006 12.078313 -9.393918 15.609305 -0.000000 -21.711008 -0.000000 -27.819991 -77.570376 50.432237 -123.979600 61.926212 -129.859659 -10.708292 -15.965567 -20.056665 0.000000 -8.514419 0.000000
-6.606033 61.925757 126.296255 17.325924 14.634758 -0.512943 -0.364874 12.148443 -0.373934 -0.135585 -0.426724 -0.154939 -0.136168 5.393692 -0.168763 -0.113479 9.881977 -0.126852 0.621795 2.308939 -0.008293 1.314239 -31.737657 -0.413678 -1.533293 0.932056 7.241411 27.875969 -26.088519 44.302848 0.826635 24.007341 -5.114647 13.906750 12.720503 6.695913 -0.882712 -0.130840 -3.541266 -6.641634 -31.122679 -55.097332 -4.759313 27.814881 6.520453 -6.111347 17.550451 3.943967 46.626704 -78.498241 -66.219095 125.260725 65.600391 139.681485 11.776940 -9.177938 16.178800 0.000000 -21.557608 -0.000000 -32.782758 -78.327053 55.641060 -125.090084 60.414858 -131.300624 -10.171905 -15.445552 -20.206174 0.000000 -10.136273 -0.000000
-6.562008 60.955726 126.164725 17.167904 14.563928 -0.573328 -0.293177 12.261409 -0.366593 -0.104140 -0.376578 -0.153485 -0.104594 5.443844 -0.164103 -0.089511 9.919583 -0.123595 0.633115 2.181719 -0.016487 1.345537 -31.973679 -0.440454 -1.515311 0.875159 7.235084 27.993863 -25.866714 44.112788 0.832757 23.932727 -5.132063 13.925538 12.709562 6.704882 -0.910319 -0.136460 -3.491859 -6.679882 -31.239018 -54.835485 -4.942619 27.794765 6.411915 -6.193410 17.513178 4.011843 52.832241 -78.608392 -72.704146 125.590863 64.014540 140.298885 11.560092 -9.034515 16.773339 0.000000 -21.446179 -0.000000 -38.592314 -78.668251 61.787046 -125.885283 59.016178 -132.400981 -9.841475 -15.014052 -20.601776 0.000000 -11.623685 0.000000
-6.510971 59.998126 126.107153 17.040275 14.472360 -0.556476 -0.245185 12.407709 -0.410303 -0.079549 -0.311565 -0.173855 -0.079899 5.508861 -0.181966 -0.072228 9.968338 -0.137373 0.636853 2.026281 -0.002788 1.347373 -32.262465 -0.416777 -1.520403 0.793742 7.261346 27.987482 -25.784627 43.964138 0.853621 23.934761 -5.101254 13.942196 12.716393 6.708791 -0.999942 -0.128359 -3.392878 -6.670210 -31.382465 -54.598963 -5.103352 27.775235 6.351753 -6.266202 17.450459 4.120450 58.969779 -78.291152 -79.250599 125.446956 62.426024 140.647411 11.240882 -8.838089 17.324381 -0.000000 -21.547173 0.000000 -44.605572 -78.650037 68.180274 -126.387763 57.631409 -133.365388 -9.568600 -14.688981 -20.983799 -0.000000 -13.075462 -0.000000
-6.461621 59.057282 126.101108 16.999832 14.351794 -0.473256 -0.237558 12.581881 -0.488333 -0.070371 -0.234111 -0.208214 -0.070684 5.586316 -0.215389 -0.067585 10.026424 -0.162827 0.631949 1.852168 0.020259 1.325098 -32.586139 -0.367967 -1.529950 0.707783 7.291696 27.828113 -25.839027 43.913853 0.876819 23.992866 -5.064105 13.953927 12.722633 6.690558 -1.098431 -0.144351 -3.248578 -6.659216 -31.529462 -54.410872 -5.180454 27.762795 6.354164 -6.315235 17.379920 4.263605 64.569991 -77.766472 -85.358495 125.290565 60.908391 141.014278 10.817930 -8.561395 17.766797 -0.000000 -21.972678 0.000000 -49.802582 -78.617913 73.692413 -126.804092 56.286102 -134.174190 -9.186722 -14.335939 -21.204970 0.000000 -14.586417 0.000000
-6.386511 58.137953 126.131631 17.061188 14.232542 -0.393411 -0.277495 12.729957 -0.552235 -0.083328 -0.168211 -0.235067 -0.083711 5.652215 -0.243565 -0.079229 10.075850 -0.184095 0.624914 1.691113 0.036838 1.302081 -32.885499 -0.331025 -1.493593 0.680097 7.306956 27.602810 -25.941770 43.904858 0.865724 24.072805 -5.030060 13.961744 12.753671 6.674651 -1.186092 -0.099204 -3.134306 -6.629113 -31.720887 -54.231089 -5.217733 27.800024 6.388618 -6.309367 17.315053 4.351872 69.220226 -76.989036 -90.699356 125.026592 59.487780 141.428503 10.394593 -8.261957 17.996895 -0.000000 -22.599316 0.000000 -54.789523 -78.509282 78.961372 -127.011270 54.849876 -134.856988 -8.642521 -13.969483 -21.209284 0.000000 -16.149979 -0.000000
-6.292710 57.253758 126.205181 17.076031 14.078642 -0.395977 -0.320205 12.849614 -0.568455 -0.100980 -0.114966 -0.240885 -0.101457 5.705456 -0.251185 -0.093008 10.115788 -0.189715 0.632163 1.586661 0.025572 1.326636 -33.079259 -0.361525 -1.345440 0.746285 7.270195 27.392337 -26.024625 43.867711 0.798077 24.176283 -5.034536 13.973106 12.785370 6.703900 -1.166893 -0.027342 -3.119755 -6.596288 -31.900750 -54.060907 -5.202249 27.840973 6.416543 -6.300314 17.288257 4.374951 72.747672 -76.352734 -94.850197 125.103498 58.229773 142.018412 9.917883 -7.977054 18.073845 0.000000 -23.487182 -0.000000 -59.501679 -78.170905 84.071448 -127.078810 53.416035 -135.486323 -8.054898 -13.559515 -21.008977 0.000000 -17.840765 -0.000000
-6.148166 56.419717 126.293931 17.007607 13.874846 -0.425988 -0.335988 12.976334 -0.574106 -0.107417 -0.058623 -0.242780 -0.107937 5.761799 -0.253738 -0.098008 10.158047 -0.191593 0.640985 1.530998 0.007631 1.358190 -33.182308 -0.406485 -1.233261 0.804634 7.202685 27.276586 -26.043270 43.830204 0.693580 24.300229 -5.079633 13.996207 12.821884 6.726299 -1.138053 0.045863 -3.173250 -6.497785 -32.121484 -53.948024 -5.146188 27.875225 6.458089 -6.285482 17.275454 4.358812 75.568122 -75.750765 -98.203087 125.253112 57.082802 142.570385 9.101717 -7.535584 17.878021 0.000000 -25.095092 0.000000 -63.249047 -77.803256 88.258801 -127.185621 52.091025 -136.091499 -6.943811 -13.106491 -20.423328 0.000000 -20.070081 -0.000000
-6.018887 55.653691 126.423643 16.934541 13.632666 -0.409291 -0.337306 13.117606 -0.605975 -0.105482 0.004195 -0.256571 -0.106003 5.824617 -0.267331 -0.097456 10.205159 -0.201933 0.633732 1.481050 -0.004050 1.351379 -33.274999 -0.427478 -1.193435 0.765338 7.191592 27.175949 -25.974551 43.823985 0.599612 24.421680 -5.126811 14.021837 12.886654 6.724292 -1.135552 0.046035 -3.227275 -6.414880 -32.263580 -53.822375 -5.105386 27.799117 6.452846 -6.274929 17.267950 4.336829 77.825779 -75.002955 -100.968354 124.887788 55.857996 142.943963 7.359370 -6.917598 17.068965 -0.000000 -27.560606 0.000000 -66.026795 -77.429396 91.460327 -126.946307 50.742783 -136.590838 -5.687053 -12.608434 -19.616342 0.000000 -22.716788 -0.000000
-5.838425 54.970486 126.526693 16.958711 13.411669 -0.324928 -0.360474 13.263866 -0.666793 -0.111099 0.069287 -0.282430 -0.111659 5.889708 -0.293765 -0.103449 10.253978 -0.221950 0.612720 1.419010 0.001649 1.303986 -33.390516 -0.402581 -1.220206 0.810767 7.216341 27.101939 -26.018867 43.803764 0.564449 24.477689 -5.147835 14.036950 12.901104 6.720436 -1.188764 0.007471 -3.251248 -6.328209 -32.405170 -53.744589 -5.053830 27.679533 6.486252 -6.279668 17.239483 4.345711 79.738476 -74.396941 -103.390896 124.403054 54.659319 143.377363 4.893641 -6.285837 15.645692 0.000000 -30.367811 0.000000 -68.495495 -77.361669 94.183109 -126.692759 49.406542 -137.136056 -3.654009 -12.086590 -18.382231 0.000000 -25.375758 -0.000000
-5.660866 54.337042 126.624804 17.024453 13.204229 -0.232216 -0.401466 13.410307 -0.731844 -0.124281 0.134499 -0.309603 -0.124922 5.954917 -0.322284 -0.115271 10.302888 -0.243476 0.596585 1.365813 0.008431 1.266029 -33.489562 -0.378371 -1.228206 0.854398 7.260742 27.031498 -26.045243 43.778075 0.590735 24.434236 -5.128134 14.067769 12.856545 6.695869 -1.228236 0.016713 -3.245714 -6.207273 -32.618353 -53.736702 -5.027949 27.565839 6.523996 -6.296781 17.230579 4.425753 81.675607 -74.125420 -105.787035 124.410201 53.513610 144.162143 2.302490 -5.954513 13.765624 -0.000000 -32.937758 -0.000000 -71.148342 -77.325151 97.029621 -126.383530 48.066541 -137.702933 -1.380694 -11.567124 -17.029854 -0.000000 -27.881927 0.000000
-5.527110 53.739402 126.718452 17.107594 13.009579 -0.117146 -0.465516 13.536896 -0.803453 -0.147211 0.190947 -0.338969 -0.147989 6.011359 -0.353992 -0.134643 10.345229 -0.267327 0.583545 1.342387 0.012133 1.236163 -33.533244 -0.362214 -1.198965 0.955201 7.268263 26.978868 -26.072979 43.753266 0.649779 24.348682 -5.097090 14.098094 12.785169 6.686733 -1.259214 0.101611 -3.233595 -6.001359 -32.871761 -53.792861 -5.059848 27.547818 6.548999 -6.318490 17.225321 4.567451 83.647043 -74.083566 -108.139577 124.793130 52.492598 144.961734 0.213961 -5.908839 12.155814 -0.000000 -34.831353 -0.000000 -73.826973 -77.194883 99.813116 -125.836530 46.764798 -138.128862 0.945373 -11.046710 -15.715088 0.000000 -30.285721 -0.000000
-5.390791 53.178160 126.783329 17.214070 12.800086 -0.004192 -0.552350 13.634411 -0.861657 -0.181273 0.234516 -0.361788 -0.182251 6.054919 -0.380289 -0.162029 10.377917 -0.286955 0.557452 1.366833 0.023148 1.172827 -33.488227 -0.320990 -1.149713 1.133881 7.251940 26.965569 -26.075929 43.700415 0.699200 24.308602 -5.070019 14.131122 12.776848 6.699301 -1.356674 0.298501 -3.155228 -5.672146 -33.130744 -53.962284 -5.094445 27.632519 6.560299 -6.366761 17.153347 4.714019 85.085575 -73.782619 -109.908761 125.098514 51.567592 145.600829 -1.005726 -6.007690 11.182658 -0.000000 -36.007368 0.000000 -76.490755 -77.020792 102.429531 -125.509815 45.666053 -138.713215 2.665304 -10.611705 -14.806411 0.000000 -32.148546 0.000000
-5.263665 52.641636 126.837022 17.296496 12.635302 0.070154 -0.618175 13.709309 -0.898940 -0.207583 0.267982 -0.376053 -0.208719 6.088375 -0.397241 -0.182956 10.403026 -0.299561 0.545151 1.397880 0.005307 1.157975 -33.430497 -0.350351 -1.051526 1.259890 7.234336 26.890946 -26.037920 43.680170 0.707565 24.382701 -5.090636 14.176283 12.818586 6.710488 -1.335304 0.369532 -3.185824 -5.647933 -33.171497 -54.006880 -5.086143 27.729191 6.611783 -6.410529 17.094435 4.795319 86.023902 -72.857797 -111.218647 124.930164 50.634911 145.797599 -1.266633 -6.015284 10.974655 -0.000000 -36.697423 0.000000 -78.980293 -76.546193 104.999709 -125.334163 44.657270 -139.186530 3.486655 -10.352199 -14.517741 0.000000 -32.633409 -0.000000
-5.171022 52.141641 126.904001 17.410795 12.451403 0.122745 -0.672788 13.800645 -0.915230 -0.230431 0.308706 -0.381381 -0.231713 6.129091 -0.404903 -0.200649 10.433577 -0.305146 0.535624 1.426389 -0.025045 1.157351 -33.377316 -0.408226 -0.958992 1.384605 7.237767 26.801224 -26.018361 43.625907 0.689288 24.566004 -5.122073 14.226210 12.854357 6.689407 -1.342034 0.394204 -3.248748 -5.763771 -33.124474 -54.007179 -5.031897 27.826986 6.712935 -6.442053 17.053205 4.754233 86.418394 -71.645680 -111.980481 124.568150 49.822402 145.780969 -0.999197 -5.880846 11.294992 -0.000000 -36.729126 0.000000 -80.516668 -75.767934 106.617590 -125.024044 43.771529 -139.419483 3.580946 -10.197456 -14.613848 0.000000 -32.928112 -0.000000
-5.224087 51.710987 127.011514 17.549708 12.336638 0.135341 -0.733000 13.869244 -0.906795 -0.257657 0.339294 -0.375729 -0.259110 6.159666 -0.402032 -0.220934 10.456528 -0.302684 0.545172 1.464339 -0.048019 1.192256 -33.306479 -0.462817 -0.844604 1.484908 7.258882 26.733397 -25.996557 43.532777 0.631300 24.783416 -5.141880 14.273751 12.877421 6.633057 -1.331179 0.381651 -3.350983 -5.922668 -33.081530 -54.004451 -4.926915 27.915799 6.818674 -6.461543 17.069983 4.644520 86.666639 -70.566806 -112.598497 124.078318 49.115945 145.717569 -0.768980 -5.731833 11.583596 -0.000000 -37.042730 0.000000 -81.669828 -74.846252 107.848647 -124.729445 43.142144 -139.478844 3.130512 -10.008222 -15.043234 -0.000000 -33.196206 0.000000
-5.074085 51.368712 127.050493 17.685373 12.227907 0.132441 -0.788271 13.931727 -0.889514 -0.283366 0.367135 -0.366344 -0.284982 6.187495 -0.395273 -0.239819 10.477416 -0.297283 0.568612 1.526399 -0.064327 1.251808 -33.190771 -0.511880 -0.717729 1.592444 7.291074 26.697394 -25.981989 43.425769 0.533158 24.970471 -5.164338 14.321868 12.865668 6.562216 -1.301630 0.346390 -3.491459 -6.074856 -33.064088 -54.029696 -4.773645 27.995395 6.924665 -6.481487 17.081578 4.572797 86.732361 -69.932304 -112.985005 123.715151 48.541407 145.727593 -0.789726 -5.679274 11.601018 -0.000000 -37.144284 0.000000 -82.228972 -74.057493 108.527634 -124.506151 42.702869 -139.542792 2.621070 -9.895564 -15.467676 -0.000000 -33.355426 -0.000000
-5.096664 51.149578 127.146753 17.831232 12.128916 0.195525 -0.845797 13.990383 -0.906704 -0.307497 0.393346 -0.372000 -0.309268 6.213694 -0.403395 -0.258518 10.497082 -0.303198 0.592197 1.601655 -0.073579 1.306638 -33.050622 -0.545651 -0.644157 1.736357 7.318973 26.712290 -26.031223 43.359014 0.415676 25.029100 -5.188155 14.368362 12.842931 6.514661 -1.284362 0.293221 -3.621742 -6.168252 -33.073182 -54.087500 -4.627337 28.051275 6.989977 -6.508769 17.048126 4.618399 86.651706 -69.625442 -113.167152 123.556547 48.168244 145.830385 -0.964713 -5.697416 11.387555 -0.000000 -37.256853 -0.000000 -82.185979 -73.687883 108.527757 -124.392682 42.499002 -139.632187 2.342038 -9.937863 -15.649660 0.000000 -33.359924 -0.000000
-5.027500 51.084488 127.191079 18.003376 12.065638 0.311948 -0.910945 14.044672 -0.954471 -0.332716 0.417704 -0.390825 -0.334648 6.238037 -0.424797 -0.278927 10.515360 -0.319186 0.608836 1.660370 -0.075697 1.342238 -32.941354 -0.559918 -0.638847 1.878095 7.334062 26.738962 -26.156561 43.402473 0.316636 24.975645 -5.220263 14.391467 12.828424 6.499406 -1.288321 0.258477 -3.707049 -6.194018 -33.108286 -54.210780 -4.534046 28.082169 7.043203 -6.541044 16.987040 4.759600 86.481329 -69.587268 -113.101552 123.577883 48.048723 145.941435 -1.204041 -5.759428 11.079063 0.000000 -37.321299 -0.000000 -81.769067 -73.738415 108.023949 -124.323345 42.511390 -139.644927 2.301445 -10.051614 -15.607734 -0.000000 -33.244732 0.000000
-5.071286 51.192163 127.224223 18.152579 12.090677 0.387471 -0.950288 14.057450 -0.989146 -0.347547 0.423541 -0.404797 -0.349570 6.243865 -0.440284 -0.291128 10.519744 -0.330793 0.611239 1.710512 -0.084965 1.352426 -32.848084 -0.580159 -0.636966 2.051239 7.340770 26.745349 -26.331857 43.524982 0.239093 24.854043 -5.254716 14.409931 12.837659 6.475410 -1.277940 0.251435 -3.748737 -6.197175 -33.129771 -54.387663 -4.501746 28.158436 7.075884 -6.595159 16.941481 4.921140 86.239506 -69.755392 -112.740244 123.639542 48.177537 145.985244 -1.492059 -5.883683 10.778455 0.000000 -37.290655 -0.000000 -81.287676 -74.020578 107.343827 -124.338879 42.794436 -139.617565 2.371838 -10.132634 -15.490296 0.000000 -33.072829 -0.000000
-5.142995 51.465213 127.212457 18.236447 12.176691 0.415718 -0.962352 14.037550 -1.009132 -0.351449 0.414768 -0.413251 -0.353488 6.235090 -0.449135 -0.294661 10.513167 -0.337477 0.614736 1.768553 -0.103686 1.370911 -32.739998 -0.620963 -0.632473 2.220242 7.324985 26.755436 -26.496131 43.702377 0.194542 24.798220 -5.282720 14.454299 12.856916 6.439550 -1.240913 0.236831 -3.781084 -6.171978 -33.072846 -54.587243 -4.548567 28.320119 7.076377 -6.666102 16.903558 5.023939 86.190687 -70.192891 -112.215491 123.928481 48.585090 146.101947 -1.804881 -5.982198 10.529265 0.000000 -37.285540 -0.000000 -80.614672 -74.445425 106.419844 -124.442130 43.280487 -139.587446 2.468493 -10.230535 -15.309252 -0.000000 -32.910728 0.000000
-5.264274 51.916378 127.155796 18.314614 12.330951 0.437848 -0.979115 13.977627 -1.024260 -0.357902 0.388208 -0.419554 -0.359962 6.208526 -0.456095 -0.299995 10.493249 -0.342703 0.617630 1.830908 -0.128722 1.392070 -32.623806 -0.674589 -0.645578 2.353087 7.302286 26.782202 -26.605217 43.916567 0.201213 24.854936 -5.290880 14.518570 12.854086 6.419324 -1.211953 0.260828 -3.800076 -6.139846 -32.955982 -54.780758 -4.653030 28.483058 7.026279 -6.738142 16.876593 5.053935 86.310309 -70.934882 -111.635491 124.520389 49.301424 146.253152 -2.140982 -5.991756 10.347896 -0.000000 -37.528212 -0.000000 -79.919195 -75.057168 105.327642 -124.626680 43.967736 -139.527448 2.585999 -10.314508 -15.048778 0.000000 -32.786435 -0.000000
-5.379633 52.523294 127.037891 18.401526 12.519757 0.412048 -0.995065 13.901768 -1.010055 -0.366238 0.354493 -0.413072 -0.368326 6.174805 -0.450462 -0.305901 10.467964 -0.338348 0.618564 1.874697 -0.157478 1.411804 -32.542052 -0.735136 -0.643840 2.448929 7.295859 26.781154 -26.675942 44.122251 0.272684 25.011901 -5.279674 14.593068 12.827997 6.434016 -1.180322 0.270002 -3.803018 -6.144649 -32.719747 -54.976212 -4.800313 28.579766 6.950082 -6.779727 16.878258 5.021670 86.293328 -71.936933 -110.812267 125.228956 50.174415 146.415787 -2.581669 -6.064269 10.163942 0.000000 -37.499521 -0.000000 -79.190687 -75.836878 104.060568 -124.893806 44.814291 -139.458339 2.787862 -10.366302 -14.744272 0.000000 -32.621189 -0.000000
-5.500764 53.253962 126.876760 18.455390 12.732974 0.333172 -0.998933 13.827385 -0.969512 -0.371169 0.321344 -0.395398 -0.373265 6.141654 -0.433290 -0.308468 10.443101 -0.325266 0.609715 1.884210 -0.167280 1.399229 -32.524365 -0.749929 -0.635971 2.531999 7.294603 26.809319 -26.737695 44.275630 0.392280 25.198599 -5.250803 14.657067 12.822326 6.462324 -1.262432 0.291062 -3.708053 -5.980213 -32.467304 -55.299142 -4.941061 28.646628 6.878434 -6.807595 16.860612 4.966255 86.221590 -73.257082 -109.745479 126.251429 51.306202 146.708040 -2.955675 -6.122684 9.909150 0.000000 -36.697700 -0.000000 -78.365208 -76.725910 102.548378 -125.506087 45.939356 -139.690843 2.851384 -10.444823 -14.369746 0.000000 -32.368841 -0.000000
-5.566784 54.075340 126.700442 18.477573 12.984633 0.232464 -1.001724 13.749543 -0.918724 -0.376381 0.286632 -0.373269 -0.378486 6.106937 -0.411691 -0.310947 10.417063 -0.308820 0.615333 1.870250 -0.162035 1.408020 -32.550287 -0.742783 -0.640514 2.590318 7.277567 26.904457 -26.797637 44.393616 0.530386 25.343043 -5.230953 14.686138 12.835925 6.476338 -1.277383 0.342566 -3.709273 -5.895222 -32.246312 -55.539673 -5.047409 28.696886 6.798624 -6.810499 16.856073 4.950276 85.670213 -74.696129 -108.295996 127.076516 52.418567 146.692393 -3.382365 -6.358964 9.707585 -0.000000 -36.618446 0.000000 -76.987032 -77.578670 100.583363 -125.929644 47.026840 -139.658934 2.865596 -10.590126 -14.022962 -0.000000 -31.954234 0.000000
-5.665380 54.950079 126.555045 18.467425 13.332629 0.134499 -0.998476 13.638606 -0.868152 -0.378948 0.237200 -0.351502 -0.381036 6.057503 -0.390183 -0.311443 10.379984 -0.292478 0.629046 1.847432 -0.153235 1.431835 -32.592599 -0.733567 -0.638711 2.644440 7.250793 27.039693 -26.863150 44.492103 0.665074 25.340065 -5.222683 14.681807 12.817085 6.487706 -1.266435 0.353934 -3.719147 -5.777120 -32.022144 -55.810981 -5.101458 28.777585 6.720166 -6.796677 16.877798 4.961392 84.700314 -76.046246 -106.500031 127.672325 53.549998 146.543025 -3.710493 -6.735472 9.502913 0.000000 -36.371861 -0.000000 -75.426475 -78.374783 98.482229 -126.261689 48.168802 -139.531952 2.732457 -10.816215 -13.679404 0.000000 -31.392473 -0.000000
-5.703326 55.843569 126.415789 18.435162 13.719759 0.068784 -0.980731 13.521226 -0.835741 -0.373717 0.184924 -0.338135 -0.375742 6.005231 -0.376277 -0.306581 10.340773 -0.281989 0.639908 1.820171 -0.136701 1.444685 -32.643319 -0.706224 -0.676981 2.713593 7.217165 27.209516 -26.963841 44.593220 0.785109 25.202179 -5.223159 14.687485 12.772068 6.490599 -1.274594 0.324153 -3.697638 -5.597360 -31.805924 -56.135926 -5.108233 28.936784 6.656508 -6.761408 16.926000 4.976771 83.111303 -77.183187 -104.168184 128.029460 54.745991 146.249045 -3.771937 -7.067604 9.374747 0.000000 -36.107700 -0.000000 -73.262218 -79.068692 95.834360 -126.440505 49.349880 -139.339321 2.411873 -11.137649 -13.455873 -0.000000 -30.615017 0.000000
-5.713942 56.746996 126.308279 18.398403 14.083753 0.023245 -0.955866 13.417374 -0.817286 -0.364246 0.138682 -0.331046 -0.366190 5.958996 -0.368219 -0.298921 10.306089 -0.275980 0.644834 1.790836 -0.113813 1.440847 -32.698068 -0.661581 -0.751333 2.716127 7.204482 27.348250 -27.023609 44.722049 0.906965 25.013862 -5.217384 14.680783 12.745884 6.480462 -1.296970 0.297583 -3.628923 -5.360615 -31.600761 -56.529104 -5.102898 29.137177 6.613595 -6.704087 17.009185 4.957374 80.741132 -78.169617 -101.152502 128.256227 56.025432 145.809040 -3.632811 -7.321465 9.363216 -0.000000 -35.810564 0.000000 -70.083337 -79.634418 92.184351 -126.558769 50.621904 -139.006015 1.755514 -11.545114 -13.468212 -0.000000 -29.610974 0.000000
-5.719301 57.662354 126.247037 18.360345 14.436786 -0.041601 -0.923020 13.311146 -0.789424 -0.351918 0.091353 -0.320048 -0.353766 5.911674 -0.355960 -0.288826 10.270587 -0.266809 0.647533 1.767254 -0.094029 1.434164 -32.742115 -0.621915 -0.825478 2.705580 7.200203 27.393302 -27.111357 44.878040 1.019118 24.876201 -5.203713 14.665783 12.743244 6.465580 -1.318283 0.265362 -3.528170 -5.102202 -31.360989 -56.978009 -5.108644 29.286567 6.577714 -6.633139 17.131357 4.893011 77.498078 -79.127747 -97.329147 128.499281 57.373246 145.345609 -3.347632 -7.588147 9.351896 -0.000000 -35.533558 0.000000 -66.132724 -79.994241 87.781335 -126.688809 51.998368 -138.522441 0.764789 -11.979191 -13.600213 0.000000 -28.234826 0.000000
-5.745559 58.588711 126.247398 18.286835 14.727336 -0.123312 -0.881107 13.213463 -0.758861 -0.335729 0.047805 -0.308081 -0.337466 5.868137 -0.342338 -0.275735 10.237921 -0.256638 0.655978 1.758693 -0.077168 1.441244 -32.758143 -0.591863 -0.877260 2.650068 7.207164 27.328463 -27.189024 45.064476 1.106974 24.846925 -5.176833 14.648007 12.786925 6.443243 -1.329339 0.257715 -3.427676 -4.832027 -31.098844 -57.469941 -5.123340 29.354879 6.548530 -6.555398 17.277289 4.806321 72.762947 -80.037820 -92.012627 128.851247 58.837048 144.960849 -2.869136 -7.886819 9.228622 0.000000 -35.163267 0.000000 -61.264619 -80.170474 82.504692 -126.768865 53.497848 -137.874843 -0.341382 -12.402186 -13.826508 -0.000000 -26.797647 0.000000
-5.790715 59.527253 126.305486 18.194742 14.973117 -0.190973 -0.843465 13.105015 -0.731396 -0.321214 -0.000509 -0.297357 -0.322848 5.819831 -0.330130 -0.263998 10.201681 -0.247525 0.673370 1.775325 -0.060625 1.466976 -32.727265 -0.567790 -0.912169 2.572159 7.211659 27.192760 -27.244546 45.289720 1.144915 24.910294 -5.162569 14.622162 12.831156 6.413568 -1.317796 0.240181 -3.366573 -4.590643 -30.755781 -57.974388 -5.135670 29.360886 6.533828 -6.475042 17.405878 4.735157 66.423117 -80.709897 -85.146389 129.215613 60.437626 144.696550 -2.200073 -8.187198 8.959721 0.000000 -34.771482 0.000000 -55.477213 -80.273519 76.336509 -126.786230 55.063101 -137.118123 -1.317047 -12.828571 -13.925096 0.000000 -25.478293 0.000000
-5.837274 60.480372 126.409688 18.102602 15.185588 -0.245287 -0.806910 12.991648 -0.710549 -0.306693 -0.050990 -0.289498 -0.308225 5.769358 -0.320787 -0.252451 10.163817 -0.240585 0.694913 1.803217 -0.040047 1.498642 -32.675485 -0.537629 -0.963152 2.502645 7.218383 27.044905 -27.318845 45.556213 1.135434 24.965980 -5.163194 14.588931 12.867350 6.382023 -1.308201 0.191161 -3.333954 -4.361746 -30.358413 -58.468792 -5.134550 29.365912 6.532173 -6.421678 17.482518 4.681494 58.733213 -81.023406 -77.028533 129.537941 62.187620 144.534209 -1.340983 -8.485241 8.644414 0.000000 -34.356467 -0.000000 -48.977010 -80.304379 69.485096 -126.775619 56.689708 -136.320505 -2.134134 -13.230447 -13.888675 0.000000 -24.398226 -0.000000
-5.877201 61.453056 126.549355 18.001007 15.338657 -0.319250 -0.754087 12.880265 -0.683927 -0.285347 -0.100620 -0.279527 -0.286746 5.719739 -0.308635 -0.235580 10.126589 -0.231577 0.709992 1.832181 -0.024685 1.519989 -32.621722 -0.514290 -1.019075 2.445046 7.253263 26.873650 -27.365656 45.856485 1.118829 24.943814 -5.168293 14.567066 12.906140 6.365055 -1.299820 0.147851 -3.296965 -4.102604 -29.958856 -58.990310 -5.139390 29.391140 6.518007 -6.390497 17.564536 4.628264 49.982511 -81.068685 -67.898660 129.943958 64.102667 144.455039 -0.294644 -8.776872 8.325649 -0.000000 -33.876408 0.000000 -41.845323 -80.184915 62.037767 -126.852699 58.427297 -135.560844 -2.920873 -13.641683 -13.814507 -0.000000 -23.467753 -0.000000
-5.895489 62.449120 126.723335 17.896464 15.431438 -0.414355 -0.697451 12.770063 -0.646333 -0.263085 -0.149743 -0.264807 -0.264350 5.670627 -0.291642 -0.217690 10.089741 -0.218899 0.725537 1.850380 -0.014216 1.545727 -32.587874 -0.501842 -1.069528 2.403878 7.297583 26.708501 -27.362978 46.160521 1.126153 24.864514 -5.157291 14.546332 12.947864 6.349052 -1.283560 0.103337 -3.269081 -3.802751 -29.535046 -59.557844 -5.157122 29.429460 6.499162 -6.361156 17.650065 4.561497 40.516041 -80.890070 -58.052124 130.359717 66.135712 144.252864 0.801634 -9.076483 8.035499 -0.000000 -33.326093 0.000000 -34.521278 -79.824865 54.438882 -127.015275 60.246165 -134.846773 -3.848098 -14.110016 -13.796736 0.000000 -22.502947 -0.000000
-5.896020 63.459063 126.935406 17.789792 15.495459 -0.525978 -0.644859 12.644404 -0.597961 -0.243400 -0.205738 -0.245234 -0.244546 5.614641 -0.270058 -0.201428 10.047739 -0.202712 0.744257 1.861344 0.000163 1.575794 -32.567479 -0.483328 -1.131791 2.336136 7.346723 26.555277 -27.274933 46.483095 1.159602 24.793464 -5.135042 14.532117 12.963776 6.307127 -1.274186 0.095944 -3.263011 -3.476879 -29.104283 -60.129551 -5.189290 29.459068 6.453990 -6.332888 17.723685 4.474060 31.741726 -80.364999 -48.936884 130.493447 68.145974 143.789396 1.859090 -9.463409 7.774718 0.000000 -32.688043 0.000000 -27.791583 -79.215901 47.502975 -127.330475 62.165876 -134.149997 -5.064301 -14.625412 -13.923731 0.000000 -21.439422 -0.000000
-5.877784 64.480501 127.183740 17.676072 15.502434 -0.643593 -0.600673 12.515888 -0.545818 -0.227696 -0.262987 -0.223742 -0.228746 5.557399 -0.246964 -0.188055 10.004798 -0.185340 0.771596 1.871943 0.016052 1.623131 -32.547669 -0.467220 -1.169683 2.295908 7.397181 26.391302 -27.170679 46.821761 1.208753 24.743682 -5.118195 14.525343 12.953023 6.249844 -1.262702 0.105148 -3.277922 -3.143973 -28.633492 -60.699930 -5.241865 29.460103 6.383362 -6.312639 17.802001 4.339206 24.282507 -79.501956 -41.146802 130.384769 70.179460 143.103992 2.927267 -9.924069 7.546141 0.000000 -31.961360 0.000000 -22.156483 -78.305565 41.737426 -127.444533 64.089052 -133.316355 -6.369062 -15.203392 -14.095247 -0.000000 -20.231973 -0.000000
-5.821606 65.508863 127.460721 17.597375 15.420200 -0.734979 -0.580729 12.400461 -0.495517 -0.222589 -0.314380 -0.202357 -0.223596 5.506007 -0.225055 -0.182728 9.966249 -0.168769 0.799075 1.885246 0.025730 1.674731 -32.522740 -0.464279 -1.166896 2.238290 7.456483 26.161267 -27.026007 47.200765 1.260256 24.719636 -5.108072 14.512092 12.937273 6.188098 -1.324597 0.158035 -3.228128 -2.685570 -28.176630 -61.367529 -5.292711 29.479369 6.282163 -6.309360 17.862204 4.157430 18.028881 -78.364225 -34.567179 130.054823 72.262225 142.173242 3.956642 -10.429855 7.325878 -0.000000 -31.198200 0.000000 -17.902755 -77.091694 37.302471 -127.260290 65.960148 -132.460264 -7.613055 -15.860796 -14.144566 0.000000 -18.939955 -0.000000
-5.729420 66.540631 127.774969 17.538649 15.274148 -0.802537 -0.576304 12.293775 -0.453582 -0.223746 -0.361858 -0.184206 -0.224742 5.458529 -0.207021 -0.182373 9.930637 -0.155082 0.825834 1.906019 0.038772 1.722450 -32.483997 -0.453574 -1.153045 2.184572 7.511971 25.892721 -26.889540 47.631231 1.306766 24.701261 -5.111915 14.473876 12.938671 6.123562 -1.333180 0.191599 -3.264160 -2.340434 -27.675622 -61.940427 -5.334155 29.547496 6.178854 -6.290632 17.865378 3.919472 12.555685 -77.044791 -28.806873 128.496887 74.142300 139.909434 4.625987 -11.009913 7.140933 0.000000 -30.390232 -0.000000 -14.214682 -75.711262 33.463765 -126.409648 67.631739 -130.913163 -8.487886 -16.584544 -14.213070 -0.000000 -17.565325 0.000000
-5.606484 67.575395 128.112137 17.492643 15.077597 -0.872165 -0.571747 12.177388 -0.414157 -0.224656 -0.413643 -0.167169 -0.225637 5.406743 -0.190075 -0.181904 9.891796 -0.142226 0.844984 1.954446 0.057598 1.749706 -32.394099 -0.425062 -1.170008 2.200796 7.573592 25.615651 -26.814129 48.087943 1.329667 24.716712 -5.109996 14.453510 12.985519 6.072532 -1.346169 0.281149 -3.313702 -2.076640 -27.185761 -62.482030 -5.327218 29.662374 6.122848 -6.221099 17.882735 3.562718 8.158610 -75.569090 -24.107014 125.526883 75.847565 136.190475 5.058347 -11.569176 7.039716 -0.000000 -29.656592 -0.000000 -10.949443 -74.225354 30.066646 -124.892854 69.206772 -128.722101 -8.990682 -17.283042 -14.219192 0.000000 -16.190752 -0.000000
-5.505075 68.608081 128.460049 17.472644 14.851579 -0.946712 -0.561551 12.024593 -0.373670 -0.223148 -0.481614 -0.149856 -0.224096 5.338773 -0.172605 -0.179579 9.840814 -0.128999 0.853722 2.038334 0.081581 1.750879 -32.238575 -0.378151 -1.213110 2.301196 7.666442 25.348841 -26.723052 48.539701 1.352453 24.767365 -5.097765 14.429508 13.025958 6.056214 -1.341614 0.398784 -3.370853 -1.910892 -26.670993 -62.999616 -5.277365 29.922905 6.136269 -6.048555 17.899946 2.985238 4.863784 -73.965552 -20.519431 121.028813 77.440068 130.978010 5.381947 -12.173883 7.006399 0.000000 -28.716332 -0.000000 -8.207170 -72.671865 27.211479 -122.727338 70.722857 -125.921371 -9.208574 -17.966285 -14.205667 0.000000 -14.798305 0.000000
-5.385766 69.655565 128.803253 17.453015 14.601574 -1.014650 -0.546801 11.881147 -0.332085 -0.219657 -0.545432 -0.132146 -0.220567 5.274956 -0.154538 -0.175719 9.792947 -0.115336 0.855836 2.114897 0.100724 1.741419 -32.096661 -0.337434 -1.273245 2.340884 7.777594 25.112395 -26.546392 48.994401 1.378875 24.857084 -5.095462 14.394617 13.028614 6.085493 -1.312495 0.437472 -3.464144 -1.836139 -26.121046 -63.478375 -5.220757 30.266601 6.208506 -5.785516 17.855543 2.101011 2.171071 -72.254413 -17.559802 114.780938 78.902696 124.102604 5.682551 -12.752781 6.894500 -0.000000 -28.409697 0.000000 -5.545576 -71.076002 24.437581 -119.914328 72.244139 -122.470959 -9.273854 -18.644893 -14.138719 0.000000 -13.339704 -0.000000
-5.274795 70.718334 129.149535 17.438087 14.309708 -1.076548 -0.528698 11.747858 -0.291893 -0.214543 -0.604733 -0.115103 -0.215410 5.215657 -0.136971 -0.170670 9.748468 -0.102067 0.853187 2.190692 0.122662 1.720224 -31.956270 -0.287867 -1.352197 2.359813 7.897174 24.898032 -26.318697 49.446857 1.407579 24.984924 -5.091658 14.363127 13.021824 6.125367 -1.299518 0.472629 -3.576196 -1.811176 -25.552657 -63.928030 -5.188076 30.610402 6.299217 -5.519480 17.605139 0.982312 -0.028592 -70.416603 -15.105405 106.404825 80.192179 115.115231 5.973634 -13.533453 6.719162 0.000000 -27.130788 0.000000 -3.097471 -69.361325 21.917578 -116.179718 73.811373 -118.051966 -9.320161 -19.344420 -14.058848 0.000000 -11.772728 -0.000000
-5.201535 71.815756 129.491917 17.444279 14.000595 -1.131814 -0.492048 11.595237 -0.255330 -0.200916 -0.672628 -0.100127 -0.201705 5.147767 -0.120604 -0.159303 9.697543 -0.089784 0.828668 2.289604 0.152047 1.647905 -31.773300 -0.208327 -1.488047 2.394296 8.041990 24.679242 -26.034127 49.924154 1.445383 25.096686 -5.083134 14.331486 13.012410 6.136368 -1.344827 0.564686 -3.658438 -1.841651 -24.971367 -64.311125 -5.209550 30.850181 6.271374 -5.335299 17.147655 -0.024008 -1.818226 -68.457967 -13.072342 95.030034 81.262480 103.170983 6.376674 -14.427835 6.477027 0.000000 -25.752307 -0.000000 -0.943151 -67.542006 19.704916 -110.890236 75.285255 -112.109377 -9.209196 -20.044605 -13.888809 -0.000000 -10.233926 -0.000000
-5.131946 72.946240 129.829194 17.496715 13.644928 -1.164164 -0.493408 11.472447 -0.207877 -0.204908 -0.727254 -0.079347 -0.205695 5.093140 -0.100230 -0.160900 9.656569 -0.074308 0.809650 2.383094 0.160783 1.600664 -31.600019 -0.176101 -1.544669 2.412846 8.145496 24.414615 -25.730937 50.410436 1.504652 25.133887 -5.071427 14.288919 12.978505 6.138705 -1.337877 0.605866 -3.767689 -1.915127 -24.360367 -64.689425 -5.232198 31.019480 6.175627 -5.239261 16.737464 -0.588032 -3.102014 -66.343788 -11.595152 80.257688 81.834167 87.931610 6.808316 -15.380938 6.183084 0.000000 -24.130141 0.000000 0.944362 -65.586748 17.714209 -103.419958 76.371010 -104.050141 -8.692044 -20.780823 -13.626132 0.000000 -8.619459 -0.000000
-5.069592 74.108691 130.141210 17.570622 13.257889 -1.184011 -0.504602 11.363202 -0.157916 -0.213416 -0.775859 -0.057198 -0.214220 5.044532 -0.078946 -0.165825 9.620109 -0.058105 0.785926 2.465814 0.161580 1.548892 -31.446672 -0.157916 -1.568454 2.406936 8.235486 24.079763 -25.416077 50.902418 1.573113 25.143985 -5.034905 14.259241 12.953847 6.145461 -1.306601 0.618487 -3.875327 -1.995469 -23.715700 -65.094057 -5.279653 31.305663 6.122049 -5.222704 16.465265 -0.821202 -4.143729 -64.133637 -10.367821 63.984892 81.632041 71.248653 7.071605 -16.319046 5.827965 -0.000000 -22.250989 0.000000 2.528665 -63.515151 15.947546 -93.989639 76.934604 -94.157496 -7.770434 -21.540260 -13.217735 -0.000000 -6.940454 -0.000000
-5.015327 75.290048 130.426980 17.635918 12.846346 -1.226680 -0.492806 11.257554 -0.106641 -0.211767 -0.822873 -0.035020 -0.212549 4.997519 -0.056599 -0.163041 9.584842 -0.041182 0.748353 2.548229 0.178068 1.458281 -31.294200 -0.098192 -1.631803 2.416069 8.344515 23.739552 -25.095898 51.381547 1.629959 25.220091 -4.992919 14.223663 12.974057 6.155028 -1.296533 0.657083 -3.952438 -2.100242 -23.069751 -65.521950 -5.329239 31.750641 6.167284 -5.280095 16.298139 -0.922018 -4.990436 -61.852857 -9.274694 49.619968 80.592122 56.541041 7.089441 -17.172365 5.397523 0.000000 -20.337917 0.000000 3.770090 -61.365050 14.507438 -83.214179 77.018792 -83.027391 -6.627738 -22.245821 -12.730646 -0.000000 -5.246466 -0.000000
-4.998083 76.490399 130.678613 17.691807 12.465942 -1.301439 -0.464633 11.124671 -0.048374 -0.203298 -0.881997 -0.010170 -0.204030 4.938398 -0.030885 -0.154895 9.540493 -0.021767 0.701029 2.649560 0.210662 1.337112 -31.106790 0.001433 -1.721717 2.442454 8.474554 23.420416 -24.752359 51.826870 1.653367 25.427223 -4.964895 14.194755 13.002369 6.188915 -1.282583 0.688303 -4.023086 -2.232695 -22.405955 -65.951127 -5.377057 32.320908 6.308815 -5.336748 16.195861 -1.051127 -5.709838 -59.558847 -8.234487 38.520257 78.907325 45.159566 6.945337 -17.854082 4.986877 -0.000000 -18.537875 -0.000000 4.756706 -59.230199 13.353116 -72.138245 76.590789 -71.662015 -5.438050 -22.879035 -12.242824 -0.000000 -3.585959 0.000000
-4.989189 77.705256 130.896879 17.743923 12.102267 -1.382309 -0.442103 10.988690 0.014042 -0.197590 -0.942494 0.016667 -0.198283 4.877903 -0.003464 -0.148701 9.495113 -0.001036 0.657270 2.761029 0.248750 1.220308 -30.900455 0.110001 -1.828680 2.442981 8.588684 23.147557 -24.373649 52.269862 1.636887 25.685920 -4.967623 14.181819 12.996534 6.260042 -1.281795 0.678043 -4.076814 -2.322062 -21.743856 -66.405122 -5.417266 32.892683 6.471528 -5.415805 16.088646 -1.182473 -6.313945 -57.270074 -7.292506 29.903269 76.901814 36.292872 6.871003 -18.358122 4.698629 -0.000000 -16.853547 0.000000 5.606066 -57.100881 12.308737 -61.228283 75.898051 -60.497657 -4.580847 -23.389536 -11.797720 -0.000000 -2.039399 0.000000
-4.989662 78.927023 131.111574 17.800222 11.746379 -1.463380 -0.411941 10.834789 0.067556 -0.187839 -1.010940 0.039411 -0.188478 4.809461 0.020275 -0.139719 9.443774 0.016866 0.608209 2.896445 0.295909 1.087089 -30.649608 0.240543 -1.956639 2.454875 8.718204 22.882610 -23.944114 52.719828 1.633435 25.880557 -4.971266 14.169103 12.962275 6.330404 -1.245032 0.672218 -4.152444 -2.470345 -21.075385 -66.776702 -5.507126 33.278500 6.541857 -5.485853 16.014951 -1.261837 -6.732234 -54.948481 -6.595795 23.080569 74.644364 29.306294 6.951417 -18.741684 4.557916 0.000000 -15.180906 -0.000000 6.311861 -54.940410 11.443136 -50.580836 74.971771 -49.492632 -4.237062 -23.831658 -11.571137 -0.000000 -0.549383 0.000000
-5.004861 80.135134 131.350772 17.864053 11.369709 -1.527522 -0.387729 10.691572 0.109827 -0.179935 -1.074621 0.057375 -0.180528 4.745781 0.039046 -0.132466 9.396009 0.031017 0.563104 3.035774 0.338197 0.965809 -30.391286 0.357807 -2.087717 2.461658 8.834366 22.599666 -23.501263 53.188588 1.646818 25.954791 -4.957601 14.144161 12.923936 6.378330 -1.204552 0.663087 -4.224549 -2.569264 -20.439884 -67.123113 -5.631270 33.467608 6.530924 -5.567698 16.030905 -1.325057 -7.087894 -52.595545 -6.034145 17.825075 72.187592 23.925611 7.118076 -19.089017 4.521591 0.000000 -13.389369 0.000000 6.801910 -52.714115 10.839231 -40.681785 73.727855 -39.219193 -4.455755 -24.319532 -11.491298 -0.000000 0.000000 0.000000
-5.038253 81.309345 131.618662 17.924433 10.974632 -1.557542 -0.387274 10.578770 0.136671 -0.181533 -1.124776 0.069119 -0.182116 4.695626 0.050628 -0.132850 9.358388 0.039795 0.533077 3.146542 0.363470 0.887129 -30.185772 0.429606 -2.154172 2.385148 8.930922 22.259423 -23.018654 53.686778 1.672359 25.944672 -4.947783 14.107201 12.916427 6.406308 -1.121309 0.612745 -4.305826 -2.575769 -19.855218 -67.470563 -5.775342 33.573335 6.466407 -5.574660 16.164876 -1.397766 -7.474301 -50.236680 -5.522119 14.055343 69.546897 20.028528 7.219564 -19.401481 4.515594 0.000000 -11.519822 -0.000000 7.172534 -50.428450 10.403837 -32.712977 71.931160 -30.925430 -4.761906 -24.873722 -11.441090 -0.000000 -0.000000 0.000000
-5.075410 82.448756 131.893063 17.968270 10.582647 -1.564281 -0.384947 10.462000 0.149429 -0.181333 -1.176684 0.074609 -0.181899 4.643719 0.056140 -0.132303 9.319456 0.043954 0.503723 3.249766 0.380412 0.815288 -29.994183 0.483310 -2.200762 2.300192 9.020244 21.876754 -22.537263 54.192412 1.673104 25.956172 -4.949382 14.059417 12.950785 6.430570 -1.034787 0.558833 -4.383824 -2.520649 -19.308318 -67.808181 -5.877223 33.779647 6.435213 -5.486858 16.443300 -1.482329 -7.827155 -47.868911 -5.053470 11.456327 66.687577 17.346413 7.150091 -19.598160 4.411869 0.000000 -9.697066 -0.000000 7.502755 -48.108909 9.979717 -27.168416 69.560268 -25.159001 -4.754150 -25.380599 -11.251426 -0.000000 0.000000 0.000000
-5.078558 83.568279 132.138193 17.991269 10.212279 -1.562507 -0.371447 10.335621 0.150168 -0.175344 -1.232848 0.074543 -0.175874 4.587556 0.056686 -0.127752 9.277334 0.044302 0.470708 3.359666 0.399256 0.734921 -29.790164 0.542963 -2.261029 2.228601 9.107676 21.486238 -22.082472 54.703121 1.630291 26.074305 -4.960996 14.018246 12.997657 6.448893 -0.943513 0.505973 -4.456045 -2.467433 -18.802984 -68.128236 -5.852980 34.218083 6.529857 -5.378192 16.751398 -1.578135 -8.093727 -45.474074 -4.609580 9.563735 63.638949 15.358897 6.938883 -19.677435 4.287765 0.000000 -8.003932 0.000000 7.798678 -45.755596 9.512386 -23.676344 66.642888 -21.597163 -4.356341 -25.645120 -10.838643 0.000000 0.000000 -0.000000
-5.030614 84.666114 132.371076 17.995754 9.850012 -1.552924 -0.359536 10.209533 0.141309 -0.169417 -1.288877 0.070283 -0.169912 4.531529 0.053030 -0.123542 9.235315 0.041468 0.438127 3.481666 0.415420 0.657370 -29.563620 0.596510 -2.310216 2.098517 9.196845 21.070495 -21.580104 55.227015 1.566574 26.307431 -4.994397 14.018119 12.997788 6.491413 -0.819285 0.399691 -4.534490 -2.501912 -18.260600 -68.397053 -5.720298 34.759827 6.731631 -5.263048 16.935233 -1.697246 -8.257178 -43.034675 -4.214426 7.836182 60.488110 13.519747 6.792127 -19.717386 4.278566 -0.000000 -6.279936 0.000000 8.136523 -43.367496 8.964517 -20.907865 63.620478 -18.700826 -4.016893 -25.762274 -10.368973 -0.000000 0.000000 0.000000
-4.946353 85.742663 132.616029 18.005567 9.455359 -1.538536 -0.355627 10.109125 0.123819 -0.166484 -1.333489 0.062410 -0.166957 4.486918 0.045457 -0.121856 9.201860 0.035690 0.406748 3.594025 0.432344 0.582144 -29.354940 0.650603 -2.384139 1.951296 9.274751 20.696793 -21.068596 55.747298 1.502957 26.561851 -5.027531 14.039761 12.954709 6.585425 -0.679724 0.261991 -4.600265 -2.598455 -17.698762 -68.618462 -5.563606 35.141041 6.938358 -5.143967 17.080683 -1.824236 -8.403721 -40.526575 -3.858014 6.194054 57.266263 11.722610 6.785248 -19.633719 4.282161 -0.000000 -4.756673 0.000000 8.364852 -40.899000 8.533934 -17.403896 60.557006 -15.116336 -4.315883 -25.628836 -10.053380 -0.000000 -0.000000 -0.000000
-4.838031 86.783864 132.876640 18.023141 9.046528 -1.522634 -0.357037 10.027013 0.100733 -0.165555 -1.369967 0.052192 -0.166013 4.450440 0.035335 -0.121856 9.174505 0.027999 0.373116 3.682747 0.448409 0.502991 -29.190112 0.704030 -2.409277 1.854026 9.353585 20.313611 -20.619625 56.221703 1.453575 26.807464 -5.048723 14.067919 12.889825 6.702531 -0.561481 0.140393 -4.632727 -2.662141 -17.180197 -68.829099 -5.463220 35.296580 7.070810 -5.003914 17.255191 -1.959625 -8.493441 -38.032966 -3.530694 4.653588 54.007265 10.039501 6.832020 -19.375581 4.332638 0.000000 -3.445666 0.000000 8.473560 -38.398652 8.237028 -14.517186 57.385127 -12.233099 -4.801414 -25.375749 -9.784298 -0.000000 -0.000000 -0.000000
-4.734878 87.776673 133.148520 18.047118 8.629439 -1.499645 -0.372823 9.926794 0.069190 -0.170466 -1.414488 0.038533 -0.170923 4.405917 0.021176 -0.126523 9.141117 0.017288 0.343162 3.774819 0.464834 0.431457 -29.019029 0.755770 -2.409350 1.788349 9.424809 19.955919 -20.142515 56.672519 1.424826 26.978102 -5.045440 14.099106 12.801307 6.822345 -0.441095 0.080133 -4.641242 -2.661584 -16.703487 -69.029237 -5.397228 35.373842 7.132792 -4.879601 17.438068 -2.101037 -8.549675 -35.577858 -3.250037 3.452839 50.717767 8.682394 6.836355 -18.894940 4.382329 0.000000 -2.462794 0.000000 8.377063 -35.931666 8.114598 -12.211678 54.115714 -9.931089 -5.317820 -24.859759 -9.710221 0.000000 -0.000000 0.000000
-4.623660 88.715004 133.410816 18.101187 8.180185 -1.448892 -0.407605 9.835692 0.029848 -0.183327 -1.454950 0.021827 -0.183803 4.365452 0.003163 -0.137430 9.110773 0.003715 0.310270 3.872212 0.481143 0.354164 -28.838014 0.808786 -2.421565 1.622516 9.488278 19.614833 -19.556589 57.142149 1.395765 27.057745 -5.045565 14.122086 12.729419 6.949932 -0.320429 0.016284 -4.659572 -2.626346 -16.256151 -69.209747 -5.310607 35.514389 7.177289 -4.784768 17.572972 -2.256342 -8.569697 -33.160103 -2.977357 2.449817 47.481871 7.425263 6.766197 -18.229501 4.535002 -0.000000 -1.780360 0.000000 8.253262 -33.526151 7.894227 -10.835889 50.852042 -8.432222 -5.436274 -24.150033 -9.728149 0.000000 -0.000000 0.000000
-4.475398 89.596244 133.656693 18.185529 7.715631 -1.375384 -0.457872 9.749646 -0.019907 -0.202405 -1.493148 0.000836 -0.202914 4.327248 -0.019770 -0.153352 9.082127 -0.013543 0.273325 3.984746 0.503004 0.265546 -28.628802 0.875341 -2.432181 1.399282 9.555119 19.282858 -18.924628 57.614159 1.354824 27.102210 -5.070066 14.120621 12.733396 7.074700 -0.182686 -0.046080 -4.686681 -2.640515 -15.854132 -69.341342 -5.167637 35.764569 7.235416 -4.689711 17.660274 -2.432314 -8.558897 -30.768891 -2.785348 1.854200 44.249865 6.492484 6.521868 -17.322398 4.740089 0.000000 -1.471892 -0.000000 7.843471 -31.194873 7.729432 -10.000627 47.704761 -7.556902 -5.120291 -23.348061 -9.772154 0.000000 -0.000000 -0.000000
-4.285005 90.416858 133.899749 18.279758 7.194238 -1.295703 -0.520840 9.680620 -0.071778 -0.227009 -1.523765 -0.020831 -0.227566 4.296621 -0.043940 -0.173512 9.059166 -0.031698 0.240014 4.123864 0.524299 0.185266 -28.370182 0.938090 -2.363942 1.206712 9.613216 18.899599 -18.318056 58.071312 1.294948 27.127064 -5.121852 14.106038 12.793885 7.166959 -0.044762 -0.121474 -4.715210 -2.696974 -15.467973 -69.444495 -4.948357 36.098349 7.330562 -4.586464 17.773703 -2.620577 -8.315882 -28.390862 -2.800324 1.346621 41.152342 5.813274 6.256931 -16.259807 5.027697 0.000000 -1.488656 0.000000 7.475205 -28.867546 7.527948 -9.524400 44.613488 -6.961119 -4.651309 -22.433287 -9.795749 -0.000000 -0.000000 -0.000000
-4.068917 91.175213 134.155204 18.413757 6.648110 -1.213777 -0.588555 9.604897 -0.126842 -0.253536 -1.557340 -0.043842 -0.254140 4.263035 -0.069651 -0.195222 9.033988 -0.051009 0.196874 4.304513 0.551950 0.081801 -28.034282 1.018956 -2.293553 1.086395 9.655323 18.478210 -17.779775 58.518126 1.245032 27.134263 -5.151186 14.050835 12.880065 7.227912 0.111371 -0.166748 -4.760617 -2.896407 -15.087032 -69.478134 -4.676827 36.445262 7.458328 -4.475388 17.868335 -2.803074 -7.936235 -26.030218 -2.935567 0.772641 38.159011 5.243938 6.036882 -15.158884 5.430322 -0.000000 -1.474091 -0.000000 7.039707 -26.535371 7.365450 -9.130391 41.542338 -6.420467 -4.121798 -21.412309 -9.878535 -0.000000 -0.000000 -0.000000
-3.854001 91.870549 134.444506 18.591378 6.083399 -1.128827 -0.667005 9.542044 -0.182295 -0.284825 -1.585172 -0.066813 -0.285488 4.235187 -0.095805 -0.220541 9.013116 -0.070623 0.147723 4.510215 0.584077 -0.035710 -27.651691 1.111633 -2.267073 0.932180 9.670203 18.065148 -17.250275 58.972301 1.191789 27.129714 -5.161736 13.969478 12.959767 7.303694 0.237930 -0.218405 -4.807362 -3.196198 -14.721342 -69.488092 -4.359382 36.697928 7.629424 -4.395534 17.959245 -2.988313 -7.701471 -23.662327 -3.004748 0.510338 35.221986 4.828923 5.743148 -14.111632 5.897756 0.000000 -1.321871 -0.000000 6.794474 -24.181356 7.144878 -8.753567 38.444159 -5.750064 -3.824213 -20.277055 -10.025310 0.000000 -0.000000 0.000000
-3.634941 92.504037 134.772186 18.812410 5.520552 -1.046512 -0.752471 9.476005 -0.241959 -0.318979 -1.614391 -0.091532 -0.319703 4.205951 -0.123999 -0.248154 8.991206 -0.091765 0.088597 4.744526 0.627709 -0.179075 -27.215661 1.232440 -2.302594 0.727043 9.683677 17.676604 -16.683375 59.432345 1.139114 27.158521 -5.160283 13.882166 13.019131 7.406556 0.320967 -0.284765 -4.830849 -3.533286 -14.332836 -69.516748 -4.066104 36.844640 7.823388 -4.310549 18.015944 -3.186397 -7.773292 -21.343468 -2.943813 0.711594 32.312618 4.542245 5.314311 -13.057439 6.391617 -0.000000 -1.110314 0.000000 6.967404 -21.818686 6.743276 -8.496378 35.354275 -4.896724 -3.858300 -19.090249 -10.275378 -0.000000 -0.000000 0.000000
-3.411748 93.066937 135.137705 19.035093 4.936869 -1.000835 -0.852352 9.416103 -0.285589 -0.360608 -1.640881 -0.108890 -0.361409 4.179436 -0.145593 -0.280915 8.971339 -0.107855 0.040112 4.999032 0.667576 -0.297205 -26.742119 1.338141 -2.303832 0.483286 9.678348 17.303579 -16.087104 59.868189 1.075937 27.237668 -5.161898 13.819195 13.067696 7.521262 0.427813 -0.366468 -4.858379 -3.834909 -13.932021 -69.551207 -3.864581 36.920629 7.973571 -4.225873 18.075272 -3.375453 -7.854128 -19.076402 -2.946227 0.982813 29.535545 4.437305 4.915517 -12.011608 6.827125 0.000000 -0.978965 0.000000 7.106587 -19.459262 6.462139 -8.468649 32.383637 -4.283732 -3.875832 -18.005787 -10.491743 0.000000 -0.000000 -0.000000
-3.211634 93.552253 135.505833 19.243106 4.337315 -0.996700 -0.960553 9.351914 -0.307107 -0.407396 -1.669298 -0.116348 -0.408281 4.150986 -0.157812 -0.316890 8.950019 -0.116808 0.003295 5.263491 0.698987 -0.385712 -26.250216 1.418957 -2.291016 0.199283 9.647835 16.975465 -15.425792 60.274104 1.011916 27.373732 -5.177774 13.775899 13.122558 7.626501 0.558601 -0.460265 -4.914415 -4.058117 -13.521725 -69.585367 -3.760951 36.998227 8.061383 -4.136036 18.185639 -3.518368 -7.949902 -16.854140 -2.984743 1.236809 26.811968 4.410535 4.565374 -10.991911 7.262971 0.000000 -0.671755 0.000000 6.922824 -17.241764 6.499205 -8.489836 29.627409 -4.039858 -3.723929 -17.019943 -10.682063 0.000000 0.000000 -0.000000
-3.037758 93.963892 135.854004 19.420521 3.761431 -1.016256 -1.056356 9.260506 -0.321085 -0.449187 -1.709829 -0.120821 -0.450131 4.110423 -0.166536 -0.348865 8.919613 -0.123159 -0.033310 5.530868 0.726565 -0.470843 -25.752874 1.491079 -2.261775 -0.064157 9.616577 16.685524 -14.736917 60.635935 0.957238 27.525271 -5.202265 13.733554 13.179015 7.714581 0.681225 -0.528102 -4.986018 -4.168421 -13.139499 -69.625728 -3.730697 37.200221 8.113192 -4.044493 18.315353 -3.619754 -8.041523 -14.761231 -2.959244 1.290572 24.175483 4.278322 4.362960 -9.999904 7.721057 0.000000 -0.243651 0.000000 6.739791 -15.065842 6.570891 -8.538571 26.943065 -3.895581 -3.304781 -16.137687 -10.895257 0.000000 -0.000000 0.000000
-2.845995 94.310103 136.185093 19.552468 3.201330 -1.047197 -1.117015 9.149752 -0.337931 -0.475176 -1.758971 -0.127346 -0.476133 4.061260 -0.175703 -0.369006 8.882754 -0.129962 -0.082595 5.800533 0.755070 -0.581362 -25.251018 1.571294 -2.284197 -0.256362 9.592606 16.483173 -14.083461 60.938262 0.918287 27.635195 -5.219701 13.676249 13.242044 7.810555 0.785898 -0.542671 -5.047374 -4.210948 -12.818418 -69.652684 -3.744902 37.520868 8.135120 -4.009870 18.389401 -3.714063 -8.072003 -12.710901 -3.085179 1.219763 21.630065 4.254376 4.253992 -9.091464 8.234775 -0.000000 0.000000 0.000000 6.629806 -12.911520 6.652783 -8.324451 24.326766 -3.648638 -3.121776 -15.285014 -11.112823 0.000000 0.000000 -0.000000
-2.682540 94.597642 136.495197 19.663872 2.701869 -1.079311 -1.171134 9.023524 -0.356618 -0.498159 -1.814985 -0.134888 -0.499113 4.005227 -0.185580 -0.386938 8.840742 -0.137331 -0.131606 6.054652 0.778751 -0.688180 -24.778017 1.641083 -2.323657 -0.385610 9.562893 16.343926 -13.530572 61.182546 0.899809 27.695076 -5.216023 13.599783 13.305660 7.911287 0.919361 -0.612290 -5.125044 -4.227508 -12.481582 -69.659280 -3.799892 37.827800 8.111204 -4.002165 18.417899 -3.779821 -8.310772 -10.755956 -3.111414 1.043218 19.192538 4.075042 4.348071 -8.355305 8.779369 -0.000000 0.000000 0.000000 6.504103 -10.962051 6.836109 -8.138759 21.845685 -3.539603 -2.915945 -14.433861 -11.351832 0.000000 0.000000 0.000000
-2.539141 94.831627 136.786331 19.733015 2.231345 -1.114178 -1.215990 8.891568 -0.378309 -0.516842 -1.873539 -0.143985 -0.517777 3.946655 -0.196574 -0.401721 8.796826 -0.145579 -0.173240 6.289858 0.799776 -0.778421 -24.340227 1.701218 -2.385301 -0.524034 9.545883 16.260557 -12.984564 61.380238 0.904694 27.712865 -5.189139 13.516136 13.379112 7.991951 1.072330 -0.741820 -5.231535 -4.219657 -12.092390 -69.635634 -3.896774 38.036924 8.050832 -4.003641 18.409640 -3.813542 -8.654983 -8.898836 -3.057558 0.893992 16.852213 3.822551 4.530523 -7.723766 9.146147 0.000000 0.000000 0.000000 6.673979 -9.104403 6.980556 -8.051210 19.472142 -3.407994 -2.937478 -13.694970 -11.489432 0.000000 0.000000 -0.000000
-2.419724 95.014580 137.052171 19.785502 1.795313 -1.132584 -1.287022 8.760255 -0.404344 -0.546909 -1.931769 -0.154535 -0.547841 3.888397 -0.210180 -0.425230 8.753152 -0.155735 -0.185507 6.500792 0.813618 -0.805900 -23.948097 1.731238 -2.433087 -0.724053 9.520653 16.221744 -12.430551 61.541401 0.907842 27.760721 -5.149819 13.450899 13.443807 8.034208 1.261164 -0.863879 -5.376937 -4.126342 -11.758529 -69.579268 -4.043797 38.160521 7.935920 -4.019405 18.433354 -3.836328 -8.993467 -7.197600 -2.937737 0.896769 14.672965 3.558047 4.592561 -7.166233 9.251385 -0.000000 0.000000 0.000000 6.923312 -7.389235 7.039656 -7.956609 17.322525 -3.193723 -3.073467 -13.141274 -11.571813 0.000000 0.000000 0.000000
-2.297007 95.137972 137.269129 19.835068 1.449692 -1.138127 -1.367656 8.592902 -0.439159 -0.580743 -2.005973 -0.168952 -0.581656 3.814159 -0.228034 -0.451861 8.697499 -0.169102 -0.183309 6.697411 0.823447 -0.802433 -23.582865 1.745703 -2.476348 -0.852270 9.501206 16.179990 -11.991972 61.665732 0.903295 27.842962 -5.107055 13.398447 13.484838 8.067329 1.422849 -0.877632 -5.504981 -3.918213 -11.547268 -69.524139 -4.194790 38.270164 7.810724 -4.027087 18.470310 -3.821924 -9.287130 -5.708541 -2.900692 0.907477 12.731126 3.424842 4.651151 -6.800114 9.161772 -0.000000 0.000000 -0.000000 7.143933 -5.912650 7.020715 -7.940192 15.423578 -3.019611 -3.152520 -12.690390 -11.485365 -0.000000 0.000000 -0.000000
-2.190061 95.204063 137.399616 19.886384 1.141126 -1.144104 -1.451913 8.425028 -0.478565 -0.615925 -2.080378 -0.185402 -0.616811 3.739717 -0.248058 -0.479655 8.641697 -0.184111 -0.169381 6.870229 0.827558 -0.773015 -23.262130 1.743062 -2.483824 -0.935469 9.509862 16.058865 -11.645625 61.776934 0.904957 27.934301 -5.082792 13.369357 13.499341 8.085982 1.561735 -0.890458 -5.628278 -3.640949 -11.349314 -69.472462 -4.304101 38.420005 7.727757 -4.090107 18.490199 -3.794110 -9.324474 -4.435537 -2.892314 0.712959 11.038620 3.355046 4.717134 -6.544720 8.921880 -0.000000 0.000000 -0.000000 7.200206 -4.657433 6.951133 -7.799644 13.738596 -2.816949 -3.218787 -12.242405 -11.246561 0.000000 -0.000000 -0.000000
-2.086689 95.231966 137.450841 19.948688 0.838722 -1.140524 -1.539829 8.280208 -0.526061 -0.652228 -2.144489 -0.205352 -0.653091 3.675565 -0.271696 -0.508549 8.593617 -0.201848 -0.146454 7.005643 0.829913 -0.725601 -23.011032 1.733072 -2.474216 -1.181404 9.591926 15.817129 -11.203744 61.864156 0.923003 28.033975 -5.046623 13.339695 13.510674 8.077332 1.679815 -0.983179 -5.781376 -3.374315 -11.080817 -69.400683 -4.310851 38.553496 7.738764 -4.123896 18.489914 -3.718451 -9.232423 -3.274072 -2.858709 0.527117 9.484517 3.253853 4.643402 -6.356545 8.664075 0.000000 0.000000 0.000000 7.182514 -3.528602 6.824111 -7.658906 12.256120 -2.640122 -3.252675 -11.824442 -10.908841 -0.000000 -0.000000 0.000000
-1.981608 95.240018 137.506858 20.003918 0.569415 -1.137724 -1.605530 8.150934 -0.577133 -0.678429 -2.201687 -0.227280 -0.679256 3.618337 -0.296284 -0.529933 8.550728 -0.220363 -0.126302 7.113243 0.840895 -0.688897 -22.811399 1.742398 -2.523423 -1.391246 9.710224 15.593939 -10.865132 61.886674 0.918253 28.123961 -4.990053 13.300961 13.512692 8.055133 1.742515 -1.052296 -5.959518 -3.192258 -10.853930 -69.286644 -4.177706 38.584301 7.841617 -4.152174 18.519447 -3.617996 -9.368127 -2.085742 -2.901905 0.522051 7.965733 3.260549 4.632932 -6.247430 8.483714 -0.000000 -0.000000 -0.000000 7.256437 -2.436705 6.782884 -7.375531 10.850660 -2.492832 -3.553032 -11.462768 -10.592142 -0.000000 0.000000 -0.000000
-1.870737 95.245232 137.595520 20.058759 0.298874 -1.153707 -1.710668 8.056272 -0.613916 -0.723053 -2.243489 -0.242101 -0.723880 3.576479 -0.315640 -0.564770 8.519374 -0.234796 -0.075709 7.204039 0.851650 -0.591818 -22.643478 1.735890 -2.451965 -1.285216 9.761494 15.471478 -10.917108 61.813923 0.844003 28.179509 -4.923875 13.261468 13.532143 8.021931 1.897580 -1.077790 -6.187163 -3.079564 -10.725831 -69.155905 -3.902344 38.529170 8.017033 -4.178258 18.590735 -3.512548 -9.581821 -0.911279 -3.005200 0.333341 6.539338 3.337039 4.899111 -6.138074 8.389699 -0.000000 -0.000000 0.000000 7.217459 -1.398334 6.857852 -6.933167 9.573334 -2.461644 -3.950905 -11.125131 -10.326140 -0.000000 0.000000 -0.000000
-1.770174 95.255299 137.695303 20.094438 0.060732 -1.190665 -1.791919 7.973388 -0.642436 -0.757557 -2.280106 -0.253670 -0.758375 3.539817 -0.330716 -0.591711 8.491910 -0.246047 -0.018788 7.294083 0.870697 -0.486582 -22.476917 1.742801 -2.412128 -1.106487 9.830139 15.411163 -11.057247 61.703823 0.730942 28.241783 -4.876008 13.217686 13.569772 7.986416 1.994307 -0.990020 -6.369705 -2.953782 -10.734173 -69.037513 -3.566365 38.437544 8.202895 -4.156195 18.635200 -3.390233 -9.615522 0.124227 -3.076438 -0.020186 5.250401 3.386281 5.168401 -5.926628 8.423649 -0.000000 -0.000000 0.000000 6.941527 -0.489047 6.968296 -6.631752 8.476001 -2.484327 -3.964915 -10.799529 -10.212595 -0.000000 0.000000 0.000000
-1.699973 95.265811 137.774341 20.101494 -0.123628 -1.230472 -1.849201 7.891850 -0.660981 -0.782021 -2.316190 -0.261255 -0.782815 3.503699 -0.340785 -0.610766 8.464845 -0.253567 0.035670 7.376681 0.882597 -0.382839 -22.324221 1.737045 -2.412636 -1.076180 9.894314 15.368451 -11.072841 61.638376 0.560276 28.333856 -4.872478 13.187157 13.610188 7.938267 2.028373 -0.856357 -6.505707 -2.756193 -10.839054 -68.962336 -3.180409 38.346791 8.389532 -4.128935 18.690269 -3.286672 -9.472846 0.940745 -3.070011 -0.359788 4.233814 3.362401 5.277899 -5.786978 8.547931 -0.000000 -0.000000 -0.000000 6.616592 0.244322 7.012019 -6.283945 7.517965 -2.467041 -3.962975 -10.452920 -10.201281 -0.000000 0.000000 0.000000
-1.647865 95.257573 137.812769 20.056691 -0.277321 -1.251093 -1.882132 7.818388 -0.687453 -0.795150 -2.348681 -0.272748 -0.795911 3.471190 -0.353610 -0.621516 8.440482 -0.263236 0.092937 7.442622 0.883063 -0.268077 -22.202608 1.707538 -2.422291 -1.062638 9.923483 15.359792 -11.086737 61.623983 0.346893 28.398787 -4.907240 13.168679 13.668665 7.871970 2.061561 -0.776440 -6.591577 -2.513313 -10.920638 -68.950207 -2.776081 38.273024 8.595186 -4.073875 18.773635 -3.208740 -9.245761 1.513481 -3.014161 -0.571729 3.555864 3.282358 5.251375 -5.721125 8.676770 -0.000000 -0.000000 -0.000000 6.262142 0.802809 6.963862 -6.041102 6.846711 -2.378302 -3.783400 -10.201549 -10.269918 0.000000 0.000000 0.000000
-1.625377 95.261386 137.815204 20.006760 -0.425688 -1.269762 -1.902922 7.777487 -0.714274 -0.802808 -2.366714 -0.284462 -0.803550 3.453146 -0.366102 -0.628144 8.426966 -0.272670 0.149396 7.494163 0.876905 -0.151903 -22.107744 1.665647 -2.434961 -1.126668 9.944299 15.334706 -11.060290 61.669479 0.142044 28.406556 -4.966521 13.146925 13.746898 7.823940 2.119273 -0.801344 -6.628733 -2.292640 -10.939978 -69.007880 -2.359333 38.198280 8.828177 -3.992643 18.879898 -3.157079 -9.219590 1.884540 -2.955177 -0.519052 3.164845 3.195223 5.208465 -5.683696 8.786232 -0.000000 0.000000 -0.000000 5.935475 1.229791 6.932696 -5.840414 6.369707 -2.313221 -3.594338 -10.031059 -10.354842 0.000000 0.000000 -0.000000
-1.626590 95.255753 137.789157 19.889671 -0.557575 -1.277035 -1.879059 7.771535 -0.743323 -0.790401 -2.369272 -0.297757 -0.791125 3.450606 -0.378135 -0.619696 8.425065 -0.281854 0.204737 7.532615 0.864646 -0.035145 -22.037169 1.612505 -2.457013 -1.231882 9.954610 15.308502 -11.029302 61.743999 -0.007718 28.347640 -5.022208 13.121818 13.792867 7.824191 2.156594 -0.869555 -6.623753 -2.105371 -10.968788 -69.107119 -1.963876 38.103633 9.050690 -3.891412 19.017244 -3.129961 -9.296560 2.040866 -2.926619 -0.264033 3.050201 3.137941 5.146547 -5.688227 8.857629 0.000000 0.000000 0.000000 5.962161 1.547280 6.915931 -5.831493 6.034991 -2.250183 -3.505498 -9.936923 -10.424748 0.000000 -0.000000 -0.000000
-1.651048 95.246463 137.726200 19.746780 -0.651184 -1.282780 -1.836827 7.779451 -0.766559 -0.770153 -2.365723 -0.308723 -0.770862 3.454183 -0.387042 -0.605148 8.427743 -0.288709 0.266625 7.557836 0.846629 0.097277 -21.991213 1.544843 -2.456203 -1.160114 9.912877 15.328727 -11.175079 61.791243 -0.072906 28.279842 -5.044641 13.109121 13.790081 7.852000 2.138252 -0.884254 -6.578993 -1.917467 -11.061291 -69.199693 -1.680944 37.990551 9.178820 -3.768283 19.158042 -3.129962 -9.349310 1.972258 -2.921460 -0.021376 3.180448 3.139688 5.121229 -5.695375 8.847462 0.000000 -0.000000 -0.000000 6.158506 1.724351 6.898566 -5.803148 5.839325 -2.206236 -3.589395 -9.871268 -10.416192 -0.000000 -0.000000 0.000000
-1.675235 95.234298 137.624509 19.615570 -0.693256 -1.283668 -1.802071 7.785897 -0.783364 -0.753632 -2.362845 -0.316722 -0.754328 3.457083 -0.393361 -0.593209 8.429912 -0.293584 0.339879 7.559296 0.823580 0.254489 -21.989419 1.461682 -2.407258 -0.953932 9.843413 15.393319 -11.446142 61.764444 -0.068309 28.261644 -5.031751 13.122236 13.784176 7.881219 2.071815 -0.854533 -6.499693 -1.731370 -11.170897 -69.275067 -1.544031 37.877203 9.204239 -3.647136 19.272142 -3.122886 -9.377724 1.765532 -2.954918 0.146121 3.447834 3.195789 5.140540 -5.746782 8.804254 -0.000000 -0.000000 0.000000 6.381178 1.755875 6.873420 -5.821507 5.779322 -2.179970 -3.677284 -9.829275 -10.359675 -0.000000 -0.000000 -0.000000
-1.720700 95.220109 137.496911 19.526209 -0.734148 -1.281862 -1.792592 7.801930 -0.793592 -0.748752 -2.355693 -0.321342 -0.749452 3.464242 -0.397486 -0.589845 8.435281 -0.296728 0.425550 7.541804 0.804176 0.434326 -22.022753 1.379549 -2.366850 -0.870786 9.804780 15.521326 -11.577288 61.690848 -0.038398 28.297448 -5.019911 13.133744 13.790769 7.902930 2.012919 -0.836723 -6.432890 -1.628438 -11.210150 -69.304004 -1.492366 37.790279 9.181925 -3.577742 19.334662 -3.100605 -9.185910 1.496221 -2.937985 0.093959 3.813785 3.236913 5.124471 -5.791182 8.705047 -0.000000 0.000000 -0.000000 6.514764 1.708254 6.850676 -5.826887 5.838648 -2.181497 -3.737360 -9.808073 -10.269137 -0.000000 0.000000 -0.000000
-1.784959 95.207067 137.335540 19.501253 -0.797097 -1.282132 -1.816584 7.836605 -0.794423 -0.759317 -2.340239 -0.321153 -0.760049 3.479682 -0.398372 -0.597834 8.446869 -0.297326 0.519504 7.512255 0.788272 0.628816 -22.078342 1.300105 -2.343602 -0.896288 9.802186 15.707848 -11.604601 61.579759 -0.023356 28.355618 -5.028061 13.153831 13.793233 7.895905 1.974085 -0.827886 -6.389247 -1.649350 -11.210895 -69.275502 -1.463710 37.726289 9.154667 -3.568579 19.326988 -3.087431 -8.860439 1.272785 -2.863692 -0.044945 4.122287 3.208459 4.997010 -5.766628 8.590374 0.000000 -0.000000 0.000000 6.315033 1.586119 6.787387 -5.637082 6.043796 -2.166212 -3.729172 -9.805756 -10.183975 -0.000000 0.000000 0.000000
-1.852961 95.192382 137.205782 19.523668 -0.875644 -1.293984 -1.858269 7.878743 -0.782996 -0.778504 -2.321489 -0.315198 -0.779282 3.498405 -0.394370 -0.611942 8.460921 -0.294168 0.609993 7.480939 0.775286 0.815048 -22.137002 1.228103 -2.328532 -0.930346 9.792710 15.921006 -11.624427 61.472801 -0.024199 28.361852 -5.055681 13.156635 13.788119 7.855517 1.964865 -0.834265 -6.369622 -1.770567 -11.180807 -69.219180 -1.411095 37.658659 9.164288 -3.569758 19.288600 -3.071817 -8.849825 1.238474 -2.816461 0.070212 4.252123 3.190703 4.859868 -5.790910 8.520699 -0.000000 -0.000000 -0.000000 6.179528 1.503040 6.788026 -5.525378 6.241925 -2.169478 -3.749258 -9.849017 -10.132143 0.000000 -0.000000 0.000000
-1.904308 95.176461 137.137591 19.567773 -0.956763 -1.314280 -1.898583 7.913453 -0.762941 -0.797633 -2.306083 -0.305472 -0.798453 3.513784 -0.386591 -0.625738 8.472461 -0.288152 0.687978 7.465894 0.762075 0.976718 -22.165240 1.161926 -2.322787 -0.933728 9.781983 16.110300 -11.666635 61.352104 -0.020799 28.308347 -5.067393 13.144811 13.781453 7.795546 1.967426 -0.846777 -6.370970 -1.906182 -11.153729 -69.133993 -1.344797 37.590458 9.200949 -3.574663 19.277809 -3.045020 -9.057554 1.345705 -2.799854 0.161165 4.217753 3.194896 4.937799 -5.808397 8.457609 -0.000000 -0.000000 0.000000 6.224225 1.481270 6.835329 -5.524105 6.370676 -2.194517 -3.859694 -9.916007 -10.065637 0.000000 0.000000 -0.000000
-1.928011 95.161262 137.115830 19.611166 -1.036173 -1.336238 -1.926264 7.937422 -0.740981 -0.811277 -2.295482 -0.295163 -0.812128 3.524367 -0.377670 -0.635339 8.480398 -0.281308 0.750881 7.472895 0.749841 1.107996 -22.152379 1.105397 -2.321910 -0.992484 9.785593 16.210884 -11.650966 61.245738 -0.007276 28.231400 -5.054645 13.125540 13.754760 7.751648 1.988607 -0.875445 -6.377159 -1.989844 -11.147457 -69.044509 -1.270840 37.522549 9.250791 -3.587492 19.299436 -2.994912 -9.282087 1.515644 -2.824359 0.172846 4.083230 3.228200 5.102919 -5.797201 8.430656 -0.000000 0.000000 0.000000 6.307038 1.498046 6.875389 -5.572584 6.450893 -2.214513 -3.965595 -9.974276 -9.977804 -0.000000 0.000000 0.000000
-1.896795 95.151782 137.145316 19.625610 -1.107500 -1.359833 -1.925573 7.947285 -0.720660 -0.812217 -2.291188 -0.286130 -0.813076 3.528659 -0.368734 -0.635409 8.483609 -0.274531 0.790401 7.508251 0.742124 1.190494 -22.086761 1.069907 -2.314912 -1.013278 9.787900 16.225886 -11.674595 61.152967 -0.001614 28.167404 -5.026140 13.105084 13.719150 7.744187 2.040241 -0.900120 -6.387504 -2.006402 -11.194086 -68.972317 -1.172985 37.488421 9.325636 -3.600617 19.240727 -2.901172 -9.390752 1.670428 -2.815057 0.142594 3.980142 3.231952 5.231492 -5.823833 8.410755 0.000000 0.000000 -0.000000 6.448830 1.520602 6.908065 -5.614546 6.542661 -2.232434 -4.104787 -10.082352 -9.892888 -0.000000 0.000000 -0.000000
-1.901193 95.126833 137.165499 19.631887 -1.172490 -1.381585 -1.912549 7.954307 -0.703726 -0.807462 -2.288160 -0.278823 -0.808321 3.531694 -0.360943 -0.631289 8.485875 -0.268656 0.816271 7.562546 0.737808 1.244083 -21.985942 1.048268 -2.331677 -1.044703 9.798481 16.179839 -11.690959 61.087343 0.005100 28.162327 -4.999558 13.084249 13.710071 7.751437 2.066370 -0.940192 -6.391133 -1.904934 -11.271527 -68.892834 -1.116295 37.472946 9.369640 -3.608205 19.273147 -2.826692 -9.407902 1.785064 -2.779047 0.086011 3.900997 3.200064 5.297827 -5.814500 8.415557 0.000000 0.000000 0.000000 6.555556 1.548489 6.939964 -5.581595 6.607953 -2.241400 -4.263339 -10.134015 -9.859479 0.000000 0.000000 -0.000000
-1.881127 95.107523 137.186663 19.611240 -1.221642 -1.389998 -1.883330 7.952162 -0.694806 -0.795016 -2.289194 -0.275384 -0.795861 3.530677 -0.356238 -0.621619 8.485100 -0.265166 0.827893 7.621830 0.735205 1.268463 -21.875844 1.037368 -2.360966 -1.073679 9.815019 16.108855 -11.698918 61.030452 -0.000711 28.237734 -4.975091 13.078141 13.716299 7.755604 2.094771 -0.963509 -6.390226 -1.746070 -11.388339 -68.804045 -1.095854 37.460910 9.376016 -3.616577 19.379833 -2.759650 -9.460328 1.876868 -2.783730 0.089695 3.842438 3.186197 5.366164 -5.831490 8.450939 0.000000 -0.000000 -0.000000 6.654700 1.551421 6.965705 -5.484703 6.706080 -2.247056 -4.452504 -10.201251 -9.856354 0.000000 -0.000000 0.000000
-1.838344 95.102510 137.205586 19.585659 -1.253871 -1.386069 -1.852529 7.946228 -0.689027 -0.781676 -2.291901 -0.273379 -0.782502 3.527989 -0.352876 -0.611374 8.483073 -0.262700 0.829173 7.671523 0.731422 1.272905 -21.783547 1.029382 -2.392529 -1.112267 9.827736 16.059080 -11.680033 60.970845 -0.023581 28.340638 -4.962937 13.087625 13.735509 7.764658 2.124996 -0.985723 -6.391925 -1.569640 -11.511250 -68.713039 -1.093786 37.461260 9.365374 -3.620241 19.419008 -2.719297 -9.475118 1.923957 -2.822021 0.064265 3.835481 3.201623 5.396592 -5.837333 8.529682 0.000000 -0.000000 -0.000000 6.750200 1.538369 6.977808 -5.424813 6.836844 -2.255516 -4.604078 -10.305449 -9.838120 0.000000 0.000000 0.000000
-1.826047 95.092120 137.219374 19.561477 -1.255644 -1.375173 -1.824864 7.939447 -0.685702 -0.769580 -2.294968 -0.272411 -0.770389 3.524938 -0.350677 -0.602145 8.480776 -0.261108 0.822050 7.697784 0.725858 1.261594 -21.734756 1.022055 -2.419011 -1.144864 9.831169 16.068576 -11.658664 60.912037 -0.059748 28.392682 -4.965873 13.098409 13.765046 7.766472 2.154575 -1.022054 -6.392312 -1.416834 -11.613690 -68.617499 -1.112705 37.442133 9.336558 -3.617205 19.441387 -2.657523 -9.346255 1.888625 -2.856329 -0.018778 3.906094 3.219254 5.385502 -5.906213 8.538565 -0.000000 -0.000000 -0.000000 6.731287 1.446605 6.977231 -5.315779 7.054250 -2.272426 -4.705497 -10.428736 -9.809475 -0.000000 0.000000 0.000000
-1.807532 95.069533 137.195880 19.541048 -1.221970 -1.358711 -1.798777 7.936622 -0.682178 -0.758192 -2.296276 -0.271309 -0.758987 3.523646 -0.348418 -0.593443 8.479798 -0.259464 0.809436 7.687741 0.715641 1.241772 -21.753365 1.008164 -2.438973 -1.184255 9.829991 16.124344 -11.638666 60.853306 -0.103123 28.370491 -4.983226 13.087621 13.784282 7.758574 2.172473 -1.075496 -6.392552 -1.305775 -11.692423 -68.515908 -1.144865 37.387573 9.291376 -3.619611 19.496612 -2.612483 -9.099236 1.747146 -2.842588 -0.157243 4.091223 3.198505 5.323120 -6.029859 8.511929 0.000000 0.000000 -0.000000 6.570397 1.257967 6.968942 -5.123359 7.387605 -2.311074 -4.759354 -10.576520 -9.754676 -0.000000 -0.000000 0.000000
-1.834033 95.040366 137.164834 19.532873 -1.146415 -1.333248 -1.786242 7.936509 -0.676166 -0.752987 -2.296369 -0.268862 -0.753777 3.523560 -0.345441 -0.589327 8.479728 -0.257240 0.797310 7.642144 0.699791 1.225797 -21.837982 0.982735 -2.443458 -1.236214 9.816600 16.210455 -11.630796 60.788698 -0.139356 28.296721 -5.002693 13.067798 13.789164 7.736526 2.187440 -1.133804 -6.400060 -1.229962 -11.768603 -68.407119 -1.183800 37.329185 9.227321 -3.633500 19.543847 -2.562039 -8.949085 1.515085 -2.824797 -0.274965 4.354663 3.172375 5.321701 -6.194745 8.484251 0.000000 -0.000000 0.000000 6.385680 0.966043 6.937924 -4.996619 7.829374 -2.345126 -4.747919 -10.769705 -9.706643 -0.000000 0.000000 -0.000000
-1.850302 95.009585 137.120331 19.540325 -1.012875 -1.300284 -1.787104 7.923089 -0.671051 -0.753709 -2.302352 -0.266639 -0.754492 3.517576 -0.343291 -0.589714 8.475238 -0.255614 0.787974 7.569727 0.682727 1.216007 -21.972404 0.953378 -2.436698 -1.254371 9.801985 16.291769 -11.671672 60.708613 -0.152448 28.227754 -5.013131 13.046837 13.778138 7.723128 2.199563 -1.160872 -6.405624 -1.186303 -11.855111 -68.304788 -1.219529 37.276124 9.171743 -3.670906 19.565723 -2.505818 -8.965579 1.191712 -2.849470 -0.359218 4.688417 3.176374 5.441988 -6.399828 8.479146 0.000000 -0.000000 0.000000 6.286337 0.564935 6.911959 -4.968590 8.375378 -2.385408 -4.756722 -11.024641 -9.666275 -0.000000 0.000000 -0.000000
-1.882188 94.974980 137.080043 19.558945 -0.817696 -1.258319 -1.790619 7.899283 -0.670088 -0.755370 -2.312932 -0.266254 -0.756140 3.506994 -0.343075 -0.590942 8.467303 -0.255450 0.775289 7.470003 0.667631 1.198604 -22.157545 0.929529 -2.444106 -1.253895 9.793696 16.360348 -11.763720 60.616239 -0.149082 28.185136 -5.013997 13.034203 13.756766 7.714031 2.174698 -1.163408 -6.408054 -1.168041 -11.957054 -68.188114 -1.258855 37.183329 9.114469 -3.723807 19.616627 -2.416418 -9.073237 0.743196 -2.887762 -0.419073 5.141670 3.191600 5.612623 -6.644576 8.473230 0.000000 0.000000 0.000000 6.255981 -0.007257 6.891216 -4.921322 9.142124 -2.449318 -4.893018 -11.393519 -9.613126 0.000000 -0.000000 -0.000000
-1.911927 94.936661 137.035732 19.585586 -0.565276 -1.217088 -1.794653 7.869587 -0.671640 -0.757115 -2.326117 -0.267000 -0.757869 3.493806 -0.343997 -0.592312 8.457413 -0.256151 0.762513 7.347638 0.656798 1.178867 -22.384750 0.914124 -2.460187 -1.235071 9.791813 16.428822 -11.915553 60.512777 -0.149358 28.161158 -5.001022 13.020572 13.734687 7.702749 2.118191 -1.177435 -6.405642 -1.148995 -12.058950 -68.064365 -1.294244 37.072771 9.073870 -3.793280 19.653414 -2.320883 -9.212594 0.144383 -2.913161 -0.484921 5.756600 3.199593 5.807664 -6.938271 8.463280 -0.000000 0.000000 0.000000 6.225442 -0.647399 6.867254 -4.879199 9.924998 -2.514563 -5.037459 -11.752403 -9.576860 0.000000 0.000000 -0.000000
-1.946199 94.905174 136.974399 19.615875 -0.250748 -1.176473 -1.801351 7.823335 -0.673399 -0.760058 -2.346657 -0.267864 -0.760787 3.473263 -0.345159 -0.594597 8.442008 -0.257034 0.751554 7.217026 0.647843 1.161782 -22.627275 0.901507 -2.464717 -1.185169 9.793196 16.498159 -12.117145 60.401534 -0.160368 28.157567 -4.994056 12.996604 13.736415 7.706720 2.059525 -1.188451 -6.391955 -1.141382 -12.155164 -67.963573 -1.321297 36.969315 9.073958 -3.848550 19.722988 -2.216452 -9.193430 -0.657995 -2.916173 -0.759699 6.577840 3.201114 5.807054 -6.987348 8.862088 -0.000000 0.000000 -0.000000 6.241621 -1.512441 6.861136 -4.791380 11.019219 -2.570967 -5.305968 -12.239648 -9.578004 0.000000 -0.000000 0.000000
-2.057991 94.882701 136.916152 19.652964 0.097815 -1.146918 -1.807783 7.768821 -0.666447 -0.763433 -2.370904 -0.264911 -0.764133 3.449011 -0.342547 -0.596936 8.423819 -0.255061 0.740474 7.090976 0.634647 1.146657 -22.861317 0.880525 -2.464136 -1.145400 9.797629 16.572781 -12.305958 60.292536 -0.185711 28.166753 -5.010874 12.972267 13.766526 7.738322 2.019682 -1.159887 -6.361463 -1.149637 -12.292374 -67.897465 -1.323951 36.914814 9.105327 -3.891168 19.766884 -2.136499 -9.051094 -1.646303 -2.849434 -1.245824 7.634305 3.162988 5.794937 -6.896017 9.487760 -0.000000 0.000000 0.000000 6.253083 -2.571307 6.841186 -4.745678 12.356762 -2.577106 -5.558888 -12.775827 -9.623464 0.000000 0.000000 0.000000
-2.191936 94.860109 136.783044 19.684822 0.461222 -1.135135 -1.805069 7.725127 -0.648998 -0.763369 -2.390398 -0.257415 -0.764043 3.429517 -0.335042 -0.596347 8.409192 -0.249398 0.741127 6.971280 0.614643 1.158536 -23.083530 0.839830 -2.462403 -1.096032 9.783770 16.638846 -12.526598 60.201854 -0.193591 28.174431 -5.038081 12.941108 13.796416 7.775818 1.986022 -1.134697 -6.318025 -1.179314 -12.446709 -67.841459 -1.341107 36.872864 9.120326 -3.922585 19.784926 -2.095494 -8.949274 -2.787425 -2.707925 -1.712668 8.899599 3.072580 5.880442 -6.945958 10.032892 0.000000 0.000000 0.000000 6.219247 -3.874590 6.779151 -4.807416 13.932793 -2.551060 -5.638507 -13.217477 -9.747747 0.000000 -0.000000 -0.000000
-2.359330 94.831283 136.640322 19.683052 0.796457 -1.133364 -1.774358 7.710686 -0.623610 -0.751287 -2.396960 -0.246741 -0.751943 3.422971 -0.323139 -0.586436 8.404265 -0.240460 0.741575 6.857858 0.584730 1.175310 -23.294046 0.779362 -2.486329 -1.079141 9.763989 16.710351 -12.716803 60.111335 -0.170787 28.167143 -5.061393 12.904840 13.820221 7.807717 1.943761 -1.130917 -6.257326 -1.234347 -12.597696 -67.805192 -1.394707 36.820806 9.105366 -3.929585 19.799867 -2.040418 -9.043802 -4.001860 -2.618444 -1.881824 10.335037 3.041412 5.736768 -7.099562 10.743513 -0.000000 -0.000000 0.000000 6.215431 -5.174348 6.724351 -4.874187 15.532424 -2.521387 -5.543174 -13.427971 -10.310399 -0.000000 -0.000000 -0.000000
-2.532361 94.780015 136.466092 19.625873 1.117502 -1.129481 -1.713957 7.721332 -0.596356 -0.726070 -2.392413 -0.235629 -0.726710 3.427551 -0.309464 -0.566552 8.407674 -0.230242 0.744512 6.748261 0.547417 1.201111 -23.497402 0.702652 -2.469629 -1.013673 9.722876 16.773340 -12.974276 59.984630 -0.127676 28.157207 -5.067742 12.895121 13.824799 7.826736 1.896915 -1.153244 -6.183850 -1.295894 -12.736583 -67.787457 -1.500426 36.751799 9.051143 -3.950293 19.811990 -2.002411 -9.036494 -5.351956 -2.630958 -1.936754 12.046249 3.155394 5.657210 -7.421665 11.291260 0.000000 0.000000 -0.000000 6.514634 -6.609818 6.780801 -5.133748 17.369729 -2.674173 -5.660458 -13.830169 -10.806476 -0.000000 -0.000000 -0.000000
-2.711636 94.683352 136.304927 19.540350 1.455021 -1.114628 -1.645103 7.740798 -0.572114 -0.696894 -2.383938 -0.225962 -0.697519 3.436063 -0.296830 -0.543774 8.414032 -0.220833 0.752244 6.651076 0.508989 1.237258 -23.677664 0.621064 -2.409815 -0.929083 9.682522 16.856748 -13.268437 59.794133 -0.090422 28.159292 -5.066477 12.897810 13.809784 7.839991 1.854172 -1.171235 -6.099024 -1.319945 -12.908189 -67.783649 -1.650703 36.716007 8.958438 -3.999741 19.807331 -1.946756 -8.876115 -6.887119 -2.714554 -1.930877 14.072554 3.332948 5.403714 -8.085040 11.745424 0.000000 -0.000000 0.000000 7.129977 -8.061361 6.982808 -5.453220 19.244851 -3.007903 -6.202674 -14.356987 -11.212855 0.000000 -0.000000 0.000000
-2.893888 94.527385 136.161961 19.412063 1.813061 -1.079643 -1.565723 7.761431 -0.557316 -0.662450 -2.374916 -0.220656 -0.663054 3.445127 -0.288023 -0.517318 8.420806 -0.214349 0.764638 6.576930 0.475060 1.280441 -23.815119 0.545997 -2.350350 -0.831225 9.636627 17.012324 -13.591516 59.569290 -0.080980 28.158808 -5.084789 12.897486 13.816258 7.872318 1.820546 -1.213144 -6.010365 -1.313720 -13.072670 -67.795715 -1.824817 36.716362 8.851944 -4.074578 19.799806 -1.896635 -8.641081 -8.576046 -2.873509 -1.800082 16.381505 3.657893 5.085934 -9.063166 12.065184 0.000000 -0.000000 -0.000000 7.849125 -9.472843 7.183871 -5.911025 21.046796 -3.423154 -6.568685 -14.819727 -11.814664 0.000000 0.000000 0.000000
-3.052744 94.325961 136.015715 19.253524 2.206767 -0.999258 -1.488799 7.765135 -0.565614 -0.627694 -2.373332 -0.225606 -0.628266 3.446751 -0.289439 -0.491355 8.422008 -0.215616 0.782734 6.534472 0.449263 1.330686 -23.893726 0.484319 -2.340625 -0.808526 9.598346 17.265049 -13.836101 59.345452 -0.105452 28.129895 -5.131032 12.888308 13.839617 7.919704 1.811186 -1.255852 -5.924215 -1.326682 -13.217595 -67.810312 -1.996269 36.720852 8.754249 -4.166295 19.794316 -1.855488 -8.430397 -10.396718 -3.087819 -1.748615 18.901140 3.976245 5.019689 -10.154286 12.306470 0.000000 -0.000000 -0.000000 8.382896 -10.930760 7.148449 -6.301068 22.927157 -3.781806 -6.849919 -15.527236 -12.178694 0.000000 -0.000000 -0.000000
-3.097396 94.038764 135.839052 19.092216 2.604124 -0.915488 -1.422178 7.766670 -0.580355 -0.597128 -2.372682 -0.233247 -0.597671 3.447434 -0.293971 -0.468756 8.422509 -0.219220 0.806342 6.517788 0.437422 1.384453 -23.924518 0.447854 -2.355994 -0.828892 9.566454 17.582932 -14.047929 59.111802 -0.141411 28.053737 -5.174678 12.875735 13.863262 7.963614 1.813327 -1.311788 -5.839226 -1.343530 -13.347437 -67.810698 -2.145599 36.735277 8.659807 -4.244484 19.806347 -1.826236 -8.452922 -12.272147 -3.344948 -1.499743 21.555980 4.379870 5.092662 -11.201366 12.499063 0.000000 0.000000 0.000000 8.804180 -12.427767 6.980347 -6.716197 24.959038 -4.097492 -6.958648 -16.478531 -12.590032 0.000000 -0.000000 -0.000000
-3.061635 93.691559 135.671932 18.948587 2.994398 -0.773045 -1.379476 7.769937 -0.626985 -0.575234 -2.371135 -0.254607 -0.575756 3.449003 -0.313105 -0.453702 8.423687 -0.233830 0.833042 6.512535 0.437158 1.438193 -23.934139 0.433050 -2.404002 -0.934457 9.545244 17.935095 -14.180820 58.901415 -0.161441 27.946060 -5.220020 12.873929 13.867542 7.982040 1.829852 -1.401301 -5.766278 -1.370718 -13.428584 -67.783335 -2.276056 36.752171 8.578437 -4.299552 19.823220 -1.816310 -8.638098 -14.188491 -3.704733 -1.059107 24.261504 4.836855 5.197081 -12.126752 12.681726 0.000000 -0.000000 -0.000000 8.997140 -13.927886 6.895338 -6.832437 27.184739 -4.545212 -7.395532 -17.575217 -12.966735 -0.000000 0.000000 0.000000
-3.000561 93.265446 135.497823 18.845524 3.380368 -0.628784 -1.357273 7.770352 -0.680993 -0.562012 -2.370812 -0.278902 -0.562518 3.449340 -0.336055 -0.445422 8.423947 -0.251281 0.856520 6.506612 0.443398 1.482011 -23.945068 0.432999 -2.454899 -1.088466 9.544416 18.261742 -14.267407 58.696073 -0.141535 27.830447 -5.245520 12.875038 13.861380 7.963598 1.843152 -1.491490 -5.697334 -1.409662 -13.485568 -67.716713 -2.394211 36.761924 8.500329 -4.344702 19.836486 -1.820675 -8.805969 -16.131487 -4.121197 -0.565906 27.074692 5.371293 5.268870 -13.289082 12.880476 -0.000000 0.000000 0.000000 8.790952 -15.571230 6.965657 -6.632149 29.654675 -5.106527 -7.719514 -18.744726 -13.403841 0.000000 -0.000000 0.000000
-2.963816 92.762248 135.299356 18.783014 3.750976 -0.503555 -1.343449 7.773512 -0.732481 -0.552670 -2.369267 -0.301930 -0.553167 3.450894 -0.358133 -0.439990 8.425119 -0.268050 0.868545 6.494137 0.457873 1.498515 -23.968295 0.455507 -2.498318 -1.226233 9.562134 18.533106 -14.375369 58.476995 -0.078357 27.736439 -5.247631 12.877072 13.853007 7.931114 1.834970 -1.578035 -5.632128 -1.455326 -13.536374 -67.604049 -2.489352 36.775156 8.432625 -4.368180 19.836597 -1.847182 -8.924670 -18.123976 -4.442337 -0.057802 29.986949 5.879732 5.194866 -14.464969 13.057825 0.000000 -0.000000 0.000000 8.828815 -17.344277 6.948349 -6.893453 32.193453 -5.706992 -7.757161 -19.895086 -13.698032 0.000000 -0.000000 -0.000000
-2.915230 92.194224 135.056113 18.754933 4.123391 -0.394608 -1.351668 7.772387 -0.773527 -0.553792 -2.369625 -0.319978 -0.554288 3.450534 -0.376294 -0.442126 8.424860 -0.281795 0.883663 6.456223 0.471243 1.522009 -24.038738 0.473895 -2.504582 -1.413675 9.594568 18.760946 -14.421823 58.257324 0.000050 27.686570 -5.262182 12.879175 13.850796 7.897909 1.838259 -1.652447 -5.628919 -1.526892 -13.593403 -67.411283 -2.547515 36.765765 8.380000 -4.370692 19.837249 -1.881686 -8.391054 -20.144358 -4.998194 0.019838 32.907200 6.440030 4.923530 -15.466532 13.212675 -0.000000 0.000000 -0.000000 8.796821 -19.172169 6.966752 -7.122556 34.852012 -6.345937 -7.928490 -21.057328 -13.789882 -0.000000 -0.000000 -0.000000
-2.884625 91.587835 134.887953 18.742126 4.534297 -0.323042 -1.349520 7.751246 -0.803456 -0.551023 -2.378931 -0.333343 -0.551506 3.441232 -0.389378 -0.440982 8.417888 -0.291723 0.873792 6.392611 0.494721 1.490097 -24.157117 0.525704 -2.492363 -1.586120 9.678592 18.963390 -14.463332 57.984957 0.066317 27.655018 -5.264477 12.879530 13.851766 7.871993 1.848009 -1.647184 -5.629273 -1.682839 -13.730005 -67.174157 -2.532902 36.716950 8.369910 -4.366751 19.848660 -1.888415 -8.251106 -22.018845 -5.372493 0.327069 35.653886 6.959341 4.849030 -16.378811 13.263750 -0.000000 -0.000000 0.000000 9.052525 -21.012182 7.101817 -7.369026 37.579440 -6.929134 -8.532753 -22.205484 -13.949188 -0.000000 -0.000000 0.000000
-2.903992 90.936308 134.746010 18.778826 4.998779 -0.288882 -1.354805 7.711094 -0.823502 -0.552210 -2.396703 -0.342272 -0.552675 3.423458 -0.398426 -0.442518 8.404564 -0.298577 0.844174 6.310864 0.538337 1.407694 -24.309376 0.628537 -2.516218 -1.521065 9.701665 19.199732 -14.762928 57.704277 0.127314 27.635321 -5.243434 12.875848 13.861910 7.884921 1.849283 -1.572967 -5.580960 -1.850960 -13.971138 -66.966459 -2.459434 36.656374 8.415777 -4.355419 19.880607 -1.870735 -8.437656 -23.946238 -5.487351 0.453615 38.439062 7.150163 5.124085 -17.113847 13.350867 -0.000000 -0.000000 0.000000 8.644638 -23.156311 7.481447 -6.980613 40.701319 -7.406859 -9.263231 -23.209294 -14.270092 -0.000000 0.000000 -0.000000
-2.905781 90.227454 134.591927 18.825659 5.508861 -0.285233 -1.361239 7.639917 -0.829969 -0.554805 -2.428306 -0.345275 -0.555241 3.391853 -0.401691 -0.444698 8.380863 -0.301053 0.800188 6.160549 0.631634 1.269507 -24.589160 0.838998 -2.626661 -1.420091 9.645210 19.453046 -15.062458 57.537650 0.204010 27.623500 -5.228005 12.860738 13.871256 7.923415 1.818830 -1.564085 -5.533280 -1.914791 -14.137659 -66.782842 -2.393557 36.591623 8.476429 -4.350442 19.859748 -1.877182 -7.964881 -26.049658 -6.042446 0.023857 41.410382 7.394641 5.396229 -17.587822 13.606390 0.000000 0.000000 -0.000000 8.089267 -25.367923 7.947399 -6.817646 43.876228 -8.021707 -9.660096 -24.098025 -14.679122 -0.000000 -0.000000 0.000000
-2.971187 89.446883 134.452784 18.836693 6.021117 -0.294465 -1.323933 7.554358 -0.840493 -0.537710 -2.466364 -0.350841 -0.538095 3.353811 -0.405516 -0.432154 8.352322 -0.304065 0.734954 6.011945 0.738160 1.080376 -24.865445 1.088586 -2.741223 -1.358422 9.603845 19.618805 -15.258499 57.415036 0.304751 27.592881 -5.218160 12.849782 13.858711 7.977104 1.723059 -1.537378 -5.459440 -1.907828 -14.311145 -66.606205 -2.370777 36.510306 8.493015 -4.322403 19.922853 -1.867559 -7.686141 -28.344692 -6.480350 -0.093584 44.607295 7.676264 5.583175 -17.917757 13.944482 0.000000 0.000000 0.000000 7.874105 -27.680095 8.731770 -7.770189 47.049370 -9.582204 -9.862556 -24.874882 -14.971421 -0.000000 0.000000 0.000000
-3.077179 88.581045 134.315615 18.851277 6.472325 -0.291809 -1.307141 7.495632 -0.848659 -0.529844 -2.492469 -0.354929 -0.530198 3.327714 -0.408803 -0.426492 8.332745 -0.306610 0.675287 5.772718 0.877529 0.882872 -25.309505 1.402867 -2.812796 -1.305405 9.534174 19.782468 -15.422261 57.276260 0.404019 27.565685 -5.199254 12.839935 13.833846 8.040813 1.664865 -1.511281 -5.413130 -1.896344 -14.484525 -66.430123 -2.374505 36.415945 8.475533 -4.271971 19.922391 -1.925661 -7.560042 -30.805301 -6.796873 0.389483 47.954761 8.201180 5.410057 -18.205000 14.140360 -0.000000 -0.000000 0.000000 7.944566 -29.966108 9.364867 -8.854498 50.272541 -10.960187 -10.389652 -25.529619 -15.363571 0.000000 0.000000 0.000000
-3.163326 87.663013 134.187013 18.866566 6.919020 -0.332489 -1.289580 7.448604 -0.828783 -0.523330 -2.513462 -0.346559 -0.523660 3.306727 -0.399770 -0.420964 8.316997 -0.299818 0.616074 5.476331 1.004533 0.690439 -25.859097 1.694377 -2.823767 -1.328517 9.491346 19.919337 -15.518774 57.097395 0.452992 27.553535 -5.197066 12.829454 13.813072 8.082942 1.597415 -1.514146 -5.392711 -1.870275 -14.650055 -66.248377 -2.374258 36.368803 8.442202 -4.215733 19.937986 -1.979597 -6.624701 -33.129285 -7.754984 0.736258 51.236331 9.337021 5.122255 -18.486159 14.322674 0.000000 -1.920154 0.000000 8.390225 -32.325663 9.793212 -10.171419 53.541425 -12.188769 -11.159264 -25.941611 -15.887214 -0.000000 0.000000 0.000000
-3.245792 86.713716 134.096159 18.851314 7.385684 -0.457004 -1.258763 7.380570 -0.763730 -0.513705 -2.543945 -0.318442 -0.514004 3.276252 -0.370673 -0.411668 8.294121 -0.277858 0.567852 5.187327 1.099639 0.535888 -26.394737 1.917238 -2.675099 -1.078519 9.469804 20.045039 -15.868021 56.751219 0.421682 27.542880 -5.220582 12.815025 13.813380 8.119793 1.531069 -1.377281 -5.361769 -1.975358 -14.932436 -66.048916 -2.286983 36.330377 8.427483 -4.169254 19.957023 -1.995193 -6.488144 -35.358574 -8.215955 1.208785 54.310020 10.186476 5.474014 -18.712761 14.439325 0.000000 -3.119189 0.000000 8.501884 -34.704390 10.495458 -11.788115 56.828466 -13.933010 -11.703302 -26.310270 -16.411202 0.000000 -0.000000 0.000000
-3.310407 85.723170 134.024044 18.832055 7.880605 -0.582225 -1.251525 7.291484 -0.680676 -0.515682 -2.583793 -0.282024 -0.515949 3.236403 -0.334455 -0.410558 8.264217 -0.250452 0.553661 4.910259 1.158321 0.469766 -26.908623 2.048165 -2.541233 -0.841528 9.428825 20.247040 -16.217453 56.368903 0.325989 27.528993 -5.246518 12.796969 13.821881 8.145728 1.489938 -1.260368 -5.399501 -2.178361 -15.178517 -65.812607 -2.102162 36.355707 8.480991 -4.149124 19.908476 -1.981797 -6.237075 -37.567896 -8.874519 1.897482 57.372717 11.340830 5.827839 -18.863688 14.615895 0.000000 -4.556450 0.000000 8.095678 -37.164166 11.560210 -14.700728 60.020904 -17.239355 -11.793030 -26.679397 -16.722465 -0.000000 -0.000000 0.000000
-3.341048 84.725484 133.960947 18.788649 8.390926 -0.604696 -1.241016 7.197590 -0.647347 -0.513164 -2.625634 -0.267704 -0.513393 3.194564 -0.319876 -0.407624 8.232829 -0.239453 0.549790 4.640534 1.216873 0.423955 -27.408915 2.173771 -2.594802 -0.920567 9.449385 20.561516 -16.287328 56.043216 0.185407 27.456642 -5.265976 12.784085 13.842892 8.154305 1.405835 -1.177384 -5.481358 -2.436819 -15.399391 -65.536797 -1.862086 36.344097 8.601106 -4.151178 19.823939 -1.963312 -6.173331 -39.815598 -9.548154 3.640948 60.395419 13.255915 6.067615 -18.925541 14.845653 -0.000000 -6.058633 0.000000 8.142539 -39.506178 12.158316 -18.301437 62.705985 -20.846290 -11.983475 -26.799710 -16.972264 -0.000000 0.000000 -0.000000
-3.359429 83.739098 133.923059 18.738810 8.883379 -0.500929 -1.228915 7.116184 -0.678626 -0.506003 -2.661742 -0.282007 -0.506194 3.158463 -0.333449 -0.403227 8.205756 -0.249784 0.547923 4.397033 1.286053 0.375685 -27.860346 2.320455 -2.657561 -0.930948 9.494093 20.861589 -16.480066 55.717803 0.035023 27.345325 -5.291561 12.756737 13.850526 8.167599 1.289650 -0.989292 -5.515311 -2.703085 -15.734769 -65.276573 -1.677412 36.209867 8.705687 -4.142341 19.762306 -1.938331 -6.162687 -42.119591 -10.311086 5.941740 63.338710 15.637694 6.560901 -18.671173 15.241452 0.000000 -7.836446 0.000000 8.465560 -41.653563 12.410625 -21.518962 65.172707 -23.904097 -12.649839 -26.735419 -17.336780 0.000000 0.000000 0.000000
-3.346283 82.712890 133.897683 18.712741 9.319702 -0.322590 -1.239719 7.070987 -0.733742 -0.507553 -2.681654 -0.306418 -0.507725 3.138550 -0.358017 -0.406151 8.190834 -0.268382 0.560683 4.170209 1.325839 0.374236 -28.281296 2.398629 -2.675960 -0.669776 9.424306 21.116744 -16.997537 55.450128 -0.051049 27.219367 -5.332622 12.743317 13.838813 8.180083 1.186088 -0.819906 -5.516165 -2.907059 -16.107796 -65.035286 -1.611026 36.000421 8.719548 -4.116625 19.748055 -1.963625 -5.691792 -44.472344 -11.623785 8.877953 66.381891 18.893121 7.250306 -18.357880 15.680447 -0.000000 -9.540228 0.000000 8.449793 -43.706046 12.885282 -25.105326 67.660207 -27.661595 -13.566590 -26.557483 -17.637077 0.000000 -0.000000 0.000000
-3.346565 81.601677 133.857297 18.689076 9.726751 -0.203753 -1.239634 7.043465 -0.754296 -0.506320 -2.693827 -0.315619 -0.506479 3.126378 -0.367091 -0.405878 8.181708 -0.275263 0.579628 3.951656 1.320933 0.411866 -28.687487 2.381137 -2.700879 -0.420776 9.311662 21.298895 -17.512052 55.256017 -0.040541 27.121023 -5.349532 12.745229 13.812670 8.189155 1.062364 -0.690153 -5.472503 -3.018329 -16.465517 -64.867828 -1.640789 35.879309 8.701933 -4.087010 19.756053 -2.010231 -5.270460 -46.932228 -12.836295 13.180494 69.447447 23.363647 8.076362 -18.063011 15.997074 0.000000 -11.056168 0.000000 7.825760 -45.865351 13.890910 -30.361075 70.027036 -33.460860 -14.267149 -26.132976 -17.861539 0.000000 0.000000 -0.000000
-3.397760 80.412642 133.765230 18.632071 10.169979 -0.214757 -1.222203 7.004981 -0.703093 -0.501706 -2.711104 -0.293297 -0.501850 3.109104 -0.344300 -0.400784 8.168739 -0.258046 0.614836 3.751947 1.262034 0.516003 -29.059459 2.241744 -2.616713 -0.224908 9.210168 21.361027 -17.977765 55.021033 0.037426 27.154833 -5.328527 12.773635 13.790463 8.199380 0.920506 -0.541055 -5.391245 -3.109106 -16.860597 -64.700806 -1.737667 35.937357 8.618592 -4.085860 19.708776 -2.024918 -4.994039 -49.442618 -13.730870 18.830191 72.170125 29.049731 9.046493 -17.537753 16.153340 -0.000000 -12.561592 0.000000 6.522123 -48.167977 15.520768 -38.013215 71.971542 -41.939606 -14.584133 -25.441874 -17.937857 0.000000 -0.000000 -0.000000
-3.476116 79.173673 133.621090 18.561066 10.593756 -0.292718 -1.254060 6.975009 -0.599310 -0.522174 -2.724679 -0.246887 -0.522317 3.095511 -0.299970 -0.412942 8.158533 -0.224398 0.707060 3.586764 1.168882 0.760359 -29.368049 1.995665 -2.458670 -0.144350 9.072491 21.492919 -18.306591 54.746977 0.134947 27.312865 -5.282622 12.809837 13.777220 8.190681 0.875360 -0.410489 -5.356587 -3.215741 -17.218446 -64.528266 -1.875768 36.133409 8.532017 -4.118433 19.595911 -2.029667 -4.500868 -51.868554 -14.684085 26.189303 74.415301 36.463837 9.896189 -16.788141 16.131326 0.000000 -14.235209 0.000000 4.773916 -50.414647 17.515786 -47.572316 73.245940 -52.405195 -14.521390 -24.697847 -17.870620 0.000000 0.000000 0.000000
-3.558916 77.900325 133.444245 18.462012 11.001847 -0.334582 -1.262090 6.945713 -0.524785 -0.530263 -2.737904 -0.213807 -0.530400 3.082278 -0.267712 -0.416687 8.148593 -0.199951 0.797185 3.466755 1.102398 0.986113 -29.592042 1.804384 -2.449276 -0.119676 8.958741 21.842779 -18.525042 54.469062 0.189952 27.453539 -5.262253 12.846210 13.790861 8.176054 0.784244 -0.285968 -5.317528 -3.408720 -17.527325 -64.327936 -2.047748 36.267346 8.471526 -4.149307 19.499602 -2.002542 -3.541828 -54.278650 -15.860189 36.307741 76.176767 46.679323 10.227722 -15.969823 15.940637 -0.000000 -16.303013 -0.000000 3.181761 -52.608977 19.259974 -58.087871 73.904937 -63.566974 -14.165025 -23.994650 -17.705075 -0.000000 0.000000 -0.000000
-3.645062 76.627364 133.227353 18.311793 11.386317 -0.343982 -1.222324 6.934386 -0.487715 -0.514802 -2.743086 -0.197997 -0.514931 3.077111 -0.250330 -0.403848 8.144700 -0.186877 0.870090 3.376400 1.057810 1.163880 -29.760417 1.668024 -2.447134 0.057067 8.889504 22.333564 -18.848607 54.091730 0.217255 27.454587 -5.272188 12.862752 13.803235 8.144562 0.628835 -0.143689 -5.244928 -3.699024 -17.858884 -64.075568 -2.248239 36.232950 8.403314 -4.206061 19.363288 -1.942864 -1.782998 -56.608332 -17.517553 47.918485 77.373942 58.637500 9.946055 -15.141881 15.809336 -0.000000 -18.369468 -0.000000 1.978293 -54.698825 20.568424 -68.130222 74.099475 -73.955380 -13.678234 -23.316700 -17.501240 -0.000000 0.000000 -0.000000
-3.752648 75.382592 132.985735 18.109260 11.767992 -0.383018 -1.167648 6.935124 -0.433510 -0.493718 -2.742957 -0.174775 -0.493844 3.077258 -0.224965 -0.386223 8.144787 -0.167785 0.954689 3.294095 0.990834 1.380196 -29.913607 1.477422 -2.420584 0.269034 8.777030 22.931505 -19.173082 53.685840 0.252748 27.289372 -5.292178 12.886681 13.801148 8.065150 0.539837 -0.171958 -5.242965 -4.070132 -18.060434 -63.775052 -2.467964 36.049082 8.347677 -4.251279 19.355668 -1.935923 -0.047545 -58.780486 -19.028280 59.401322 78.030420 70.392427 9.264656 -14.345492 15.759420 -0.000000 -20.355868 -0.000000 0.692131 -56.762469 22.040077 -77.746178 74.035157 -83.863682 -13.168125 -22.794092 -17.238363 0.000000 0.000000 -0.000000
-3.866196 74.178794 132.691387 17.878767 12.187802 -0.501370 -1.102519 6.926187 -0.346056 -0.469986 -2.747207 -0.136990 -0.470105 3.073029 -0.184767 -0.365546 8.141584 -0.137483 1.047938 3.200673 0.906914 1.625575 -30.086948 1.245558 -2.335316 0.309191 8.738401 23.538902 -19.290227 53.222912 0.294460 27.094620 -5.278194 13.010328 13.771897 7.880578 0.472801 -0.229828 -5.250805 -4.452121 -18.259187 -63.479247 -2.704120 35.733591 8.309354 -4.305929 19.260218 -1.909356 1.750464 -60.962307 -20.599540 70.586689 78.511946 81.962096 8.705889 -13.624414 15.511755 -0.000000 -22.283658 0.000000 -0.220770 -58.825859 23.158477 -86.218926 73.862127 -92.402582 -12.581121 -22.288011 -16.850339 -0.000000 -0.000000 0.000000
-3.984993 73.040658 132.341697 17.682025 12.616723 -0.685085 -1.023802 6.913185 -0.235045 -0.441618 -2.753297 -0.088966 -0.441730 3.066962 -0.133860 -0.340624 8.136996 -0.099100 1.125681 3.101903 0.826058 1.837653 -30.269725 1.028718 -2.308130 0.284858 8.803602 24.158526 -19.268769 52.684199 0.393914 26.981154 -5.234916 13.221003 13.676869 7.620304 0.345444 -0.250460 -5.281169 -4.803026 -18.519036 -63.141933 -2.917781 35.356903 8.276652 -4.388503 19.161580 -1.843326 2.809704 -63.111751 -21.539219 81.371002 79.058958 92.858656 8.635485 -13.067337 15.131677 -0.000000 -23.807992 -0.000000 -0.688958 -60.960559 23.829510 -93.930975 73.510943 -99.881097 -11.816902 -21.756777 -16.538855 -0.000000 0.000000 0.000000
-4.088262 71.984996 131.958758 17.542978 13.006760 -0.844602 -1.007306 6.906562 -0.126236 -0.440807 -2.756489 -0.040972 -0.440920 3.063770 -0.085783 -0.336560 8.134572 -0.062721 1.228580 3.008221 0.751538 2.099069 -30.442496 0.808805 -2.290208 0.441270 8.810017 24.796231 -19.376787 52.125383 0.582286 26.944058 -5.151267 13.433699 13.541654 7.320643 0.271683 -0.145169 -5.342955 -5.060033 -18.920898 -62.817126 -3.097524 35.047305 8.250630 -4.477562 19.072776 -1.699244 3.319267 -65.142357 -22.061278 91.885681 79.475168 103.237101 8.955264 -12.571481 14.706898 0.000000 -25.067178 0.000000 -0.774727 -63.068445 24.067435 -101.130864 73.208027 -106.679963 -11.254137 -21.166836 -16.288763 0.000000 -1.643235 -0.000000
-4.166771 71.008154 131.556309 17.460092 13.374111 -0.910321 -1.018325 6.899306 -0.051693 -0.450185 -2.759875 -0.007765 -0.450302 3.060377 -0.053529 -0.341270 8.132007 -0.038265 1.312086 2.911458 0.695495 2.309428 -30.620848 0.638598 -2.275132 0.737938 8.749105 25.294895 -19.658067 51.673467 0.806570 26.957509 -5.071635 13.581997 13.396760 7.052589 0.174166 0.107473 -5.367883 -5.197372 -19.507302 -62.534919 -3.230972 34.869053 8.211721 -4.583630 18.986732 -1.513588 3.748977 -67.091690 -22.500035 101.745417 79.322936 112.852631 8.993284 -12.116321 14.316281 0.000000 -26.239375 -0.000000 -0.499766 -65.131549 23.789462 -108.012104 73.042090 -113.030298 -11.107491 -20.433607 -16.084213 0.000000 -3.852687 0.000000
-4.235932 70.069241 131.127313 17.385807 13.745705 -0.925353 -1.033964 6.884902 0.008971 -0.460785 -2.766410 0.019340 -0.460902 3.053834 -0.027502 -0.347341 8.127082 -0.018519 1.375687 2.823567 0.642899 2.476561 -30.782643 0.487467 -2.178607 0.832101 8.661432 25.550385 -19.789588 51.393431 1.004582 26.975037 -4.993330 13.700623 13.274113 6.860005 0.132851 0.309883 -5.377297 -5.266701 -20.090232 -62.343781 -3.330256 34.798400 8.179991 -4.660917 18.945211 -1.357985 5.179039 -68.947165 -23.883346 109.637544 78.379629 120.887646 8.457064 -11.651637 13.997810 -0.000000 -27.451665 0.000000 -1.178883 -67.107605 24.326435 -113.780103 72.510156 -118.763274 -10.992319 -19.518239 -15.921602 0.000000 -6.067390 0.000000
-4.302051 69.120589 130.682128 17.278873 14.101826 -0.936441 -1.028256 6.883524 0.067432 -0.461748 -2.767150 0.045180 -0.461868 3.053092 -0.001760 -0.346213 8.126507 0.000967 1.415668 2.740427 0.580675 2.600710 -30.935508 0.330513 -2.068823 0.869250 8.511518 25.687990 -19.917735 51.216044 1.167890 27.038464 -4.906835 13.791521 13.205048 6.759941 0.145252 0.302459 -5.440425 -5.302058 -20.524065 -62.182811 -3.403909 34.798321 8.173027 -4.703154 18.933857 -1.235412 8.130542 -70.649017 -26.744521 114.666182 76.694880 126.549395 7.413726 -11.192461 13.646429 -0.000000 -28.617583 -0.000000 -3.404301 -68.928631 26.447191 -117.466720 71.177524 -123.099859 -10.423423 -18.542461 -15.727794 0.000000 -8.132178 -0.000000
-4.324280 68.164011 130.231663 17.215773 14.413064 -0.905774 -1.011975 6.896080 0.090492 -0.455885 -2.761617 0.055192 -0.456009 3.058631 0.008847 -0.341059 8.130653 0.008970 1.417792 2.661593 0.531342 2.637802 -31.080982 0.223969 -1.982489 1.052761 8.391747 25.801529 -20.173759 51.008780 1.276371 27.162541 -4.817764 13.848819 13.211450 6.755698 0.110829 0.263712 -5.475535 -5.286471 -20.931409 -62.044793 -3.483652 34.802722 8.170060 -4.758818 18.902529 -1.110345 11.753931 -72.231393 -30.317703 118.030037 74.835164 130.650794 6.211449 -10.723281 13.260499 0.000000 -29.706641 0.000000 -6.130113 -70.576967 28.974978 -119.113966 69.197503 -125.742698 -9.158465 -17.604971 -15.325352 0.000000 -10.108780 -0.000000
-4.326132 67.208090 129.805235 17.165304 14.683966 -0.875190 -0.985233 6.920905 0.098011 -0.444437 -2.750593 0.058180 -0.444567 3.069664 0.012999 -0.332185 8.138924 0.012063 1.400206 2.591986 0.490239 2.628382 -31.209727 0.147103 -1.892910 1.294081 8.320817 25.937695 -20.444011 50.779248 1.310429 27.336386 -4.769971 13.884980 13.227620 6.797429 0.036260 0.304065 -5.445736 -5.241870 -21.409068 -61.930170 -3.581150 34.724844 8.119538 -4.838043 18.854578 -0.922486 15.588861 -73.712145 -34.198708 120.346135 72.997716 133.694023 4.962983 -10.207281 12.852498 -0.000000 -30.749882 -0.000000 -9.399563 -72.040744 32.087012 -120.010281 67.215471 -127.637309 -7.787439 -16.743246 -14.961040 0.000000 -12.134982 0.000000
-4.337752 66.258994 129.403710 17.125206 14.904451 -0.853874 -0.993873 6.972267 0.112212 -0.449147 -2.727797 0.064713 -0.449297 3.092456 0.019053 -0.335292 8.156013 0.016686 1.405153 2.528115 0.450676 2.665245 -31.327493 0.059316 -1.788755 1.429044 8.237805 26.128639 -20.604016 50.604891 1.292548 27.510574 -4.758564 13.926293 13.221877 6.841027 0.024175 0.308171 -5.419823 -5.200694 -21.823494 -61.859741 -3.687849 34.576529 8.077021 -4.941233 18.788818 -0.709822 19.594122 -75.066532 -38.295935 121.991936 71.278363 136.012724 3.723599 -9.651070 12.398251 0.000000 -31.777649 0.000000 -12.782437 -73.385172 35.423349 -120.869940 65.459826 -129.449779 -6.537757 -15.980863 -14.478668 0.000000 -14.129153 -0.000000
-4.328208 65.325320 129.003185 17.093923 15.031878 -0.848914 -0.996912 7.047854 0.120464 -0.451013 -2.694221 0.068575 -0.451191 3.126030 0.022723 -0.336444 8.181192 0.019500 1.405235 2.474022 0.436391 2.675810 -31.427652 0.027814 -1.747709 1.498186 8.197368 26.344963 -20.628220 50.475265 1.277929 27.626171 -4.766534 13.981710 13.196289 6.858365 -0.013133 0.372896 -5.364662 -5.207152 -22.200367 -61.793999 -3.803609 34.363291 8.038063 -5.056467 18.714442 -0.545385 23.774273 -76.216943 -42.559747 122.964111 69.612535 137.698902 2.431292 -9.105824 11.811622 -0.000000 -32.839586 0.000000 -15.902983 -74.636956 38.509298 -121.704236 63.933437 -131.359595 -5.451129 -15.191177 -13.727094 0.000000 -16.085784 -0.000000
-4.175272 64.397131 128.579617 17.078161 15.082167 -0.872855 -0.986625 7.170686 0.130696 -0.447082 -2.639648 0.073207 -0.447302 3.180607 0.027752 -0.333164 8.222120 0.023328 1.392914 2.390730 0.434246 2.653397 -31.582467 0.028853 -1.719716 1.610454 8.163159 26.591149 -20.680957 50.315563 1.297399 27.613064 -4.762666 14.021239 13.143666 6.831247 -0.064264 0.435303 -5.293803 -5.284703 -22.560546 -61.713189 -3.917902 34.156368 8.008067 -5.131338 18.643083 -0.424581 28.523535 -77.164183 -47.371226 123.365072 67.780109 138.853214 0.795783 -8.905540 11.015206 0.000000 -33.608892 -0.000000 -18.685271 -75.884645 41.346416 -122.728786 62.451819 -133.181878 -4.439851 -14.472048 -12.995045 0.000000 -18.021300 0.000000
-4.157019 63.456924 128.251282 17.098299 15.124739 -0.882301 -0.997068 7.315558 0.140904 -0.452387 -2.575284 0.078193 -0.452662 3.244966 0.032196 -0.336856 8.270386 0.026770 1.385191 2.289177 0.429966 2.642458 -31.771076 0.022012 -1.614702 1.840058 8.066214 26.843507 -20.871641 50.103179 1.325751 27.487258 -4.750943 14.064329 13.093690 6.792013 -0.101051 0.487682 -5.249599 -5.390813 -22.943027 -61.613104 -4.016853 34.011368 7.971602 -5.169117 18.604259 -0.365522 34.057233 -77.919949 -52.954721 123.498343 65.954217 139.705102 -0.924668 -8.745084 10.374714 0.000000 -33.092634 0.000000 -21.670934 -77.075371 44.329141 -123.608998 60.975064 -134.684260 -3.426894 -13.857327 -12.392686 0.000000 -19.803722 -0.000000
-3.998257 62.524765 127.926178 17.143808 15.098196 -0.849803 -1.015538 7.475254 0.125271 -0.459693 -2.504281 0.071892 -0.460030 3.315964 0.025149 -0.342874 8.323639 0.021530 1.368534 2.216984 0.429252 2.609657 -31.905377 0.029200 -1.486660 2.062974 7.966459 27.050024 -21.053180 49.930630 1.321087 27.388648 -4.765255 14.097172 13.055974 6.750760 -0.137666 0.496726 -5.233585 -5.505854 -23.265199 -61.453239 -4.103354 33.923098 7.897450 -5.200115 18.533185 -0.280411 40.095048 -78.426334 -59.018839 123.461599 64.147624 140.414114 -2.701597 -8.617573 9.784573 0.000000 -33.741027 0.000000 -25.821587 -77.908655 48.463086 -124.203411 59.487518 -135.770783 -2.566143 -13.393153 -12.141272 0.000000 -21.462626 -0.000000
-4.056612 61.598541 127.753812 17.205262 15.031352 -0.776230 -1.033346 7.613142 0.070597 -0.464288 -2.442883 0.048252 -0.464676 3.377357 0.001038 -0.348072 8.369703 0.003350 1.340739 2.192041 0.439692 2.545008 -31.952315 0.068334 -1.418238 2.170515 7.931445 27.171475 -21.104023 49.870160 1.299020 27.426374 -4.803621 14.111269 13.053372 6.718034 -0.176023 0.494431 -5.213208 -5.642902 -23.499451 -61.258670 -4.152517 33.879669 7.838934 -5.240064 18.428579 -0.188444 46.332660 -78.737234 -65.310698 123.584743 62.473330 141.257398 -4.312511 -8.499420 9.199068 0.000000 -34.207149 -0.000000 -31.333197 -78.453339 53.989788 -124.785304 58.011294 -136.806520 -1.881537 -12.966904 -12.146342 0.000000 -23.150199 -0.000000
-4.092252 60.675415 127.614139 17.260248 14.877851 -0.695025 -1.043852 7.769698 -0.010244 -0.463981 -2.373126 0.012960 -0.464423 3.447115 -0.034226 -0.350390 8.422048 -0.023298 1.312369 2.195152 0.459516 2.472437 -31.947311 0.128359 -1.434996 2.150922 7.945007 27.228541 -21.056391 49.914779 1.283959 27.563559 -4.830585 14.141743 13.074247 6.699102 -0.203689 0.480694 -5.187254 -5.810122 -23.689679 -61.045288 -4.145830 33.836747 7.819093 -5.258856 18.350838 -0.117519 52.173834 -78.974704 -71.254152 124.364464 61.070977 142.513747 -5.500963 -8.391399 8.731497 -0.000000 -34.700951 0.000000 -38.074207 -78.600937 60.878047 -125.116379 56.567696 -137.717479 -1.123765 -12.493156 -12.307872 0.000000 -24.789558 -0.000000
-4.301712 59.762293 127.564816 17.361795 14.760556 -0.577321 -1.074788 7.894161 -0.107404 -0.471708 -2.317584 -0.029264 -0.472200 3.502650 -0.077238 -0.359271 8.463731 -0.055782 1.283800 2.201642 0.472650 2.403661 -31.935878 0.174484 -1.454729 2.205826 7.948570 27.257664 -21.069001 49.972105 1.290919 27.718199 -4.820441 14.216480 13.059578 6.623162 -0.240971 0.437453 -5.200542 -5.951567 -23.826317 -60.815309 -4.126342 33.764734 7.835309 -5.278282 18.277613 -0.050679 58.605430 -79.008451 -77.920214 125.185698 59.778693 143.744485 -6.234404 -8.209964 8.433818 0.000000 -35.196404 0.000000 -44.998000 -78.525877 68.059289 -125.216269 55.164631 -138.494813 -0.160602 -12.093566 -12.397209 -0.000000 -26.348708 -0.000000
-4.452267 58.879576 127.515066 17.527999 14.582169 -0.423204 -1.125345 8.030770 -0.216021 -0.487394 -2.256591 -0.076158 -0.487950 3.563630 -0.125730 -0.374507 8.509502 -0.092369 1.249563 2.198587 0.473783 2.330830 -31.942014 0.198717 -1.440735 2.381911 7.932626 27.309606 -21.147871 49.964061 1.316650 27.811083 -4.755850 14.330300 12.983973 6.501282 -0.270048 0.494781 -5.202493 -6.092148 -24.034173 -60.587275 -4.106103 33.656377 7.851925 -5.298322 18.200238 0.025840 64.406822 -78.713439 -84.090052 125.611480 58.557771 144.637356 -6.923164 -7.941439 8.188096 0.000000 -35.218292 0.000000 -50.345891 -78.504591 73.640969 -125.370547 53.850198 -139.246709 0.897909 -11.784754 -12.380924 0.000000 -27.758068 -0.000000
-4.626618 58.035655 127.508570 17.717207 14.448097 -0.283107 -1.191002 8.152859 -0.305478 -0.510948 -2.202065 -0.114296 -0.511577 3.618135 -0.166266 -0.395071 8.550414 -0.122889 1.222611 2.188146 0.443431 2.293666 -31.961253 0.151756 -1.357880 2.581664 7.863794 27.347326 -21.249230 49.966945 1.352603 27.859414 -4.719450 14.452863 12.848409 6.446836 -0.256218 0.513369 -5.221903 -6.224710 -24.233128 -60.369863 -4.069548 33.565762 7.868256 -5.309536 18.152973 0.106732 69.306618 -78.220360 -89.486202 125.644643 57.339212 145.280281 -7.511588 -7.728957 7.969598 0.000000 -35.881744 0.000000 -55.116540 -78.538572 78.687100 -125.577407 52.563444 -139.914651 1.821671 -11.593651 -12.316235 0.000000 -28.906787 -0.000000
-4.755168 57.225070 127.531628 17.876039 14.255209 -0.201303 -1.250358 8.322212 -0.364909 -0.533497 -2.126595 -0.139068 -0.534223 3.693584 -0.193336 -0.413927 8.607026 -0.143202 1.205682 2.157383 0.389742 2.293039 -32.017714 0.048692 -1.234713 2.711198 7.759443 27.369304 -21.337064 50.001400 1.392868 27.901301 -4.702316 14.542890 12.744870 6.420741 -0.223714 0.443905 -5.252302 -6.328093 -24.398267 -60.204208 -3.994548 33.534845 7.919192 -5.304588 18.134930 0.201219 72.858683 -77.602721 -93.619519 125.437284 56.086057 145.819455 -8.058697 -7.568832 7.795176 -0.000000 -36.618779 -0.000000 -59.222479 -78.413370 83.200380 -125.686585 51.315887 -140.319345 2.425544 -11.424231 -12.466961 -0.000000 -29.340743 0.000000
-4.893951 56.430169 127.632792 18.018520 14.002001 -0.156906 -1.294661 8.505117 -0.409830 -0.550207 -2.045141 -0.157597 -0.551034 3.775023 -0.213570 -0.427917 8.668125 -0.158366 1.194924 2.147194 0.332968 2.306998 -32.035804 -0.064396 -1.144721 2.797442 7.663476 27.390860 -21.391558 50.070184 1.408513 28.005295 -4.714031 14.597823 12.675540 6.422324 -0.218579 0.399986 -5.254552 -6.375645 -24.587327 -60.100265 -3.882541 33.571128 7.968914 -5.295433 18.145243 0.271524 75.500163 -76.941966 -96.933432 125.204152 54.790749 146.296381 -8.482911 -7.386503 7.827034 -0.000000 -37.350110 -0.000000 -62.614809 -78.061564 87.139843 -125.870846 50.124262 -140.642501 2.460650 -11.248171 -12.997882 -0.000000 -29.723183 0.000000
-4.994479 55.644682 127.800512 18.174690 13.681469 -0.095444 -1.355763 8.704685 -0.451712 -0.574532 -1.956265 -0.174367 -0.575485 3.863874 -0.232820 -0.447551 8.734786 -0.172729 1.191867 2.169640 0.280814 2.333459 -31.993229 -0.171861 -1.064128 2.808141 7.576263 27.431045 -21.377423 50.112759 1.404677 28.148984 -4.713494 14.633040 12.629447 6.440891 -0.194161 0.392924 -5.236842 -6.346024 -24.812251 -60.087741 -3.768177 33.655945 8.005905 -5.289371 18.115942 0.285247 77.363734 -76.269098 -99.533159 125.400415 53.658512 146.946703 -8.419496 -7.105472 8.073110 -0.000000 -38.079402 -0.000000 -65.548028 -77.411346 90.627684 -126.230473 49.107716 -141.080897 1.809765 -10.983460 -13.894967 0.000000 -30.135620 -0.000000
-5.048680 54.862842 128.036039 18.327402 13.322503 0.049915 -1.396366 8.894764 -0.547179 -0.586264 -1.871448 -0.215196 -0.587321 3.948679 -0.274849 -0.459339 8.798424 -0.204429 1.192165 2.216801 0.253534 2.350374 -31.905138 -0.228320 -1.044757 2.829822 7.519384 27.498784 -21.375401 50.132254 1.368937 28.244328 -4.690910 14.655655 12.620510 6.448101 -0.220077 0.347893 -5.178397 -6.262281 -24.970505 -60.137258 -3.670791 33.693947 8.019532 -5.266832 18.109039 0.300620 78.806195 -75.409788 -101.768020 125.474935 52.448634 147.362010 -8.113265 -6.797721 8.509044 0.000000 -38.741983 0.000000 -67.787792 -76.551045 93.463821 -126.408546 48.068454 -141.271194 0.915698 -10.719443 -15.199627 -0.000000 -30.494252 -0.000000
-5.116721 54.103857 128.362077 18.459229 12.879190 0.242539 -1.424162 9.081794 -0.676585 -0.590028 -1.787874 -0.271233 -0.591174 4.032249 -0.331275 -0.466152 8.861142 -0.247095 1.191643 2.293384 0.245621 2.352383 -31.762790 -0.242616 -1.067844 2.848751 7.483114 27.613752 -21.335379 50.171771 1.283046 28.266477 -4.694874 14.677551 12.605026 6.431316 -0.262637 0.263967 -5.139084 -6.187248 -25.013570 -60.161769 -3.591377 33.654329 7.988090 -5.261894 18.120184 0.310518 79.416885 -74.355519 -103.165999 125.367344 51.240217 147.615178 -7.613840 -6.497150 9.105595 -0.000000 -39.356184 -0.000000 -69.012858 -75.586924 95.313055 -126.506427 47.155324 -141.381019 -0.145552 -10.479958 -16.636559 -0.000000 -30.314879 0.000000
-5.122835 53.367737 128.737643 18.619112 12.404818 0.420757 -1.463875 9.229557 -0.798200 -0.599569 -1.721737 -0.323679 -0.600799 4.098375 -0.384696 -0.477075 8.910776 -0.287463 1.182748 2.390939 0.234560 2.338231 -31.581573 -0.257634 -1.045093 2.918911 7.483964 27.698092 -21.275287 50.219992 1.176069 28.222614 -4.737869 14.733118 12.562925 6.404350 -0.289300 0.229063 -5.109826 -6.159943 -24.988956 -60.153817 -3.520196 33.621707 7.940078 -5.271216 18.124127 0.312426 79.440147 -73.184402 -104.027293 125.169139 50.033584 147.835508 -6.990148 -6.267715 9.765878 0.000000 -39.956159 -0.000000 -69.593559 -74.566074 96.522175 -126.595689 46.283399 -141.585622 -1.222810 -10.434288 -17.901286 0.000000 -29.895497 -0.000000
-5.102212 52.651504 129.166669 18.795993 11.899332 0.541043 -1.505453 9.347524 -0.881908 -0.612394 -1.668947 -0.359398 -0.613705 4.151152 -0.421724 -0.489304 8.950390 -0.315400 1.167705 2.501646 0.209149 2.319903 -31.375760 -0.298558 -1.024610 2.968758 7.505886 27.730636 -21.174437 50.289955 1.077865 28.158958 -4.785749 14.787931 12.516049 6.375423 -0.293384 0.241668 -5.097085 -6.219361 -24.905697 -60.122556 -3.414995 33.656031 7.929554 -5.293030 18.084344 0.344221 79.035883 -71.958346 -104.470952 124.911677 48.856215 148.106614 -6.380167 -6.096181 10.368333 0.000000 -40.572176 0.000000 -69.625945 -73.547730 97.165786 -126.619884 45.396495 -141.810802 -2.143374 -10.544801 -18.849694 -0.000000 -29.432493 0.000000
-5.036635 51.958307 129.612154 19.015261 11.396169 0.612749 -1.564822 9.429667 -0.920190 -0.636141 -1.632190 -0.374791 -0.637545 4.187882 -0.439537 -0.508380 8.977965 -0.328711 1.159961 2.628728 0.176114 2.321207 -31.139272 -0.359571 -1.012343 2.937711 7.543802 27.649544 -21.041668 50.398480 1.008822 28.201671 -4.826339 14.823235 12.506517 6.351992 -0.257505 0.252848 -5.118095 -6.316017 -24.753511 -60.121201 -3.279298 33.723116 7.983901 -5.314297 18.027498 0.403888 78.399489 -70.769808 -104.665461 124.597894 47.723034 148.397707 -5.881562 -5.945877 10.854236 0.000000 -41.192273 -0.000000 -69.537832 -72.659353 97.557501 -126.733346 44.541286 -142.036568 -2.931415 -10.691747 -19.604187 0.000000 -29.087773 -0.000000
-4.945541 51.298767 130.061011 19.227155 10.847655 0.647853 -1.604550 9.507909 -0.930205 -0.652994 -1.597303 -0.378089 -0.654477 4.222751 -0.444553 -0.521383 9.004132 -0.332371 1.143330 2.748179 0.147152 2.301414 -30.917178 -0.406573 -1.035899 2.853240 7.603610 27.472660 -20.892586 50.522910 0.978859 28.317110 -4.848111 14.831532 12.521618 6.316798 -0.213600 0.247737 -5.154985 -6.398667 -24.555012 -60.185117 -3.138715 33.755402 8.069679 -5.325036 17.983083 0.488911 77.571152 -69.699033 -104.571120 124.375025 46.685907 148.709123 -5.444408 -5.762535 11.295967 0.000000 -41.838911 0.000000 -69.346946 -71.846648 97.740277 -126.948466 43.769343 -142.286493 -3.700488 -10.748465 -20.229266 0.000000 -28.909269 0.000000
-4.838479 50.694980 130.493953 19.415010 10.303129 0.684655 -1.613808 9.577934 -0.937116 -0.656508 -1.566137 -0.380664 -0.658034 4.253912 -0.447488 -0.524226 9.027508 -0.334548 1.110453 2.837698 0.133734 2.238705 -30.751242 -0.411736 -1.101069 2.790590 7.668853 27.263635 -20.796714 50.605825 0.989131 28.430091 -4.824699 14.832416 12.531286 6.294864 -0.198235 0.195249 -5.188807 -6.410150 -24.338822 -60.308236 -3.023243 33.736226 8.121041 -5.343042 17.946609 0.563479 76.767414 -68.813144 -104.362965 124.362315 45.823409 149.033282 -5.054720 -5.521334 11.700135 -0.000000 -42.539833 0.000000 -69.072655 -70.909989 97.827644 -126.957789 43.033940 -142.504414 -4.413768 -10.700263 -20.721706 -0.000000 -28.925446 0.000000
-4.728886 50.183713 130.888929 19.592725 9.782881 0.742713 -1.615367 9.631818 -0.947295 -0.656414 -1.542148 -0.384906 -0.657968 4.277901 -0.451723 -0.524452 9.045503 -0.337741 1.077522 2.893191 0.125392 2.173675 -30.648578 -0.407248 -1.165539 2.664665 7.756785 27.060443 -20.611367 50.669728 1.010793 28.469937 -4.787915 14.818799 12.506726 6.272955 -0.186342 0.089268 -5.236319 -6.326727 -24.106086 -60.473598 -2.942910 33.707480 8.100446 -5.361469 17.918583 0.613747 75.892092 -68.115165 -103.962482 124.460806 45.171884 149.331373 -4.824970 -5.280391 12.018078 0.000000 -43.231848 -0.000000 -68.735144 -70.090780 97.737716 -126.979778 42.438564 -142.737968 -4.982885 -10.570254 -21.027096 -0.000000 -29.095802 0.000000
-4.638971 49.811916 131.210578 19.767078 9.328041 0.799121 -1.607728 9.650483 -0.954062 -0.652529 -1.533842 -0.387977 -0.654082 4.286211 -0.454399 -0.521722 9.051734 -0.339791 1.043983 2.925550 0.123406 2.104062 -30.588986 -0.389768 -1.234141 2.489744 7.881440 26.884536 -20.320744 50.727475 1.013365 28.400304 -4.780667 14.793189 12.450936 6.248616 -0.198085 -0.014227 -5.286557 -6.160518 -23.891869 -60.640615 -2.899553 33.733095 8.006750 -5.378714 17.912116 0.639623 75.032253 -67.712679 -103.368991 124.775535 44.826012 149.704176 -4.784724 -5.079619 12.187241 0.000000 -43.907742 0.000000 -68.409187 -69.565354 97.493970 -127.166309 42.092526 -142.999412 -5.333599 -10.389679 -21.147033 0.000000 -29.339736 -0.000000
-4.590046 49.627539 131.448007 19.906570 8.916753 0.807131 -1.580982 9.649974 -0.938374 -0.641662 -1.534180 -0.381606 -0.643190 4.285886 -0.446922 -0.513040 9.051477 -0.334201 1.015756 2.942407 0.119504 2.047137 -30.558048 -0.380008 -1.272661 2.317085 8.034696 26.722071 -20.012500 50.749550 0.962039 28.290839 -4.795508 14.766281 12.409889 6.228007 -0.208466 -0.100797 -5.351854 -5.972083 -23.698599 -60.787730 -2.845271 33.872213 7.898595 -5.411367 17.894773 0.648598 73.853452 -67.478434 -102.233145 124.883025 44.750531 149.925506 -4.989909 -4.928153 12.265114 -0.000000 -44.466865 0.000000 -67.723742 -69.196353 96.797862 -127.370748 41.986901 -143.236962 -5.398951 -10.266222 -21.099212 -0.000000 -29.569472 -0.000000
-4.586407 49.668097 131.578648 19.997095 8.613345 0.764500 -1.538253 9.614634 -0.901366 -0.625161 -1.550103 -0.366287 -0.626632 4.269982 -0.429922 -0.499461 9.039526 -0.321443 0.998170 2.946481 0.112726 2.014523 -30.550630 -0.383167 -1.300246 2.230368 8.176335 26.594849 -19.830585 50.737126 0.845298 28.241303 -4.830816 14.727237 12.410195 6.205026 -0.208384 -0.136340 -5.414910 -5.792142 -23.549177 -60.928456 -2.773799 34.086903 7.839150 -5.435758 17.861795 0.645422 72.574125 -67.502277 -100.755798 125.045019 45.016344 150.039926 -5.192328 -4.804157 12.390531 0.000000 -44.894242 -0.000000 -66.797975 -69.108297 95.699655 -127.625539 42.200910 -143.462795 -5.238294 -10.140354 -20.887542 0.000000 -29.732608 -0.000000
-4.609000 49.924298 131.595353 20.066887 8.415114 0.698444 -1.501167 9.561517 -0.853283 -0.611928 -1.573948 -0.346018 -0.613343 4.246151 -0.408305 -0.488012 9.021631 -0.305169 0.982590 2.932590 0.115775 1.980412 -30.576708 -0.367476 -1.353651 2.172145 8.288780 26.504732 -19.748782 50.721402 0.695716 28.284928 -4.860309 14.721481 12.432210 6.183370 -0.277751 -0.188714 -5.420916 -5.529085 -23.381778 -61.110027 -2.709844 34.291441 7.827718 -5.445478 17.840595 0.669363 71.302619 -67.700298 -99.053510 125.438728 45.592293 150.326589 -5.194415 -4.744432 12.515570 0.000000 -45.208869 -0.000000 -65.737556 -69.268830 94.274561 -128.197397 42.757007 -143.918165 -5.194113 -10.099078 -20.532762 0.000000 -29.724396 0.000000
-4.670316 50.387812 131.515604 20.142771 8.350356 0.639734 -1.478954 9.501383 -0.810813 -0.604946 -1.600859 -0.327938 -0.606318 4.219248 -0.389512 -0.481453 9.001437 -0.290994 0.980753 2.883473 0.126144 1.971231 -30.668119 -0.345819 -1.397548 2.156654 8.350044 26.396839 -19.833027 50.728454 0.570695 28.396756 -4.873882 14.735978 12.444088 6.172835 -0.280073 -0.232465 -5.429967 -5.391054 -23.229956 -61.247177 -2.677863 34.404604 7.844612 -5.438354 17.872770 0.713216 70.101877 -68.207725 -97.309789 125.937895 46.416225 150.391220 -5.168190 -4.616238 12.811896 -0.000000 -45.448401 0.000000 -64.587912 -69.580261 92.712312 -128.621930 43.467843 -144.089944 -5.130314 -10.098981 -20.278206 0.000000 -29.497501 -0.000000
-4.759091 51.041684 131.356710 20.201290 8.356753 0.567123 -1.467131 9.452919 -0.763153 -0.602895 -1.622580 -0.307301 -0.604240 4.197529 -0.368664 -0.478450 8.985134 -0.275224 0.990882 2.812588 0.133758 1.989242 -30.799730 -0.337853 -1.419581 2.204901 8.346459 26.314237 -20.015625 50.753495 0.526525 28.464918 -4.868391 14.745554 12.441907 6.173011 -0.299744 -0.249523 -5.419516 -5.289296 -23.080918 -61.362925 -2.681461 34.418386 7.864067 -5.437598 17.868433 0.748277 68.668672 -68.993233 -95.235909 126.519221 47.414954 150.349018 -5.201383 -4.556350 13.174702 -0.000000 -45.548211 0.000000 -63.206387 -70.004006 90.863683 -128.899107 44.330176 -144.122205 -4.998645 -10.125303 -19.949819 0.000000 -29.027227 -0.000000
-4.874339 51.853053 131.153240 20.259105 8.486544 0.466097 -1.453316 9.383408 -0.701587 -0.600890 -1.653700 -0.280630 -0.602201 4.166411 -0.341787 -0.475056 8.961777 -0.254891 1.000230 2.732826 0.141346 2.005850 -30.947837 -0.329678 -1.427445 2.264295 8.328046 26.287715 -20.180424 50.768044 0.556955 28.437790 -4.838465 14.745869 12.431321 6.173543 -0.356561 -0.213698 -5.373622 -5.252079 -22.966506 -61.451804 -2.680102 34.370566 7.871224 -5.445688 17.825052 0.760498 66.985372 -69.998947 -92.890530 127.194932 48.545042 150.238345 -5.156833 -4.658739 13.588260 -0.000000 -45.399505 0.000000 -61.726425 -70.740383 88.829260 -129.440514 45.362317 -144.128868 -4.713693 -10.245676 -19.627138 -0.000000 -28.470273 -0.000000
-4.973204 52.782050 130.903746 20.297712 8.685276 0.346535 -1.440133 9.330475 -0.625669 -0.600058 -1.677495 -0.247534 -0.601344 4.142617 -0.308605 -0.472099 8.943909 -0.229769 1.023685 2.657122 0.137923 2.058854 -31.088008 -0.353349 -1.391555 2.295213 8.287867 26.340390 -20.331027 50.752284 0.608238 28.368728 -4.827609 14.746534 12.442807 6.169708 -0.386015 -0.247070 -5.336424 -5.271779 -22.847623 -61.507295 -2.662520 34.338252 7.879331 -5.449454 17.815608 0.738561 65.021941 -71.145659 -90.212043 127.921974 49.781106 150.056611 -4.999719 -4.868858 13.996958 0.000000 -45.015960 0.000000 -59.817098 -71.799125 86.381457 -129.935143 46.429423 -144.159203 -4.054276 -10.389732 -19.043403 0.000000 -27.913725 -0.000000
-5.039477 53.785865 130.623213 20.311923 8.956021 0.226789 -1.415065 9.273423 -0.549690 -0.593929 -1.703128 -0.214654 -0.595178 4.116991 -0.275100 -0.465140 8.924663 -0.204441 1.064404 2.607544 0.124703 2.153707 -31.179196 -0.407877 -1.388476 2.321844 8.232178 26.491407 -20.470731 50.737994 0.655715 28.305961 -4.856799 14.731990 12.484226 6.163690 -0.412002 -0.291520 -5.287681 -5.267317 -22.786366 -61.555265 -2.648129 34.371564 7.883461 -5.448261 17.854083 0.720893 62.765244 -72.377790 -87.225424 128.646647 51.074144 149.809894 -4.791138 -5.147170 14.378575 0.000000 -44.475858 -0.000000 -57.367140 -73.127939 83.382478 -130.571203 47.583877 -144.211422 -3.323610 -10.602521 -18.368165 0.000000 -27.308521 -0.000000
-5.107431 54.805116 130.340397 20.329973 9.294653 0.105512 -1.378154 9.195875 -0.475927 -0.582390 -1.737865 -0.183045 -0.583582 4.082266 -0.242314 -0.454167 8.898591 -0.179703 1.105289 2.597507 0.111488 2.248012 -31.196905 -0.461563 -1.430437 2.343520 8.185557 26.679054 -20.588854 50.736481 0.723107 28.226584 -4.886095 14.687288 12.554300 6.163986 -0.450035 -0.302398 -5.197802 -5.225740 -22.795415 -61.620363 -2.646361 34.418990 7.889461 -5.445634 17.913648 0.715010 60.186067 -73.646073 -83.943464 129.351048 52.355349 149.559156 -4.594004 -5.538455 14.699682 0.000000 -43.722725 0.000000 -54.630033 -74.445244 80.115788 -131.203978 48.766825 -144.178331 -2.737006 -10.881103 -17.753413 0.000000 -26.602099 -0.000000
-5.166614 55.807850 130.056259 20.363475 9.671227 -0.000910 -1.339747 9.112577 -0.410876 -0.569603 -1.775119 -0.155315 -0.570734 4.045025 -0.213280 -0.442518 8.870634 -0.157817 1.146125 2.602361 0.092324 2.345568 -31.186787 -0.527289 -1.506972 2.308719 8.147317 26.838531 -20.668855 50.774233 0.822445 28.148081 -4.898186 14.634898 12.619803 6.182218 -0.481495 -0.343727 -5.089756 -5.206796 -22.785690 -61.673224 -2.676409 34.436978 7.899163 -5.438697 17.956702 0.708876 57.389281 -74.705677 -80.510202 129.848749 53.626317 149.250006 -4.344274 -5.948369 14.982514 -0.000000 -42.518016 0.000000 -51.785500 -75.473725 76.732025 -131.576831 49.975754 -143.954363 -2.342811 -11.211544 -17.299601 -0.000000 -25.778698 -0.000000
-5.252578 56.591551 129.811069 20.378692 10.055243 -0.095645 -1.292142 9.036085 -0.355052 -0.552098 -1.809316 -0.131802 -0.553162 4.010845 -0.187984 -0.427590 8.844974 -0.138793 1.195220 2.599781 0.070869 2.462087 -31.190197 -0.603222 -1.585060 2.216941 8.118398 26.911149 -20.734174 50.845039 0.958595 28.107998 -4.884364 14.604040 12.670344 6.207366 -0.501311 -0.391762 -4.973422 -5.215640 -22.761439 -61.706752 -2.767053 34.395099 7.901782 -5.428715 18.020683 0.700604 54.265807 -75.682352 -76.728023 130.235699 54.955281 148.793818 -4.044858 -6.291604 15.245530 0.000000 -41.321814 -0.000000 -48.908263 -76.102725 73.336629 -131.571747 51.235119 -143.473676 -2.151264 -11.578198 -17.025524 0.000000 -24.797982 0.000000
-5.388982 57.532853 129.567125 20.391607 10.440704 -0.189263 -1.239717 8.966355 -0.299177 -0.532426 -1.840500 -0.108319 -0.533425 3.979680 -0.162497 -0.411022 8.821577 -0.119635 1.245203 2.578160 0.048354 2.581745 -31.228827 -0.682570 -1.620934 2.118486 8.105180 26.867919 -20.815957 50.915988 1.133373 28.092554 -4.851686 14.566320 12.688835 6.235060 -0.523719 -0.395798 -4.851266 -5.233395 -22.777716 -61.729129 -2.902715 34.330314 7.893984 -5.411601 18.097651 0.695555 50.868779 -76.427124 -72.671138 130.442213 56.316640 148.182993 -3.560387 -6.614686 15.515621 -0.000000 -40.098387 0.000000 -45.912302 -76.483444 69.825596 -131.411860 52.558663 -142.769115 -2.152852 -11.990264 -16.967785 -0.000000 -23.725539 0.000000
-5.552160 58.416088 129.366953 20.399879 10.818516 -0.259787 -1.182793 8.903548 -0.254867 -0.509988 -1.868565 -0.089997 -0.510921 3.951636 -0.141890 -0.392722 8.800523 -0.104190 1.284765 2.539662 0.034581 2.674672 -31.299140 -0.737673 -1.663110 2.012394 8.096821 26.789072 -20.896562 50.979488 1.295134 28.076030 -4.809718 14.534533 12.717095 6.243992 -0.554047 -0.374973 -4.735216 -5.218417 -22.846464 -61.744402 -3.061057 34.301760 7.871356 -5.390557 18.147079 0.697217 47.022417 -77.047962 -68.147785 130.713171 57.730378 147.596525 -2.955317 -6.994136 15.671967 0.000000 -38.862325 -0.000000 -42.542011 -76.755629 65.875747 -131.322536 54.009459 -141.999687 -2.315534 -12.466217 -17.004402 0.000000 -22.593890 0.000000
-5.725251 59.302913 129.207394 20.428258 11.206012 -0.288572 -1.126694 8.833704 -0.231334 -0.486577 -1.899695 -0.080847 -0.487440 3.920527 -0.130356 -0.374330 8.777178 -0.095626 1.302137 2.498094 0.035296 2.712081 -31.375958 -0.748575 -1.729805 1.911906 8.104351 26.721002 -20.975277 51.019866 1.395325 28.057024 -4.779963 14.495240 12.756162 6.245969 -0.588338 -0.358047 -4.628383 -5.172934 -22.943271 -61.756384 -3.203440 34.294689 7.841199 -5.394182 18.160926 0.713751 42.487329 -77.500251 -62.980155 131.060777 59.274750 147.150683 -2.351836 -7.470961 15.650723 0.000000 -37.651393 0.000000 -38.820671 -76.905957 61.506859 -131.227679 55.570053 -141.212371 -2.554894 -13.024480 -16.993623 -0.000000 -21.468801 0.000000
-5.903942 60.225985 129.091552 20.437050 11.594816 -0.316476 -1.059406 8.760505 -0.213416 -0.457821 -1.932301 -0.074382 -0.458606 3.887944 -0.120963 -0.352079 8.752729 -0.088716 1.303339 2.459386 0.040394 2.712690 -31.447928 -0.739983 -1.758018 1.794154 8.134172 26.634781 -21.030532 51.044827 1.409195 28.000003 -4.784826 14.430948 12.834472 6.272986 -0.614364 -0.353608 -4.537010 -5.092572 -23.059709 -61.774703 -3.318761 34.254360 7.803438 -5.396436 18.170303 0.752643 37.347331 -77.723310 -57.256491 131.476723 60.992894 146.917997 -1.733316 -7.981853 15.450421 0.000000 -36.581447 0.000000 -34.896467 -76.889423 56.973396 -130.990364 57.206703 -140.344612 -2.783852 -13.614714 -16.893901 -0.000000 -20.418142 0.000000
-6.072364 61.176316 128.993731 20.400154 11.961126 -0.381428 -0.971829 8.686223 -0.189017 -0.420442 -1.965407 -0.065409 -0.421140 3.854868 -0.108186 -0.323121 8.727906 -0.079295 1.292610 2.418853 0.039525 2.692063 -31.523402 -0.736431 -1.771920 1.679118 8.173487 26.537798 -21.072132 51.093312 1.364234 27.900002 -4.817960 14.321950 12.933088 6.319084 -0.720519 -0.360778 -4.401765 -4.884939 -23.160425 -61.861119 -3.403341 34.135437 7.769874 -5.394586 18.206101 0.794044 32.144312 -77.725514 -51.458753 132.148057 62.899509 147.109454 -0.968420 -8.525057 15.094740 -0.000000 -35.506662 -0.000000 -30.964667 -76.701907 52.468620 -130.843637 59.004136 -139.707378 -3.141404 -14.187343 -16.615653 -0.000000 -19.481186 -0.000000
-6.204580 62.161111 128.923440 20.376170 12.285436 -0.445606 -0.896077 8.616604 -0.167184 -0.388152 -1.996421 -0.057312 -0.388775 3.823877 -0.096802 -0.298080 8.704651 -0.070893 1.271301 2.366376 0.043418 2.646542 -31.621394 -0.716541 -1.793919 1.566344 8.207748 26.430700 -21.114774 51.187599 1.280446 27.760996 -4.867071 14.212637 13.035391 6.367346 -0.768067 -0.333482 -4.322879 -4.760973 -23.245896 -61.894919 -3.457289 33.962087 7.739931 -5.381295 18.246518 0.823412 26.861530 -77.466525 -45.692811 132.815452 64.966534 147.259882 -0.050225 -9.054494 14.750046 0.000000 -34.368919 0.000000 -26.887626 -76.353798 47.902134 -130.490542 60.806859 -138.855690 -3.540083 -14.738248 -16.251952 0.000000 -18.679224 0.000000
-6.280864 63.175725 128.868297 20.362679 12.578456 -0.499572 -0.834815 8.543039 -0.154327 -0.361736 -2.029161 -0.052902 -0.362295 3.791154 -0.089703 -0.277750 8.680101 -0.065699 1.238267 2.325713 0.056775 2.569875 -31.697907 -0.668812 -1.801271 1.481073 8.253366 26.277771 -21.190030 51.302674 1.184273 27.635791 -4.916604 14.145698 13.117862 6.376490 -0.807489 -0.294097 -4.253964 -4.652984 -23.292241 -61.911475 -3.475889 33.793195 7.711086 -5.369072 18.259733 0.838603 22.095673 -76.955967 -40.552094 133.466843 67.183292 147.373609 1.024169 -9.520485 14.489967 -0.000000 -33.227573 0.000000 -23.133242 -75.833793 43.709502 -130.084503 62.672461 -137.967333 -4.047394 -15.288186 -15.912316 0.000000 -17.898452 -0.000000
-6.290685 64.211344 128.823828 20.315649 12.825823 -0.577778 -0.779789 8.477144 -0.134274 -0.338542 -2.058500 -0.045160 -0.339048 3.761830 -0.079600 -0.259626 8.658100 -0.058205 1.207361 2.299685 0.069423 2.497588 -31.747148 -0.623361 -1.800197 1.398770 8.279126 26.088513 -21.292307 51.457569 1.104257 27.550775 -4.958458 14.095147 13.179246 6.356754 -0.835978 -0.286830 -4.219454 -4.507245 -23.277663 -61.935881 -3.457743 33.691989 7.705004 -5.346323 18.259049 0.836825 17.925514 -76.280277 -36.009588 133.857698 69.391069 147.197273 2.051425 -9.960563 14.302633 -0.000000 -32.127298 0.000000 -19.413193 -75.203560 39.632365 -129.658516 64.589435 -137.015675 -4.581285 -15.849099 -15.663915 0.000000 -17.029481 0.000000
-6.253563 65.259235 128.802293 20.275162 13.040057 -0.671586 -0.739419 8.406180 -0.103877 -0.322520 -2.090099 -0.032564 -0.322985 3.730240 -0.065374 -0.246591 8.634398 -0.047543 1.175210 2.281817 0.074324 2.427319 -31.781061 -0.593116 -1.786767 1.334058 8.301419 25.862486 -21.397358 51.640455 1.058883 27.486861 -4.995210 14.051598 13.231443 6.333179 -0.839440 -0.241336 -4.201269 -4.345686 -23.268910 -61.986162 -3.396555 33.679760 7.723296 -5.323753 18.264822 0.831869 14.133209 -75.500057 -31.833379 133.867018 71.538179 146.591786 2.985168 -10.397506 14.124379 0.000000 -31.086844 0.000000 -15.891940 -74.460300 35.794493 -129.035891 66.482082 -135.793507 -5.098830 -16.452794 -15.504359 -0.000000 -16.037000 0.000000
-6.173866 66.314095 128.810504 20.271107 13.192875 -0.756540 -0.725249 8.353083 -0.069913 -0.318370 -2.113755 -0.017875 -0.318817 3.706587 -0.050262 -0.242401 8.616651 -0.036134 1.144189 2.260857 0.075603 2.361792 -31.820596 -0.571274 -1.730005 1.328372 8.325666 25.641735 -21.539568 51.781732 1.048676 27.418380 -5.007681 14.006741 13.283070 6.324914 -0.838443 -0.223686 -4.203261 -4.158968 -23.229526 -62.059056 -3.298556 33.735902 7.763104 -5.300970 18.308531 0.838499 10.985236 -74.528924 -28.361999 132.915273 73.575462 145.082899 3.724861 -10.824413 13.972219 -0.000000 -30.084564 -0.000000 -13.075995 -73.526756 32.647338 -127.971449 68.308870 -134.099766 -5.628300 -17.102834 -15.481981 0.000000 -14.891833 -0.000000
-6.080120 67.377403 128.856952 20.260139 13.261159 -0.838923 -0.719174 8.333040 -0.037349 -0.317723 -2.122714 -0.003604 -0.318166 3.697628 -0.035924 -0.240897 8.609925 -0.025283 1.114642 2.243396 0.082736 2.295497 -31.853706 -0.537902 -1.675349 1.336456 8.346549 25.482676 -21.675723 51.893765 1.050672 27.387868 -5.010526 13.979773 13.330035 6.313876 -0.855375 -0.228549 -4.224361 -3.978014 -23.142962 -62.153527 -3.164109 33.796326 7.835565 -5.281659 18.369437 0.886022 8.088696 -73.408703 -25.140677 130.607243 75.481828 142.241221 4.148102 -11.270598 13.748512 -0.000000 -29.067201 -0.000000 -10.666029 -72.435705 29.908272 -126.517352 70.130761 -131.905179 -6.226394 -17.757509 -15.582668 -0.000000 -13.632537 0.000000
-6.009019 68.445241 128.933508 20.247019 13.279451 -0.907830 -0.720690 8.318622 -0.016624 -0.319705 -2.129154 0.005574 -0.320148 3.691187 -0.026947 -0.241746 8.605090 -0.018476 1.079408 2.247039 0.100603 2.209762 -31.847913 -0.477660 -1.657563 1.302770 8.384063 25.379798 -21.731136 52.034120 1.062280 27.384749 -5.019487 13.950977 13.384833 6.292932 -0.897842 -0.181984 -4.233962 -3.848293 -23.038723 -62.274217 -2.994338 33.815031 7.943943 -5.267095 18.402085 0.936464 5.321970 -72.225933 -22.049782 126.908203 77.264828 137.972396 4.335698 -11.760061 13.450601 -0.000000 -27.980915 0.000000 -8.721414 -71.222478 27.639826 -124.418805 71.972102 -129.064862 -6.888316 -18.362034 -15.745430 -0.000000 -12.247175 0.000000
-5.954947 69.520028 129.021275 20.251486 13.274677 -0.952123 -0.739991 8.290738 -0.006919 -0.328908 -2.141561 0.010172 -0.329357 3.678774 -0.023286 -0.248386 8.595779 -0.015653 1.040293 2.277465 0.118608 2.115105 -31.792398 -0.413964 -1.632157 1.289026 8.418623 25.307967 -21.743229 52.206266 1.080665 27.325606 -5.032190 13.895645 13.418421 6.264784 -0.933036 -0.109863 -4.247348 -3.767692 -22.901424 -62.409467 -2.814873 33.803479 8.052923 -5.250737 18.412076 0.948348 2.712535 -70.976382 -19.174778 121.694248 78.991412 132.123761 4.533723 -12.275032 13.123104 -0.000000 -26.820533 0.000000 -6.819428 -69.968218 25.389703 -121.231715 73.701774 -125.119149 -7.391226 -18.893937 -15.934230 0.000000 -10.836469 -0.000000
-5.894708 70.609913 129.095298 20.267835 13.227203 -0.974262 -0.766879 8.257214 -0.006104 -0.340929 -2.156462 0.010958 -0.341385 3.663866 -0.023722 -0.257430 8.584598 -0.015920 0.998867 2.325609 0.134692 2.016490 -31.703923 -0.352505 -1.632600 1.257103 8.453796 25.251392 -21.688555 52.432282 1.099315 27.206279 -5.045596 13.839748 13.442514 6.244992 -0.935067 -0.093132 -4.286465 -3.720630 -22.686068 -62.559202 -2.644588 33.797612 8.145917 -5.235330 18.430942 0.938391 0.760143 -69.578491 -17.024420 114.263665 80.672280 124.153110 4.876835 -12.778217 12.821214 0.000000 -25.641310 0.000000 -5.227205 -68.628502 23.429704 -116.360836 75.250136 -119.647479 -7.639427 -19.325073 -16.066513 0.000000 -9.377885 -0.000000
-5.835281 71.714436 129.163277 20.273065 13.153791 -0.999246 -0.781997 8.211439 -0.006328 -0.347647 -2.176806 0.011051 -0.348099 3.643518 -0.024311 -0.262504 8.569338 -0.016337 0.952798 2.386388 0.149810 1.908603 -31.591969 -0.289999 -1.664566 1.241492 8.499639 25.181875 -21.612366 52.694013 1.122628 27.084283 -5.056340 13.794900 13.448165 6.245770 -0.933335 -0.080611 -4.348669 -3.666322 -22.447718 -62.729869 -2.509006 33.806061 8.212601 -5.224838 18.475612 0.940925 -0.682095 -68.068813 -15.360343 103.191281 82.109164 112.692254 5.200381 -13.332356 12.486347 0.000000 -24.345701 -0.000000 -3.788292 -67.213795 21.627723 -110.210404 76.674404 -112.897147 -7.716473 -19.844914 -16.204356 0.000000 -7.844314 -0.000000
-5.801375 72.864727 129.227765 20.270849 13.042248 -1.051270 -0.786624 8.164110 0.003547 -0.350328 -2.197858 0.015424 -0.350771 3.622465 -0.020210 -0.264217 8.553546 -0.013227 0.906356 2.455240 0.163554 1.800849 -31.464938 -0.230184 -1.702800 1.265758 8.562370 25.083898 -21.538853 52.959894 1.163358 27.007633 -5.051857 13.763126 13.457437 6.253399 -0.939796 -0.040382 -4.423218 -3.590875 -22.223080 -62.919546 -2.414217 33.845718 8.244654 -5.227134 18.490012 0.980285 -2.281421 -66.431950 -13.516808 87.315555 82.965533 96.390035 5.428171 -14.048087 12.170757 -0.000000 -22.691927 -0.000000 -2.466920 -65.690809 19.966410 -101.848382 77.834658 -103.995402 -7.638559 -20.373413 -16.308021 -0.000000 -6.133457 -0.000000
-5.748386 74.013522 129.301460 20.267029 12.923844 -1.104899 -0.794021 8.100186 0.013061 -0.354217 -2.226285 0.019658 -0.354648 3.594036 -0.016371 -0.266853 8.532222 -0.010313 0.867006 2.536837 0.174934 1.709472 -31.314055 -0.179794 -1.727095 1.321914 8.632077 24.936030 -21.459772 53.236228 1.209864 27.031338 -5.034256 13.746750 13.457127 6.268026 -0.996088 0.031834 -4.469994 -3.446886 -22.000791 -63.159983 -2.356787 33.899432 8.256002 -5.257149 18.465051 1.038447 -3.870166 -64.705777 -11.679726 68.321349 83.152847 76.911407 5.712827 -14.865565 11.817778 0.000000 -20.835982 -0.000000 -1.305913 -64.088873 18.447842 -91.438623 78.753392 -93.175781 -7.697759 -20.904510 -16.250972 0.000000 -4.381595 0.000000
-5.702225 75.182553 129.372728 20.260566 12.740868 -1.164981 -0.798387 8.055220 0.023159 -0.356792 -2.246287 0.024128 -0.357214 3.574032 -0.012161 -0.268478 8.517216 -0.007122 0.834674 2.621198 0.186406 1.632936 -31.157914 -0.133806 -1.744610 1.368832 8.703161 24.726448 -21.357899 53.550310 1.260716 27.136691 -5.014153 13.742704 13.452523 6.279449 -0.995364 0.090695 -4.542512 -3.359579 -21.749449 -63.407876 -2.343657 33.966548 8.250052 -5.277177 18.464853 1.105960 -5.081939 -62.846753 -10.268406 49.581039 82.444668 57.778145 6.002819 -15.651902 11.424759 0.000000 -18.819539 0.000000 -0.418439 -62.319401 17.296601 -78.752109 79.172661 -80.135843 -7.916559 -21.430261 -16.122333 -0.000000 -2.527998 -0.000000
-5.671440 76.349106 129.438831 20.246105 12.537162 -1.242802 -0.794680 8.007041 0.039001 -0.356130 -2.267726 0.030997 -0.356538 3.552593 -0.005224 -0.267480 8.501133 -0.001885 0.808893 2.707720 0.196291 1.571283 -30.997637 -0.095413 -1.775927 1.404308 8.780873 24.488407 -21.213997 53.890718 1.304578 27.254036 -4.990954 13.740844 13.470661 6.287359 -0.993709 0.135552 -4.618039 -3.276405 -21.460400 -63.684826 -2.358342 34.041838 8.233977 -5.299699 18.478918 1.164192 -5.809821 -60.923759 -9.318201 35.491696 80.935733 43.535631 6.175005 -16.441361 10.929110 0.000000 -16.690396 0.000000 0.407752 -60.490433 16.253075 -65.269668 78.975282 -66.261778 -8.156741 -21.947392 -15.941942 -0.000000 -0.704077 -0.000000
-5.654407 77.503695 129.489453 20.216878 12.293734 -1.329319 -0.785356 7.967971 0.057873 -0.353153 -2.285121 0.039128 -0.353548 3.535200 0.003210 -0.264641 8.488084 0.004475 0.795105 2.794179 0.201947 1.537533 -30.837285 -0.073522 -1.796423 1.443280 8.858216 24.229997 -21.050837 54.244918 1.329108 27.350769 -4.974057 13.737286 13.485135 6.285014 -0.985200 0.162571 -4.700183 -3.178194 -21.152737 -63.987427 -2.396499 34.145130 8.196270 -5.318739 18.483090 1.180504 -6.358822 -58.912599 -8.524758 26.028836 78.893954 34.041903 6.231882 -17.228661 10.365338 0.000000 -14.464244 -0.000000 1.117061 -58.593320 15.325526 -53.168881 78.000246 -53.876694 -8.092744 -22.445248 -15.625797 0.000000 0.000000 0.000000
-5.621399 78.655099 129.541530 20.171959 12.005531 -1.409340 -0.776847 7.942449 0.074325 -0.350387 -2.296490 0.046226 -0.350772 3.523833 0.010590 -0.262037 8.479554 0.010040 0.793562 2.882215 0.206233 1.530300 -30.673865 -0.062177 -1.806784 1.483111 8.925961 23.973501 -20.867348 54.609379 1.339910 27.391264 -4.963355 13.715340 13.501188 6.298618 -0.969587 0.156975 -4.799111 -3.065443 -20.808149 -64.312268 -2.450599 34.239327 8.146574 -5.334290 18.490665 1.172300 -6.904062 -56.773045 -7.737658 19.531391 76.476726 27.491858 6.180075 -17.951970 9.847207 -0.000000 -12.241391 -0.000000 1.871633 -56.606653 14.355963 -43.589480 76.416955 -44.061261 -7.703894 -22.955530 -15.176805 -0.000000 -0.000000 0.000000
-5.563535 79.809712 129.603937 20.117489 11.691176 -1.491970 -0.764939 7.912619 0.084923 -0.345742 -2.309763 0.050668 -0.346115 3.510563 0.015504 -0.258199 8.469599 0.013727 0.794378 2.982878 0.223866 1.519580 -30.487128 -0.024268 -1.824962 1.537402 9.003426 23.724604 -20.666075 54.987532 1.323836 27.412642 -4.961364 13.695756 13.521973 6.315781 -0.950646 0.182412 -4.887552 -2.957190 -20.472911 -64.653520 -2.498444 34.305146 8.085181 -5.354187 18.498402 1.170353 -7.379820 -54.496880 -7.026657 14.951466 73.738838 22.890632 5.962240 -18.593480 9.344923 0.000000 -10.033469 0.000000 2.433913 -54.515675 13.583009 -36.233149 74.376580 -36.595107 -7.141502 -23.474337 -14.720617 0.000000 -0.000000 0.000000
-5.501938 80.971758 129.689057 20.045205 11.385730 -1.571455 -0.745119 7.860298 0.083561 -0.336829 -2.333010 0.049646 -0.337178 3.487321 0.015389 -0.251513 8.452167 0.013575 0.786996 3.100637 0.257346 1.481881 -30.268881 0.051878 -1.884691 1.579768 9.087012 23.483001 -20.421650 55.404258 1.299654 27.467087 -4.970152 13.681225 13.553964 6.327321 -0.925877 0.193935 -4.953914 -2.846580 -20.101659 -65.021679 -2.529117 34.380608 8.035386 -5.378285 18.499343 1.166272 -7.816704 -52.143398 -6.290576 11.938308 70.720792 19.844576 5.530996 -19.134417 8.852091 0.000000 -7.879945 0.000000 3.173748 -52.377391 12.681808 -30.234182 72.049354 -30.365636 -6.679838 -23.898040 -14.321302 -0.000000 0.000000 0.000000
-5.455462 82.139766 129.802912 19.952870 11.063996 -1.630019 -0.727547 7.797349 0.061985 -0.327663 -2.360952 0.039695 -0.327986 3.459385 0.006372 -0.245272 8.431221 0.006679 0.784392 3.229673 0.300480 1.448346 -30.029721 0.145077 -1.979387 1.590534 9.162811 23.223258 -20.123910 55.891599 1.291212 27.560415 -4.987784 13.663556 13.582110 6.341418 -0.873169 0.175612 -5.009799 -2.733400 -19.672624 -65.399287 -2.554183 34.486463 7.995161 -5.403275 18.504397 1.171725 -8.285303 -49.720656 -5.492489 9.450559 67.546337 17.180382 5.197512 -19.518044 8.470608 -0.000000 -5.857862 -0.000000 4.096413 -50.195377 11.702486 -24.862216 69.575643 -24.595584 -6.546447 -24.230249 -14.073685 -0.000000 -0.000000 -0.000000
-5.414732 83.300377 129.945422 19.864690 10.738188 -1.653698 -0.721507 7.742425 0.020138 -0.322385 -2.385298 0.020972 -0.322686 3.435042 -0.011813 -0.242602 8.412973 -0.007133 0.787256 3.333564 0.340841 1.428460 -29.837158 0.228571 -2.089052 1.505320 9.244043 22.926740 -19.746621 56.446342 1.301408 27.637496 -5.013526 13.657873 13.602877 6.340802 -0.794247 0.084640 -5.059009 -2.597379 -19.192498 -65.793097 -2.583797 34.633084 7.968179 -5.435426 18.521693 1.202406 -8.752827 -47.295997 -4.726859 7.128425 64.303425 14.577413 5.052995 -19.659648 8.176818 0.000000 -4.142017 0.000000 4.842639 -47.978386 10.900938 -20.111794 66.982003 -19.543308 -6.665587 -24.482876 -13.895907 0.000000 0.000000 0.000000
-5.353775 84.426076 130.097730 19.792874 10.381829 -1.652933 -0.719525 7.693465 -0.034785 -0.318116 -2.406973 -0.003467 -0.318398 3.413369 -0.035818 -0.241106 8.396730 -0.025343 0.783566 3.417112 0.374545 1.399420 -29.682330 0.301797 -2.200587 1.427611 9.340326 22.585760 -19.360232 57.010850 1.334534 27.689040 -5.026185 13.662743 13.611202 6.326182 -0.735358 -0.012034 -5.102410 -2.444680 -18.673186 -66.178963 -2.636775 34.758093 7.945217 -5.474709 18.538464 1.259425 -8.921000 -44.891732 -4.272110 5.168876 61.083727 12.486839 4.882197 -19.661908 7.871580 0.000000 -2.675394 0.000000 5.248023 -45.710367 10.347956 -16.424501 64.232346 -15.770986 -6.732374 -24.695638 -13.661147 -0.000000 0.000000 -0.000000
-5.263144 85.503018 130.257388 19.727436 10.002558 -1.645787 -0.734676 7.654466 -0.086571 -0.321674 -2.424223 -0.026222 -0.321948 3.396117 -0.058933 -0.245420 8.383803 -0.042834 0.787822 3.478763 0.393399 1.396225 -29.567974 0.339018 -2.285632 1.362848 9.425663 22.212203 -18.986846 57.562197 1.388968 27.725505 -5.018010 13.657104 13.612126 6.325561 -0.669838 -0.061752 -5.150874 -2.295011 -18.172422 -66.558600 -2.706582 34.814599 7.924963 -5.516484 18.547541 1.314503 -8.911246 -42.512034 -3.997712 3.571611 57.838273 10.907107 4.690443 -19.552763 7.357200 -0.000000 -1.295284 -0.000000 5.574900 -43.373499 9.870821 -14.040713 61.247256 -13.321716 -6.573171 -24.824500 -13.331803 -0.000000 0.000000 -0.000000
-5.163259 86.533391 130.412438 19.656105 9.608679 -1.647816 -0.749866 7.618422 -0.133584 -0.325552 -2.440162 -0.046861 -0.325818 3.380175 -0.079966 -0.249825 8.371856 -0.058744 0.792192 3.526752 0.406571 1.396873 -29.478939 0.364201 -2.345975 1.326025 9.514691 21.809042 -18.626516 58.086430 1.444692 27.763787 -4.993480 13.654666 13.631745 6.323090 -0.606904 -0.048438 -5.180171 -2.162440 -17.714447 -66.940267 -2.755534 34.823701 7.912157 -5.553121 18.552996 1.360367 -9.047387 -40.091996 -3.578947 2.384040 54.442839 9.581118 4.759857 -19.274081 6.463888 -0.000000 -0.107666 0.000000 5.783272 -41.003535 9.496937 -12.315478 58.072033 -11.586169 -6.305392 -24.732431 -12.927878 0.000000 -0.000000 0.000000
-5.058674 87.519232 130.561481 19.585220 9.214241 -1.654163 -0.759151 7.578028 -0.178522 -0.326938 -2.458038 -0.066689 -0.327192 3.362299 -0.099934 -0.252286 8.358458 -0.073863 0.783614 3.574632 0.424807 1.367659 -29.390215 0.407665 -2.388753 1.298032 9.613845 21.381715 -18.255599 58.584554 1.480828 27.841118 -4.973810 13.650740 13.668629 6.340514 -0.597232 -0.025456 -5.158764 -1.991814 -17.276238 -67.360969 -2.744334 34.825559 7.929252 -5.573453 18.595202 1.377350 -9.245043 -37.612547 -3.052322 1.502254 50.902299 8.391853 5.017430 -18.855541 5.727264 -0.000000 -0.000000 -0.000000 5.883864 -38.644260 9.166368 -10.839009 54.824373 -10.214284 -6.087341 -24.430609 -12.387785 -0.000000 -0.000000 0.000000
-4.947809 88.470740 130.743488 19.529235 8.812069 -1.654666 -0.778738 7.535626 -0.220926 -0.333073 -2.476802 -0.085234 -0.333319 3.343531 -0.119102 -0.258252 8.344392 -0.088350 0.782548 3.636598 0.445066 1.352743 -29.275299 0.450863 -2.430871 1.238947 9.693399 20.958508 -17.836982 59.091084 1.481961 27.998895 -4.976444 13.646465 13.699851 6.373405 -0.523907 -0.052478 -5.162889 -1.835462 -16.817365 -67.763656 -2.697215 34.896390 7.954498 -5.549052 18.664266 1.356204 -9.626927 -35.076538 -2.368852 0.949894 47.291822 7.228613 5.393185 -18.155334 5.289530 0.000000 0.000000 0.000000 6.162259 -36.205696 8.773042 -9.788312 51.419150 -9.133365 -5.890743 -23.866412 -11.873784 0.000000 -0.000000 -0.000000
-4.842824 89.386005 130.977353 19.482988 8.356213 -1.640044 -0.807782 7.502030 -0.261697 -0.343520 -2.491647 -0.102891 -0.343763 3.328680 -0.137821 -0.267421 8.333264 -0.102471 0.788515 3.726259 0.461968 1.354256 -29.108887 0.483074 -2.468956 1.158122 9.745234 20.555633 -17.345455 59.605402 1.455590 28.184659 -5.007975 13.638717 13.753223 6.410915 -0.415072 -0.132466 -5.196433 -1.662264 -16.307563 -68.151777 -2.629944 35.009102 7.986560 -5.519149 18.783547 1.317609 -9.717370 -32.546377 -1.906652 0.344253 43.789111 6.154559 5.714595 -17.084733 5.263488 0.000000 -0.000000 0.000000 6.198660 -33.670677 8.569399 -8.715269 47.967090 -8.162832 -5.779583 -23.078683 -11.486608 -0.000000 0.000000 -0.000000
-4.707685 90.253277 131.238147 19.459936 7.869451 -1.609431 -0.854538 7.464513 -0.299978 -0.362012 -2.508222 -0.119174 -0.362256 3.312094 -0.155983 -0.282581 8.320836 -0.116128 0.805428 3.848238 0.469322 1.383895 -28.882339 0.489266 -2.473876 1.034767 9.794881 20.169485 -16.756722 60.093328 1.410461 28.321962 -5.041802 13.618136 13.775923 6.469567 -0.268156 -0.206237 -5.252851 -1.519950 -15.779848 -68.498163 -2.570825 35.132382 8.004365 -5.488266 18.931449 1.284793 -9.294371 -30.107547 -1.892770 -0.333333 40.427795 5.412564 5.648320 -15.785785 5.665960 0.000000 0.000000 0.000000 6.172278 -31.138364 8.353802 -7.643923 44.548445 -7.163316 -5.762615 -22.115563 -11.263508 0.000000 0.000000 0.000000
-4.534457 91.064041 131.500537 19.434951 7.360703 -1.571718 -0.890702 7.425866 -0.341896 -0.375573 -2.525291 -0.137250 -0.375814 3.295016 -0.175438 -0.294139 8.308040 -0.130791 0.821780 3.993703 0.470090 1.416053 -28.612126 0.482483 -2.467394 0.903908 9.869292 19.792150 -16.132515 60.528269 1.354613 28.382105 -5.061655 13.598662 13.799992 6.530415 -0.128547 -0.276819 -5.304298 -1.445232 -15.230534 -68.800124 -2.505119 35.245452 8.028166 -5.467710 19.036861 1.261020 -8.718567 -27.750832 -2.078143 -0.630142 37.114284 5.069873 4.758104 -14.382901 6.750752 -0.000000 0.000000 0.000000 5.975213 -28.629079 8.287512 -6.746112 41.153066 -6.468844 -5.692745 -20.961244 -11.199561 -0.000000 -0.000000 -0.000000
-4.324337 91.820563 131.763685 19.436451 6.827682 -1.515737 -0.936557 7.393381 -0.386332 -0.393297 -2.539601 -0.156281 -0.393538 3.280693 -0.196270 -0.308915 8.297313 -0.146473 0.840790 4.160603 0.465980 1.456278 -28.302053 0.464417 -2.452608 0.825623 9.929301 19.439572 -15.559723 60.909454 1.294178 28.410653 -5.071026 13.565873 13.819133 6.586004 0.004042 -0.318756 -5.358887 -1.433557 -14.703456 -69.071020 -2.417726 35.337162 8.073417 -5.459966 19.085153 1.251696 -8.268147 -25.397529 -2.183357 -0.735403 33.844617 4.851492 3.832793 -13.032093 7.704889 0.000000 0.000000 -0.000000 5.972028 -26.141627 8.001875 -6.067564 37.792157 -5.758619 -5.684511 -19.499993 -11.311374 0.000000 -0.000000 0.000000
-4.093054 92.516212 132.056263 19.442275 6.293422 -1.434729 -0.979323 7.351293 -0.438791 -0.409172 -2.558155 -0.178948 -0.409407 3.262128 -0.220551 -0.322553 8.283406 -0.164779 0.858406 4.355808 0.462177 1.493045 -27.939417 0.448268 -2.438906 0.831164 9.959457 19.088098 -15.075543 61.258200 1.223591 28.453259 -5.084821 13.534674 13.843165 6.648383 0.126459 -0.297103 -5.393065 -1.500680 -14.218434 -69.324216 -2.318335 35.369606 8.120724 -5.468631 19.106983 1.254590 -8.188070 -23.023254 -2.138188 -0.689959 30.615821 4.603369 3.245806 -11.755666 8.258725 0.000000 0.000000 0.000000 6.190365 -23.670141 7.569255 -5.604198 34.495913 -5.026168 -5.507029 -18.172778 -11.844353 0.000000 0.000000 -0.000000
-3.883725 93.132488 132.381573 19.459939 5.733184 -1.338080 -1.026030 7.308827 -0.492843 -0.426714 -2.576858 -0.202271 -0.426944 3.243412 -0.245656 -0.337500 8.269387 -0.183699 0.877598 4.577134 0.458945 1.532304 -27.528262 0.432847 -2.437839 0.859732 9.950904 18.748994 -14.617630 61.596953 1.151334 28.534499 -5.102739 13.513525 13.925586 6.691494 0.266451 -0.306619 -5.429688 -1.598904 -13.696443 -69.553174 -2.228113 35.370959 8.156467 -5.488843 19.131698 1.227034 -8.268564 -20.650821 -2.026800 -0.690637 27.463586 4.257666 3.027615 -10.703245 8.598117 0.000000 0.000000 0.000000 6.331652 -21.189483 7.290867 -5.340056 31.239122 -4.569555 -5.165215 -17.031364 -12.419525 0.000000 0.000000 -0.000000
-3.653986 93.658243 132.715904 19.481323 5.138585 -1.244871 -1.068752 7.272141 -0.546717 -0.442497 -2.592987 -0.225573 -0.442720 3.227272 -0.270562 -0.351115 8.257300 -0.202477 0.896390 4.820962 0.461044 1.567283 -27.075364 0.429018 -2.451621 0.795729 9.948254 18.397224 -14.065428 61.933705 1.099614 28.663933 -5.109298 13.471530 13.957178 6.754278 0.424240 -0.383911 -5.462097 -1.670583 -13.115465 -69.763332 -2.180595 35.388282 8.163393 -5.510108 19.172467 1.184268 -8.489360 -18.259083 -2.065920 -0.488751 24.313129 4.096741 2.923357 -9.813380 8.903469 0.000000 -0.000000 -0.000000 6.643445 -18.712881 7.005972 -5.464468 28.001112 -4.288841 -4.766244 -15.933236 -12.829132 0.000000 0.000000 -0.000000
-3.392250 94.087384 133.022802 19.484995 4.558252 -1.183020 -1.105749 7.222370 -0.588040 -0.456517 -2.614958 -0.243446 -0.456729 3.205289 -0.289859 -0.363007 8.240828 -0.217022 0.923438 5.080661 0.464652 1.617936 -26.592953 0.423942 -2.463025 0.615496 9.958798 18.057458 -13.388802 62.248699 1.069639 28.823998 -5.103675 13.447601 14.005797 6.794514 0.607754 -0.540509 -5.505181 -1.671576 -12.476460 -69.948642 -2.177937 35.466448 8.142309 -5.539310 19.231801 1.150528 -8.611265 -15.941255 -2.228917 -0.328595 21.258419 4.045551 2.691202 -8.970490 9.326114 0.000000 0.000000 -0.000000 6.718075 -16.313242 6.820397 -5.510568 24.876861 -4.076916 -4.297967 -14.857289 -13.125773 -0.000000 -0.000000 -0.000000
-3.092460 94.547975 133.295033 19.445476 4.045880 -1.153344 -1.109828 7.134181 -0.619306 -0.456555 -2.654068 -0.257486 -0.456734 3.166179 -0.303902 -0.364041 8.211503 -0.227670 0.946808 5.351571 0.470027 1.659799 -26.089760 0.424904 -2.487251 0.435726 9.994864 17.747748 -12.694437 62.495833 1.065641 28.992906 -5.082525 13.430693 14.031467 6.834062 0.749866 -0.653881 -5.531613 -1.580581 -11.902517 -70.112508 -2.206084 35.630762 8.092974 -5.576152 19.263565 1.139875 -8.939704 -13.735708 -2.255852 -0.055712 18.330196 3.934997 2.239938 -8.314988 10.261209 -0.000000 -0.000000 0.000000 6.965825 -14.018561 6.575825 -5.566041 21.828056 -3.715261 -3.987479 -13.834101 -13.419127 -0.000000 -0.000000 0.000000
-2.816672 94.798763 133.608360 19.400467 3.541069 -1.125011 -1.103344 7.039477 -0.645981 -0.452189 -2.696098 -0.269674 -0.452331 3.124153 -0.315644 -0.361610 8.179986 -0.236601 0.962864 5.626983 0.476219 1.686204 -25.578260 0.431817 -2.504895 0.341117 10.036260 17.463024 -12.089904 62.663274 1.071143 29.138758 -5.050295 13.423337 14.066197 6.866120 0.859876 -0.689034 -5.537218 -1.413641 -11.426609 -70.283835 -2.238947 35.844506 8.041737 -5.634252 19.263076 1.139979 -9.545434 -11.622870 -2.309945 0.189425 15.610268 3.815499 2.123815 -7.997862 11.273477 0.000000 0.000000 -0.000000 7.710654 -11.778628 6.362511 -5.927548 18.881890 -3.417539 -3.944977 -12.963803 -13.575095 0.000000 0.000000 0.000000
-2.561907 94.964484 133.948106 19.324822 3.110230 -1.099014 -1.108547 6.924280 -0.665617 -0.453487 -2.747238 -0.278622 -0.453587 3.073011 -0.324721 -0.363235 8.141634 -0.243489 1.007034 5.890635 0.477641 1.772045 -25.088355 0.413678 -2.475440 0.221690 10.066946 17.207964 -11.511817 62.780324 1.078948 29.246978 -5.015826 13.408166 14.077306 6.888440 1.044361 -0.833823 -5.582758 -1.241979 -10.872731 -70.405693 -2.293339 36.037084 7.963752 -5.661196 19.217327 1.153466 -10.204059 -9.701213 -2.334056 0.357586 13.141816 3.651794 2.247046 -7.718422 12.115140 0.000000 -0.000000 -0.000000 8.521516 -9.706429 6.280490 -6.287758 16.095913 -3.187672 -3.862628 -12.236629 -13.667896 -0.000000 0.000000 0.000000
-2.323380 95.040837 134.263044 19.232333 2.733864 -1.094451 -1.115549 6.807608 -0.672859 -0.456339 -2.799063 -0.282056 -0.456397 3.021184 -0.328443 -0.365641 8.102767 -0.246315 1.059789 6.124392 0.477436 1.875969 -24.653853 0.387684 -2.479496 -0.085115 10.130790 16.989017 -10.814698 62.864566 1.082293 29.314900 -4.977303 13.394504 14.074134 6.873393 1.235092 -1.036640 -5.646309 -1.061745 -10.311760 -70.492551 -2.338456 36.135375 7.899098 -5.673913 19.176121 1.141691 -10.755602 -8.018193 -2.397837 0.513255 10.927359 3.584881 2.349823 -7.383306 12.762149 0.000000 -0.000000 -0.000000 8.932631 -7.879872 6.296839 -6.395109 13.575233 -3.108730 -3.606477 -11.511696 -13.770290 -0.000000 -0.000000 -0.000000
-2.101276 95.039216 134.522722 19.130257 2.385999 -1.113464 -1.151822 6.715270 -0.657107 -0.473557 -2.840093 -0.274801 -0.473585 2.980141 -0.322937 -0.378150 8.071991 -0.242084 1.139706 6.300033 0.459873 2.044080 -24.326759 0.311855 -2.449683 -0.579376 10.205677 16.797008 -10.029128 62.895237 1.082482 29.333360 -4.929802 13.378678 14.071211 6.835728 1.444871 -1.315664 -5.776521 -0.816252 -9.762391 -70.540653 -2.366025 36.135059 7.857541 -5.671503 19.150956 1.115026 -11.159244 -6.588343 -2.454295 0.689743 9.032665 3.535596 2.375302 -7.047129 13.289140 -0.000000 -0.000000 -0.000000 8.917388 -6.327075 6.266333 -6.249331 11.435607 -2.948933 -3.216371 -10.936170 -13.994504 -0.000000 0.000000 -0.000000
-1.980848 95.000907 134.645909 19.008230 2.084727 -1.150323 -1.167046 6.630534 -0.632254 -0.481930 -2.877799 -0.263800 -0.481928 2.942427 -0.312785 -0.383692 8.043705 -0.234381 1.211695 6.410282 0.435901 2.200005 -24.120942 0.226959 -2.400238 -0.631046 10.303661 16.664089 -9.745139 62.727759 1.088226 29.340008 -4.871869 13.340411 14.071579 6.812982 1.581934 -1.551696 -5.922832 -0.517102 -9.308159 -70.570502 -2.357802 36.062964 7.859350 -5.634035 19.113881 1.141514 -11.326434 -5.471752 -2.413947 0.675386 7.574154 3.428925 2.436393 -6.794979 13.705912 -0.000000 -0.000000 0.000000 8.958034 -4.979135 6.348435 -6.200127 9.616987 -2.895759 -2.921871 -10.539638 -14.169181 0.000000 0.000000 -0.000000
-1.865893 94.961840 134.727358 18.879422 1.800162 -1.204085 -1.190114 6.568882 -0.592779 -0.494622 -2.905277 -0.246136 -0.494598 2.914938 -0.296410 -0.392022 8.023087 -0.221944 1.292686 6.460454 0.404840 2.378379 -24.026301 0.122287 -2.322618 -0.700810 10.387862 16.499779 -9.526902 62.524391 1.095072 29.385670 -4.816530 13.321351 14.068404 6.813932 1.707674 -1.716995 -6.120954 -0.188122 -8.969218 -70.577654 -2.291096 35.978266 7.917726 -5.656685 19.083634 1.175809 -11.358109 -4.544318 -2.448528 0.523197 6.435531 3.455181 2.587834 -6.592676 13.956001 0.000000 0.000000 -0.000000 8.868295 -3.832297 6.508104 -5.939534 8.154774 -2.905682 -2.759885 -10.241324 -14.326016 -0.000000 -0.000000 0.000000
-1.807910 94.947677 134.737388 18.748866 1.534121 -1.257278 -1.217063 6.533293 -0.550624 -0.509158 -2.921178 -0.227155 -0.509122 2.899024 -0.278906 -0.401651 8.011149 -0.208639 1.373100 6.469086 0.382729 2.551407 -24.008769 0.035187 -2.237057 -0.841907 10.469886 16.333169 -9.322603 62.280009 1.086755 29.459010 -4.743363 13.262458 14.091806 6.754335 1.806873 -1.836359 -6.372488 0.134104 -8.727468 -70.539172 -2.138718 35.881312 8.023362 -5.646427 19.017214 1.259375 -11.118967 -3.824818 -2.502484 0.246841 5.607998 3.491361 2.649609 -6.440518 14.151107 -0.000000 -0.000000 -0.000000 8.351796 -2.924548 6.566787 -5.362089 7.045195 -2.829947 -2.482996 -9.963650 -14.509307 0.000000 -0.000000 0.000000
-1.759210 94.958453 134.672647 18.639948 1.326632 -1.292530 -1.270130 6.504153 -0.508484 -0.535307 -2.934189 -0.207797 -0.535260 2.885989 -0.262205 -0.420039 8.001374 -0.195887 1.458376 6.460656 0.370144 2.729436 -24.022865 -0.035768 -2.122156 -1.056051 10.537385 16.164866 -9.125494 62.020299 1.027409 29.574060 -4.684092 13.246177 14.076300 6.686495 1.913562 -1.823037 -6.647418 0.354611 -8.643830 -70.491133 -1.882171 35.724034 8.177499 -5.630420 18.960351 1.344961 -10.797165 -3.316542 -2.557949 0.124676 5.042739 3.498334 2.472791 -6.388029 14.350006 -0.000000 0.000000 0.000000 7.608157 -2.280644 6.505981 -4.865414 6.313646 -2.641574 -1.940303 -9.935990 -14.822945 0.000000 0.000000 -0.000000
-1.731307 94.985268 134.597329 18.560407 1.149206 -1.299588 -1.337390 6.483915 -0.481756 -0.566848 -2.943193 -0.195057 -0.566792 2.876954 -0.252670 -0.442985 7.994606 -0.188531 1.538070 6.452266 0.371934 2.888616 -24.037146 -0.074923 -2.079971 -0.916040 10.531201 16.189688 -9.319698 61.730004 0.882860 29.643613 -4.644728 13.219719 14.077561 6.586971 2.020168 -1.757639 -6.880967 0.432387 -8.657722 -70.435513 -1.495370 35.528508 8.348892 -5.597291 18.926307 1.403830 -10.622289 -2.950620 -2.564569 0.248340 4.682113 3.457421 2.188910 -6.389941 14.509046 0.000000 -0.000000 0.000000 7.190026 -1.789928 6.415579 -4.810207 5.879355 -2.448188 -1.375724 -10.159680 -15.153524 0.000000 -0.000000 -0.000000
-1.724176 95.015458 134.538096 18.490557 1.000756 -1.292932 -1.399771 6.472336 -0.472747 -0.595160 -2.948304 -0.190224 -0.595097 2.871814 -0.250715 -0.464057 7.990761 -0.186922 1.602184 6.449073 0.385752 3.009996 -24.042250 -0.081502 -2.070551 -0.864639 10.522800 16.238780 -9.483698 61.540606 0.649728 29.614949 -4.667250 13.188769 14.106465 6.518719 2.100861 -1.676507 -7.024778 0.467262 -8.754922 -70.417802 -1.016180 35.391218 8.549784 -5.548064 18.910345 1.384836 -10.652571 -2.688211 -2.566342 0.488730 4.461835 3.419465 2.021323 -6.386446 14.624798 0.000000 -0.000000 -0.000000 7.121325 -1.474052 6.414741 -4.887293 5.661342 -2.387090 -1.095970 -10.366286 -15.424082 -0.000000 -0.000000 -0.000000
-1.734872 95.047146 134.475106 18.429652 0.880834 -1.281451 -1.436862 6.467507 -0.479740 -0.611263 -2.950390 -0.192826 -0.611196 2.869711 -0.254953 -0.476428 7.989194 -0.190055 1.643222 6.432586 0.412747 3.078352 -24.072741 -0.049690 -2.088898 -0.870200 10.515333 16.242981 -9.608288 61.482063 0.421178 29.483687 -4.741413 13.134040 14.172200 6.504917 2.115028 -1.601712 -7.061835 0.491902 -8.866496 -70.476747 -0.541477 35.240443 8.781592 -5.460058 18.954666 1.286671 -10.794807 -2.557647 -2.598346 0.670030 4.410712 3.419992 2.019336 -6.409209 14.773711 0.000000 -0.000000 0.000000 7.214214 -1.360631 6.405917 -4.958799 5.646879 -2.331440 -0.969735 -10.510161 -15.676185 0.000000 -0.000000 -0.000000
-1.772163 95.071621 134.385710 18.362105 0.770199 -1.266714 -1.443506 6.481981 -0.495421 -0.613278 -2.943900 -0.199642 -0.613218 2.876199 -0.261975 -0.478447 7.994066 -0.195354 1.657580 6.422390 0.447867 3.088652 -24.092226 0.012855 -2.103040 -0.793391 10.476608 16.190890 -9.824273 61.500449 0.257957 29.353595 -4.826855 13.226426 14.412641 6.589995 2.071224 -1.537600 -7.019404 0.483446 -8.969746 -70.617392 -0.130892 35.052081 9.026139 -5.336716 19.031147 1.155078 -10.688525 -2.615458 -2.621367 0.537540 4.580526 3.396581 2.091322 -6.427444 14.941566 -0.000000 -0.000000 0.000000 7.396870 -1.391612 6.351766 -4.997473 5.815687 -2.254869 -0.978107 -10.665644 -15.876457 0.000000 -0.000000 0.000000
-1.802981 95.085120 134.282628 18.282067 0.669803 -1.254790 -1.426970 6.503743 -0.512072 -0.604910 -2.934192 -0.207189 -0.604859 2.885916 -0.268671 -0.472662 8.001355 -0.200452 1.649753 6.418365 0.485884 3.052705 -24.100699 0.093251 -2.120952 -0.674656 10.427028 16.147550 -10.050491 61.509041 0.191620 29.303765 -4.863176 13.263417 14.542687 6.633071 2.000629 -1.476282 -6.933398 0.422065 -9.060648 -70.769647 0.184145 34.845718 9.210350 -5.400503 19.190977 1.088626 -10.548260 -2.747091 -2.641229 0.429493 4.877221 3.389529 2.154281 -6.513652 15.047863 0.000000 0.000000 0.000000 7.750154 -1.507264 6.309883 -5.056635 6.151354 -2.244391 -1.174692 -10.898995 -15.935960 0.000000 -0.000000 -0.000000
-1.847108 95.087507 134.184684 18.221040 0.581036 -1.244730 -1.412024 6.529003 -0.530874 -0.597116 -2.922921 -0.215657 -0.597077 2.897195 -0.276347 -0.467378 8.009816 -0.206289 1.644204 6.430471 0.525092 3.020328 -24.079173 0.175243 -2.141051 -0.662147 10.414832 16.137743 -10.137940 61.485363 0.203029 29.360750 -4.859424 13.223302 14.480789 6.636777 1.915124 -1.444547 -6.835026 0.360549 -9.128804 -70.866747 0.366932 34.759905 9.293913 -5.370648 19.225188 1.018514 -10.443174 -2.857468 -2.647762 0.388187 5.125776 3.369209 2.148901 -6.568111 15.130374 0.000000 0.000000 -0.000000 7.955138 -1.652587 6.316791 -5.023496 6.483278 -2.268246 -1.339989 -11.018457 -15.942306 0.000000 -0.000000 -0.000000
-1.893321 95.079765 134.093599 18.154237 0.478889 -1.247248 -1.403825 6.559182 -0.540084 -0.592886 -2.909488 -0.219758 -0.592861 2.910632 -0.280020 -0.464476 8.019895 -0.209078 1.650624 6.455194 0.551909 3.018346 -24.033737 0.226271 -2.137456 -0.656770 10.391220 16.220545 -10.175380 61.433218 0.250666 29.466735 -4.837778 13.131647 14.271636 6.619711 1.873186 -1.447304 -6.769014 0.282813 -9.155458 -70.886743 0.416114 34.808737 9.284584 -5.253784 19.138304 0.928028 -10.354314 -2.885342 -2.654440 0.396954 5.316139 3.362033 2.083370 -6.697273 15.188479 -0.000000 0.000000 0.000000 7.910493 -1.801081 6.320666 -4.915903 6.876175 -2.252522 -1.287083 -11.225580 -15.971062 -0.000000 -0.000000 0.000000
-1.935811 95.064507 134.040346 18.074175 0.371004 -1.263822 -1.393907 6.588831 -0.539875 -0.588450 -2.896323 -0.219707 -0.588438 2.923802 -0.279519 -0.461117 8.029770 -0.208710 1.664846 6.480779 0.563403 3.040199 -23.986251 0.242397 -2.136397 -0.720084 10.396387 16.400643 -10.097535 61.349981 0.309068 29.526276 -4.823534 13.148045 14.256116 6.633631 1.879374 -1.478241 -6.752275 0.180006 -9.152119 -70.832619 0.362874 34.942143 9.233010 -5.285761 19.072348 0.908027 -10.231190 -2.840075 -2.637792 0.387542 5.448290 3.347412 2.022830 -6.810181 15.201805 0.000000 -0.000000 -0.000000 7.836873 -1.882315 6.327875 -4.899143 7.235042 -2.225066 -1.095447 -11.487961 -15.992169 0.000000 0.000000 0.000000
-1.974764 95.048230 134.006218 17.990177 0.271940 -1.285056 -1.388979 6.610231 -0.535351 -0.586500 -2.886832 -0.217700 -0.586498 2.933295 -0.277313 -0.459499 8.036887 -0.207044 1.688895 6.506019 0.565711 3.086666 -23.939048 0.234856 -2.124104 -0.767053 10.411401 16.630435 -10.012325 61.245148 0.368259 29.513538 -4.823831 13.142895 14.243508 6.629350 1.921946 -1.518883 -6.784079 0.080066 -9.150759 -70.711805 0.243512 35.060357 9.154741 -5.328857 19.007545 0.922658 -9.973751 -2.802341 -2.583599 0.251801 5.546376 3.302515 1.992780 -6.821735 15.159378 -0.000000 0.000000 -0.000000 7.663470 -1.921912 6.329360 -4.717845 7.537125 -2.193706 -1.005956 -11.681893 -15.934754 0.000000 0.000000 0.000000
-1.999648 95.037237 133.994612 17.909574 0.188647 -1.305069 -1.387086 6.621951 -0.533467 -0.585756 -2.881631 -0.216852 -0.585760 2.938497 -0.276390 -0.458876 8.040787 -0.206345 1.718759 6.531749 0.565744 3.145976 -23.890784 0.219697 -2.125735 -0.813740 10.440600 16.835986 -9.947852 61.146897 0.413646 29.463888 -4.840060 13.122047 14.225516 6.598571 1.978812 -1.543210 -6.839188 0.017100 -9.186605 -70.561900 0.097634 35.123794 9.080872 -5.374825 18.957951 0.973830 -9.814870 -2.716199 -2.548994 0.185931 5.569180 3.267623 1.984356 -6.831522 15.111685 -0.000000 -0.000000 0.000000 7.382603 -1.947904 6.326502 -4.432054 7.821098 -2.157417 -0.939828 -11.829359 -15.829802 -0.000000 -0.000000 0.000000
-2.008322 95.034586 134.021462 17.824547 0.119720 -1.329184 -1.378497 6.629812 -0.533683 -0.581910 -2.878146 -0.217045 -0.581918 2.941986 -0.276193 -0.455981 8.043402 -0.206212 1.751989 6.565414 0.568716 3.210255 -23.827783 0.208890 -2.129597 -0.806294 10.465397 16.938665 -10.003916 61.061155 0.439525 29.419794 -4.842082 13.097575 14.213936 6.546042 2.028014 -1.545446 -6.886685 0.021509 -9.278175 -70.420675 -0.046298 35.124344 9.015465 -5.416534 18.916900 1.062434 -9.829738 -2.586409 -2.531306 0.200327 5.547779 3.267299 2.082957 -6.859814 15.035649 0.000000 0.000000 0.000000 7.210091 -1.954721 6.350780 -4.251486 8.057022 -2.143633 -0.883815 -11.934540 -15.729013 -0.000000 -0.000000 0.000000
-2.007272 95.038832 134.066124 17.732554 0.070827 -1.353029 -1.362637 6.630596 -0.536176 -0.574702 -2.877808 -0.218375 -0.574709 2.942331 -0.276790 -0.450622 8.043658 -0.206698 1.785835 6.607817 0.572969 3.274843 -23.748562 0.200610 -2.141951 -0.773654 10.470639 16.930146 -10.140378 61.022088 0.438990 29.411652 -4.838423 13.067522 14.213144 6.499769 2.061447 -1.538616 -6.914252 0.114849 -9.412414 -70.304361 -0.155489 35.107579 8.958198 -5.457421 18.884619 1.167082 -9.746818 -2.501371 -2.505376 0.119547 5.553124 3.257061 2.201217 -6.853673 14.942929 -0.000000 -0.000000 0.000000 7.090651 -1.974390 6.372643 -4.075686 8.255589 -2.137601 -0.869133 -11.993555 -15.660611 0.000000 0.000000 0.000000
-1.992262 95.044863 134.130720 17.635721 0.040104 -1.367480 -1.344181 6.634372 -0.544574 -0.565983 -2.876125 -0.222353 -0.565991 2.944023 -0.279882 -0.444311 8.044925 -0.209078 1.818026 6.644057 0.575089 3.337346 -23.680753 0.188814 -2.150767 -0.769618 10.471684 16.857340 -10.285739 61.010189 0.419768 29.445206 -4.828251 13.043758 14.235813 6.495430 2.078101 -1.537974 -6.923357 0.245446 -9.578082 -70.216930 -0.204215 35.100242 8.927277 -5.477150 18.873165 1.237729 -9.674154 -2.445015 -2.496079 0.120750 5.589831 3.246663 2.251643 -6.877877 14.873753 -0.000000 -0.000000 0.000000 7.131249 -1.983806 6.388573 -4.032216 8.430583 -2.132777 -0.892456 -12.051357 -15.646339 0.000000 0.000000 0.000000
-1.960810 95.048642 134.223633 17.529759 0.028919 -1.372080 -1.320978 6.641413 -0.560145 -0.554721 -2.872975 -0.229571 -0.554731 2.947184 -0.285955 -0.436309 8.047294 -0.213726 1.848111 6.673298 0.583089 3.392654 -23.626110 0.189750 -2.146181 -0.745821 10.466655 16.793737 -10.448134 61.007923 0.387540 29.518536 -4.819846 13.028294 14.273724 6.522500 2.069122 -1.523307 -6.908311 0.351228 -9.761147 -70.150036 -0.193308 35.098786 8.925383 -5.470738 18.911157 1.252845 -9.749108 -2.413482 -2.512320 0.188499 5.663489 3.264141 2.387440 -6.941714 14.811460 -0.000000 -0.000000 -0.000000 7.332265 -1.987624 6.410564 -4.021369 8.586121 -2.142160 -1.045375 -12.097184 -15.640768 0.000000 0.000000 -0.000000
-1.913878 95.046361 134.341047 17.441505 0.052333 -1.367481 -1.303233 6.648538 -0.577347 -0.545791 -2.869779 -0.237435 -0.545803 2.950389 -0.292911 -0.430119 8.049698 -0.219031 1.874816 6.688717 0.589386 3.442414 -23.597142 0.188689 -2.145579 -0.681213 10.436627 16.814524 -10.618534 61.005235 0.359582 29.605859 -4.820991 13.021256 14.293832 6.560668 2.028557 -1.494327 -6.882292 0.373150 -9.946983 -70.085075 -0.130302 35.078632 8.942587 -5.454700 18.967723 1.234243 -9.931708 -2.432780 -2.554515 0.270777 5.786831 3.310354 2.642100 -6.994507 14.714407 -0.000000 0.000000 0.000000 7.580832 -2.024298 6.425985 -3.974213 8.745041 -2.153177 -1.317115 -12.098559 -15.606631 0.000000 0.000000 -0.000000
-1.870638 95.034919 134.466602 17.370205 0.103493 -1.362147 -1.289889 6.659738 -0.595347 -0.538766 -2.864764 -0.245576 -0.538782 2.955411 -0.300339 -0.425390 8.053465 -0.224682 1.896904 6.691005 0.596197 3.482980 -23.592651 0.190720 -2.134077 -0.607392 10.409230 16.935960 -10.761265 60.980517 0.342232 29.646527 -4.823706 13.021432 14.294021 6.581629 1.972518 -1.477052 -6.846298 0.292955 -10.099817 -70.009414 -0.043035 35.043456 8.969853 -5.445959 19.057286 1.185077 -9.981595 -2.566245 -2.536289 0.245424 6.037584 3.293037 2.872623 -7.024772 14.575488 0.000000 -0.000000 0.000000 7.803240 -2.101084 6.444027 -3.969046 8.937159 -2.185703 -1.559808 -12.070482 -15.515639 0.000000 0.000000 -0.000000
-1.839577 95.013622 134.579226 17.322238 0.179170 -1.358303 -1.285465 6.673154 -0.609183 -0.535957 -2.858766 -0.251737 -0.535977 2.961411 -0.306214 -0.423708 8.057968 -0.229138 1.915375 6.677078 0.595716 3.520573 -23.618148 0.179581 -2.138431 -0.555450 10.380430 17.167904 -10.842301 60.947379 0.339163 29.612265 -4.838944 13.036725 14.295431 6.590830 1.915055 -1.475160 -6.812984 0.130749 -10.215860 -69.926308 0.040762 34.994457 9.011238 -5.434478 19.072644 1.141572 -9.896302 -2.806500 -2.479797 0.133016 6.396078 3.239402 3.065508 -7.013881 14.394102 0.000000 -0.000000 -0.000000 7.932691 -2.255802 6.436101 -4.017830 9.199817 -2.208803 -1.692488 -12.005632 -15.369790 0.000000 -0.000000 -0.000000
-1.814461 94.980791 134.687105 17.299658 0.297259 -1.355398 -1.291801 6.681454 -0.618345 -0.538221 -2.855042 -0.255684 -0.538245 2.965133 -0.310392 -0.425707 8.060763 -0.232286 1.929425 6.648020 0.585580 3.554830 -23.671570 0.150973 -2.154495 -0.519133 10.359225 17.453748 -10.900941 60.908296 0.343887 29.530521 -4.878303 13.043087 14.288422 6.598191 1.857172 -1.466897 -6.781616 -0.060471 -10.337808 -69.844132 0.106585 34.940752 9.059755 -5.433284 19.112058 1.115384 -9.835890 -3.111637 -2.421991 0.050849 6.823554 3.188157 3.267290 -7.013554 14.149825 -0.000000 0.000000 -0.000000 8.046722 -2.491858 6.426041 -4.130781 9.548011 -2.248957 -1.809568 -11.929015 -15.170808 0.000000 -0.000000 -0.000000
-1.792593 94.935287 134.797289 17.302395 0.456578 -1.351148 -1.304350 6.685792 -0.621296 -0.543625 -2.853089 -0.256798 -0.543651 2.967081 -0.312055 -0.429877 8.062228 -0.233517 1.937341 6.606693 0.567372 3.581439 -23.747671 0.109032 -2.179067 -0.484444 10.349089 17.724682 -10.989809 60.838279 0.361205 29.427120 -4.905433 13.049830 14.278762 6.598503 1.811214 -1.455551 -6.756506 -0.260272 -10.488401 -69.772302 0.156520 34.890603 9.119330 -5.453146 19.122079 1.102193 -9.787092 -3.491185 -2.367415 -0.021240 7.349875 3.141293 3.487534 -7.042623 13.828118 0.000000 0.000000 0.000000 8.115670 -2.841359 6.435870 -4.119016 10.036275 -2.322353 -2.101751 -11.859901 -14.903254 0.000000 -0.000000 0.000000
-1.768701 94.886233 134.908471 17.327170 0.660012 -1.344599 -1.320534 6.687205 -0.621053 -0.550842 -2.852440 -0.256452 -0.550869 2.967723 -0.312443 -0.435313 8.062713 -0.233775 1.937236 6.554257 0.549097 3.592354 -23.844549 0.070820 -2.207910 -0.486759 10.351839 17.913697 -11.100801 60.762353 0.400154 29.335431 -4.910341 13.044847 14.259509 6.597945 1.770926 -1.448560 -6.736489 -0.463273 -10.673528 -69.699228 0.169173 34.818942 9.150967 -5.459244 19.106884 1.118689 -9.737334 -3.959712 -2.347736 -0.074867 7.975361 3.132174 3.733433 -7.057386 13.369270 -0.000000 -0.000000 -0.000000 8.153921 -3.312500 6.471130 -3.947222 10.671643 -2.390289 -2.572134 -11.812600 -14.646001 0.000000 0.000000 0.000000
-1.759263 94.836041 135.001523 17.366939 0.899494 -1.325128 -1.334548 6.688616 -0.622007 -0.557022 -2.851791 -0.256668 -0.557050 2.968365 -0.313287 -0.440005 8.063199 -0.234384 1.926724 6.489095 0.533277 3.581484 -23.965327 0.042627 -2.186017 -0.385628 10.325700 17.979457 -11.383381 60.672003 0.452227 29.288692 -4.892257 13.032628 14.243388 6.595177 1.739369 -1.435892 -6.720021 -0.663572 -10.918575 -69.624967 0.169222 34.739978 9.160233 -5.476315 19.065718 1.147199 -9.604294 -4.561549 -2.361678 -0.127906 8.772367 3.150596 3.946162 -7.095591 12.816874 0.000000 -0.000000 0.000000 8.189946 -4.004583 6.461464 -3.733852 11.585306 -2.413271 -3.130772 -11.875362 -14.346456 0.000000 -0.000000 -0.000000
-1.761210 94.778130 135.078716 17.401367 1.175734 -1.288363 -1.334161 6.689614 -0.629889 -0.556379 -2.851324 -0.260167 -0.556407 2.968833 -0.316721 -0.439771 8.063551 -0.236985 1.904720 6.409464 0.521318 3.545906 -24.113309 0.027848 -2.187650 -0.306358 10.303664 17.985265 -11.683766 60.585457 0.505601 29.294916 -4.861461 13.024324 14.246514 6.600002 1.707789 -1.413193 -6.694825 -0.856474 -11.237670 -69.563543 0.168184 34.676485 9.160775 -5.485339 19.060500 1.173384 -9.280756 -5.342641 -2.369474 -0.351920 9.797829 3.144040 4.109875 -7.285360 12.298868 0.000000 0.000000 0.000000 8.230215 -4.748921 6.427203 -3.559877 12.615636 -2.419550 -3.679904 -12.105396 -14.009749 -0.000000 0.000000 0.000000
-1.801055 94.701316 135.102324 17.427871 1.502433 -1.242753 -1.317942 6.687484 -0.640392 -0.548537 -2.852261 -0.265067 -0.548563 2.967904 -0.320824 -0.434189 8.062853 -0.240129 1.871930 6.321494 0.515266 3.485691 -24.277145 0.030492 -2.219003 -0.268922 10.287622 17.992096 -11.954499 60.512587 0.543963 29.345754 -4.847381 13.028454 14.265743 6.606779 1.675102 -1.385145 -6.657525 -1.043928 -11.626234 -69.508871 0.167440 34.630258 9.149501 -5.496247 19.081951 1.197127 -8.859725 -6.359212 -2.344787 -0.780931 11.104361 3.090104 4.385682 -7.601407 11.828651 -0.000000 0.000000 0.000000 8.227786 -5.809858 6.320967 -3.529798 14.050003 -2.406998 -4.094031 -12.528623 -13.655195 -0.000000 -0.000000 -0.000000
-1.839711 94.603658 135.084114 17.446551 1.872803 -1.190937 -1.285171 6.688681 -0.656262 -0.533003 -2.851726 -0.272577 -0.533027 2.968454 -0.326754 -0.422975 8.063260 -0.244691 1.829700 6.230258 0.519638 3.400876 -24.447487 0.059183 -2.281306 -0.281514 10.286697 18.053337 -12.172733 60.438720 0.566414 29.403481 -4.852444 13.031717 14.292714 6.617422 1.625932 -1.378559 -6.591647 -1.224465 -12.057260 -69.454422 0.140555 34.595985 9.115172 -5.498098 19.117217 1.207630 -8.507834 -7.566492 -2.362963 -1.314347 12.644256 3.051764 4.848604 -8.023467 11.402482 -0.000000 0.000000 0.000000 8.214455 -6.938067 6.191578 -3.685176 15.634476 -2.454539 -4.288570 -13.058738 -13.329027 0.000000 -0.000000 0.000000
-1.915374 94.474125 135.040754 17.455398 2.285864 -1.132577 -1.238083 6.693855 -0.677424 -0.510775 -2.849431 -0.282629 -0.510798 2.970769 -0.334547 -0.406878 8.064988 -0.250694 1.781068 6.141724 0.531301 3.298995 -24.613076 0.106274 -2.311628 -0.250293 10.255559 18.173978 -12.439869 60.365548 0.570989 29.410660 -4.871610 13.036989 14.302569 6.649752 1.562139 -1.396409 -6.495734 -1.411043 -12.507131 -69.420191 0.103069 34.567113 9.088826 -5.499162 19.145853 1.209438 -8.394797 -8.967811 -2.386169 -1.568631 14.500441 3.052187 5.288948 -8.588408 11.046749 0.000000 -0.000000 0.000000 8.104220 -8.305309 6.212793 -3.937390 17.476406 -2.717282 -4.355835 -13.594159 -13.026378 0.000000 0.000000 -0.000000
-2.034889 94.301428 134.925892 17.447689 2.717979 -1.070225 -1.177771 6.713752 -0.701311 -0.482476 -2.840610 -0.294038 -0.482503 2.979616 -0.343080 -0.386284 8.071612 -0.257284 1.728580 6.053586 0.546156 3.187386 -24.778016 0.162128 -2.351548 -0.261262 10.225858 18.386599 -12.660427 60.281645 0.564269 29.359989 -4.907453 13.052424 14.306366 6.690052 1.485655 -1.415126 -6.370804 -1.602179 -12.994782 -69.406210 0.044173 34.552752 9.079682 -5.506545 19.176949 1.244388 -8.485301 -10.544501 -2.452965 -1.592162 16.514404 3.116593 5.721639 -9.158974 10.798271 -0.000000 -0.000000 -0.000000 7.619504 -9.921868 6.333186 -4.210345 19.609099 -3.147229 -4.056485 -14.150109 -12.757550 0.000000 0.000000 0.000000
-2.153664 94.072698 134.761458 17.414733 3.136336 -0.987827 -1.107556 6.756632 -0.733188 -0.449255 -2.821573 -0.309075 -0.449291 2.998680 -0.354741 -0.362225 8.085895 -0.266262 1.675644 5.966638 0.558496 3.075975 -24.940629 0.213443 -2.363136 -0.201533 10.177439 18.659734 -12.958595 60.159532 0.561239 29.287040 -4.957586 13.060521 14.320206 6.721010 1.407093 -1.408689 -6.219703 -1.811728 -13.533635 -69.406437 -0.028966 34.530620 9.078412 -5.509747 19.203545 1.269275 -8.758223 -12.258739 -2.555383 -1.263418 18.897322 3.320567 5.938900 -9.871257 10.756138 -0.000000 -0.000000 0.000000 7.179287 -11.726383 6.375817 -4.086613 22.090293 -3.519528 -4.137033 -14.842400 -12.462277 -0.000000 -0.000000 -0.000000
-2.243295 93.788196 134.538736 17.384397 3.557846 -0.847174 -1.043909 6.813220 -0.789964 -0.417439 -2.796381 -0.335035 -0.417487 3.023896 -0.377467 -0.340013 8.104796 -0.283607 1.624334 5.870477 0.566001 2.970459 -25.120158 0.254126 -2.343226 -0.057812 10.112898 18.969720 -13.358689 59.994087 0.565092 29.202311 -5.019699 13.063537 14.322286 6.754835 1.319041 -1.399212 -6.052925 -2.038062 -14.105911 -69.405337 -0.102447 34.485084 9.079332 -5.507481 19.228361 1.286130 -8.529652 -14.223686 -2.901978 -1.096220 21.582182 3.717316 5.759060 -10.410514 11.062035 0.000000 0.000000 0.000000 7.194225 -13.566380 6.204457 -4.336378 24.576154 -3.813287 -4.132030 -15.541490 -12.449751 -0.000000 -0.000000 -0.000000
-2.309604 93.441664 134.304808 17.373868 4.014654 -0.672702 -1.001234 6.866553 -0.855788 -0.394410 -2.772590 -0.364716 -0.394466 3.047704 -0.404808 -0.324714 8.122644 -0.304405 1.580945 5.763039 0.569984 2.882893 -25.320390 0.283317 -2.317219 0.031284 10.056864 19.316846 -13.732595 59.788287 0.570210 29.103010 -5.083180 13.072830 14.321335 6.787178 1.238645 -1.397209 -5.897458 -2.302880 -14.694336 -69.369781 -0.170758 34.396912 9.077837 -5.514270 19.267642 1.289465 -7.999497 -16.373339 -3.428679 -1.097093 24.421629 4.182333 5.577829 -10.918167 11.377027 -0.000000 -0.000000 0.000000 7.858000 -15.372371 6.041051 -4.280641 27.143518 -3.955975 -5.127307 -16.472525 -12.442952 0.000000 -0.000000 -0.000000
-2.401182 93.028360 134.107179 17.369707 4.460036 -0.555080 -0.964939 6.938804 -0.886894 -0.376253 -2.740471 -0.378861 -0.376325 3.079835 -0.417109 -0.311982 8.146733 -0.313797 1.543449 5.648472 0.565060 2.812112 -25.533572 0.291284 -2.302818 0.018946 10.001957 19.681336 -14.052638 59.560073 0.586721 28.995527 -5.143996 13.076609 14.329771 6.814080 1.167646 -1.397499 -5.762473 -2.620737 -15.295106 -69.294931 -0.237448 34.278758 9.074488 -5.519109 19.300346 1.303303 -8.017298 -18.403138 -3.779899 -0.743483 27.274876 4.684273 5.576629 -11.567703 11.670565 0.000000 0.000000 -0.000000 8.089789 -17.300792 6.068656 -4.453256 29.850783 -4.354175 -5.625626 -17.552152 -12.236597 0.000000 0.000000 -0.000000
-2.549016 92.559944 133.918855 17.373863 4.854404 -0.493652 -0.931493 7.044682 -0.884922 -0.361282 -2.693483 -0.378219 -0.361380 3.126834 -0.414947 -0.300594 8.181972 -0.312225 1.510826 5.515550 0.551422 2.756273 -25.780593 0.278624 -2.268256 -0.113996 9.983440 20.004440 -14.290554 59.283994 0.620812 28.874952 -5.188244 13.072204 14.344131 6.816521 1.109090 -1.463107 -5.668087 -2.996836 -15.835602 -69.146051 -0.311441 34.149398 9.068231 -5.522434 19.315192 1.317605 -8.815768 -20.319215 -3.652718 -0.152943 30.065101 4.861282 5.870343 -12.246377 11.953849 -0.000000 -0.000000 0.000000 8.394363 -19.314304 5.983445 -5.662973 32.450847 -5.074267 -5.081609 -18.576897 -12.022769 -0.000000 0.000000 0.000000
-2.647272 92.035247 133.720141 17.399182 5.218561 -0.424225 -0.892843 7.149920 -0.881063 -0.344110 -2.646792 -0.376838 -0.344231 3.173535 -0.411822 -0.287486 8.216985 -0.309937 1.470538 5.378745 0.542061 2.682483 -26.035008 0.278942 -2.219600 -0.231642 10.015085 20.292361 -14.529839 58.933441 0.642614 28.718570 -5.224041 13.064004 14.334772 6.799364 0.997068 -1.470845 -5.610200 -3.381757 -16.400331 -68.930005 -0.365879 34.027850 9.077725 -5.532220 19.310468 1.369348 -9.541884 -22.288569 -3.611295 0.302085 32.948045 4.998973 6.263613 -13.095104 12.072745 -0.000000 -0.000000 -0.000000 8.718907 -21.213686 5.831160 -6.608215 35.065650 -5.804242 -5.025723 -19.661638 -11.770262 -0.000000 -0.000000 -0.000000
-2.686889 91.454967 133.550992 17.454025 5.600225 -0.302700 -0.872036 7.236165 -0.900594 -0.333500 -2.608458 -0.385609 -0.333637 3.211876 -0.419515 -0.280072 8.245735 -0.315809 1.434581 5.257893 0.540920 2.612422 -26.259879 0.294069 -2.208990 -0.179973 10.029277 20.656084 -14.949271 58.516310 0.631313 28.525367 -5.242215 13.062994 14.320718 6.775300 0.859567 -1.449004 -5.574945 -3.769385 -16.977536 -68.653809 -0.381127 33.904009 9.110775 -5.561294 19.251183 1.443575 -9.316773 -24.400485 -4.099580 0.229207 35.999873 5.456730 6.335697 -13.869604 12.129694 0.000000 0.000000 -0.000000 8.863200 -22.925075 5.914704 -6.211373 37.768192 -6.037042 -6.392207 -20.847295 -11.616294 -0.000000 -0.000000 0.000000
-2.638620 90.828812 133.423615 17.520339 6.024139 -0.202221 -0.860865 7.308721 -0.913428 -0.327605 -2.576205 -0.391299 -0.327757 3.244132 -0.424606 -0.276008 8.269923 -0.319688 1.401294 5.140867 0.547485 2.543210 -26.477729 0.323638 -2.247997 -0.033413 10.008300 21.039141 -15.522252 58.118950 0.608521 28.332855 -5.262362 13.047088 14.328547 6.752168 0.738082 -1.425060 -5.545176 -4.167386 -17.571329 -68.326021 -0.391643 33.732358 9.142984 -5.588997 19.195350 1.530621 -8.440467 -26.489027 -5.112203 -0.074817 38.990856 6.287408 6.228917 -14.501455 12.100670 -0.000000 -0.000000 0.000000 9.492693 -24.690114 5.818357 -5.891896 40.568441 -5.871931 -7.940266 -21.938080 -11.796547 -0.000000 0.000000 -0.000000
-2.581261 90.149413 133.304950 17.617906 6.525936 -0.156153 -0.857613 7.339033 -0.902009 -0.326794 -2.562764 -0.386216 -0.326954 3.257573 -0.419441 -0.275026 8.280003 -0.315780 1.363874 5.033432 0.557914 2.463024 -26.677857 0.363824 -2.245207 0.056869 10.017821 21.282696 -16.067976 57.763140 0.584655 28.149755 -5.293119 13.026176 14.338245 6.736100 0.607889 -1.269552 -5.454173 -4.488816 -18.294406 -68.023435 -0.424784 33.521012 9.161563 -5.613884 19.161262 1.613569 -8.000250 -28.639617 -5.794024 -0.217225 42.018958 6.890502 6.315907 -15.024558 12.081457 -0.000000 -0.127708 0.000000 10.128586 -26.872052 5.669707 -6.524956 43.652794 -6.236505 -8.459956 -22.845552 -12.246028 -0.000000 -0.000000 0.000000
-2.621321 89.386044 133.133753 17.732191 7.013482 -0.143195 -0.872907 7.387757 -0.864368 -0.335803 -2.541161 -0.369173 -0.335983 3.279171 -0.403315 -0.280621 8.296205 -0.303520 1.339027 4.920539 0.556107 2.415330 -26.887754 0.372018 -2.204703 0.130558 9.958455 21.407255 -16.674106 57.487845 0.594380 28.019630 -5.314492 13.011386 14.344760 6.729315 0.517102 -1.204933 -5.357121 -4.686246 -18.980431 -67.788846 -0.477881 33.307037 9.178065 -5.623956 19.151160 1.690489 -7.771528 -31.017758 -6.174203 -0.333680 45.254092 7.244418 6.356381 -15.499395 12.098109 0.000000 -1.329718 -0.000000 10.172271 -29.392642 5.981764 -7.593229 47.090816 -7.367032 -8.352147 -23.576543 -12.910992 0.000000 0.000000 -0.000000
-2.691643 88.530236 132.918637 17.822404 7.448922 -0.196819 -0.898427 7.475258 -0.790237 -0.351535 -2.502388 -0.335700 -0.351753 3.317934 -0.371443 -0.290128 8.325282 -0.279298 1.337649 4.774639 0.542814 2.422625 -27.158485 0.342778 -2.156981 -0.006437 9.882101 21.469625 -17.093910 57.289137 0.657128 27.955950 -5.319051 13.003409 14.344069 6.724358 0.497264 -1.283530 -5.312967 -4.812306 -19.556300 -67.577211 -0.544015 33.095694 9.203082 -5.644176 19.140522 1.778638 -6.518908 -33.269781 -7.379211 -0.435508 48.475437 8.320591 6.034030 -16.051149 12.103773 0.000000 -2.299341 0.000000 10.112388 -31.999199 6.574889 -8.678977 50.620732 -8.717958 -8.460986 -24.153157 -13.425744 0.000000 0.000000 -0.000000
-2.796857 87.604784 132.689666 17.901188 7.856229 -0.309775 -0.880676 7.572334 -0.692988 -0.349439 -2.459480 -0.292666 -0.349687 3.360843 -0.328198 -0.285460 8.357453 -0.246558 1.316167 4.620026 0.533126 2.386956 -27.445689 0.332233 -2.056979 -0.050361 9.872227 21.496929 -17.539668 56.965384 0.738429 27.922891 -5.290247 13.007638 14.332306 6.706188 0.385226 -1.218316 -5.226106 -4.905550 -20.246648 -67.368861 -0.624223 32.879722 9.206589 -5.667453 19.109733 1.904192 -5.757764 -35.401970 -8.232316 -0.278146 51.572354 9.279517 5.963874 -16.591827 12.176647 -0.000000 -3.303503 -0.000000 9.808568 -34.626500 7.287181 -9.214425 54.239004 -9.698653 -8.985237 -24.616985 -13.884179 -0.000000 -0.000000 0.000000
-2.936477 86.652001 132.483698 17.938073 8.306690 -0.419220 -0.852125 7.656588 -0.586871 -0.343139 -2.422292 -0.245928 -0.343409 3.398035 -0.280821 -0.277350 8.385331 -0.210711 1.301603 4.479819 0.513386 2.371003 -27.705902 0.297420 -1.881846 0.179488 9.788909 21.669429 -18.224390 56.492820 0.772537 27.894674 -5.259499 13.016000 14.320543 6.695513 0.248707 -1.097359 -5.168354 -4.983433 -21.000339 -67.120145 -0.687834 32.664867 9.192351 -5.707676 19.071080 2.029676 -6.095548 -37.599102 -8.302279 0.342495 54.493538 9.802329 6.154148 -16.938840 12.217631 0.000000 -4.498192 0.000000 9.172550 -37.128205 8.228346 -9.621166 57.668359 -10.709097 -9.580145 -24.906268 -14.446103 0.000000 -0.000000 0.000000
-3.068077 85.694300 132.320184 17.905359 8.823693 -0.481195 -0.808414 7.708670 -0.502927 -0.328795 -2.399360 -0.209354 -0.329070 3.420976 -0.242789 -0.263879 8.402520 -0.181988 1.291112 4.350187 0.483249 2.369359 -27.946262 0.239048 -1.818530 0.258344 9.686527 22.088358 -18.684393 56.025975 0.734981 27.816719 -5.257301 13.007344 14.334717 6.691414 0.145469 -0.998933 -5.157006 -5.115049 -21.720021 -66.821552 -0.708347 32.465225 9.197133 -5.739062 19.049292 2.137027 -6.620621 -39.952174 -8.179596 1.745687 57.457294 10.717291 6.087097 -17.158826 12.206985 0.000000 -6.028313 0.000000 9.026025 -39.513232 8.752368 -11.150815 60.762810 -12.224828 -9.969059 -24.972647 -14.955736 0.000000 0.000000 0.000000
-3.150853 84.733956 132.166910 17.839340 9.371781 -0.485579 -0.736067 7.730597 -0.458337 -0.299322 -2.389769 -0.190762 -0.299578 3.430584 -0.221201 -0.240238 8.409708 -0.165804 1.264409 4.235444 0.458095 2.331324 -28.159252 0.200606 -1.850442 0.261011 9.626072 22.634469 -18.978334 55.577126 0.644579 27.678188 -5.299558 13.010385 14.361645 6.716051 0.005496 -0.875461 -5.117365 -5.285048 -22.408738 -66.492451 -0.705891 32.282992 9.211380 -5.748743 19.057680 2.223969 -7.096366 -42.405667 -8.114406 3.432512 60.434469 11.938047 6.208897 -17.129885 12.339120 0.000000 -7.764447 -0.000000 8.872057 -41.903417 9.041001 -13.879768 63.679437 -14.799269 -10.099495 -24.699342 -15.271932 0.000000 -0.000000 0.000000
-3.180719 83.731420 132.003870 17.755339 9.849292 -0.435576 -0.692465 7.810238 -0.450010 -0.280350 -2.354428 -0.187660 -0.280606 3.465934 -0.216170 -0.225650 8.436212 -0.162092 1.268048 4.087506 0.429626 2.358379 -28.433446 0.136754 -1.885529 0.373892 9.500113 23.278617 -19.423029 55.131577 0.580196 27.520362 -5.344975 13.021294 14.374248 6.750916 -0.072954 -0.847519 -5.054751 -5.384564 -23.048036 -66.174442 -0.744305 32.189553 9.207116 -5.750524 19.098500 2.282763 -6.448241 -44.808023 -9.133719 4.887322 63.519723 13.802004 6.643035 -16.958778 12.402059 0.000000 -9.543132 0.000000 7.933501 -44.235698 9.938813 -17.327686 66.509802 -18.652665 -10.128067 -24.239325 -15.449420 -0.000000 0.000000 -0.000000
-3.197409 82.639762 131.844549 17.638376 10.214539 -0.353493 -0.650188 7.967920 -0.468830 -0.260205 -2.284359 -0.196441 -0.260473 3.536013 -0.222905 -0.211018 8.488765 -0.167289 1.283169 3.876147 0.407797 2.406767 -28.825348 0.078092 -1.944726 0.439543 9.378123 23.917943 -19.854290 54.712395 0.591913 27.354899 -5.379017 13.035869 14.373584 6.754993 -0.159653 -0.836997 -4.965096 -5.423571 -23.671498 -65.876033 -0.834878 32.143002 9.187512 -5.774891 19.102995 2.347969 -5.339098 -47.191273 -10.525771 7.333041 66.739584 16.750842 6.936783 -16.834926 12.300132 0.000000 -11.287438 -0.000000 6.271080 -46.495481 11.481691 -22.296885 69.284568 -24.498813 -9.923370 -23.852451 -15.458598 -0.000000 -0.000000 -0.000000
-3.221748 81.466524 131.680772 17.499513 10.571693 -0.262759 -0.602001 8.124300 -0.490836 -0.237219 -2.214873 -0.206764 -0.237489 3.605508 -0.230891 -0.194339 8.540880 -0.173456 1.294860 3.657220 0.391133 2.445576 -29.231413 0.031560 -1.837717 0.688049 9.254713 24.449158 -20.441891 54.179316 0.647256 27.171001 -5.377931 13.053498 14.336528 6.711918 -0.311518 -0.680958 -4.837169 -5.457756 -24.356318 -65.568551 -0.945806 32.077386 9.133319 -5.819542 19.030107 2.434825 -4.262168 -49.623421 -11.936350 11.083552 69.801364 20.896228 7.215837 -16.535997 12.112806 -0.000000 -13.224191 -0.000000 4.885220 -48.731985 12.956213 -28.835275 71.737407 -31.873868 -9.695514 -23.481990 -15.348877 0.000000 -0.000000 0.000000
-3.284451 80.250408 131.485431 17.297768 10.895799 -0.204543 -0.477010 8.311238 -0.501686 -0.180704 -2.131907 -0.213507 -0.180931 3.688496 -0.231887 -0.152005 8.603099 -0.174536 1.260148 3.460683 0.368059 2.391861 -29.596449 0.000023 -1.800961 0.883179 9.153574 24.946912 -21.033050 53.608641 0.678261 27.025462 -5.354299 13.081937 14.276118 6.676079 -0.582922 -0.630620 -4.685212 -5.595754 -24.892380 -65.199896 -1.027514 31.955054 9.078874 -5.882064 18.923238 2.504403 -3.096891 -51.996899 -13.328981 15.839624 72.524783 25.956137 7.333826 -16.110067 12.039022 -0.000000 -14.956138 0.000000 3.460008 -50.850255 14.699200 -35.596062 73.851050 -39.583326 -9.610578 -23.161048 -15.321684 0.000000 -0.000000 -0.000000
-3.366841 79.025755 131.302837 17.094577 11.237532 -0.204999 -0.436295 8.450500 -0.463597 -0.164840 -2.070098 -0.197205 -0.165065 3.750310 -0.213973 -0.138824 8.649453 -0.161058 1.286074 3.318050 0.310124 2.484215 -29.859830 -0.139585 -1.641858 0.888381 9.026478 25.442416 -21.381729 53.084182 0.655134 26.911388 -5.348777 13.090834 14.244716 6.668525 -0.628268 -0.643157 -4.677527 -5.878979 -25.213125 -64.745386 -1.079163 31.796076 9.057011 -5.920027 18.863641 2.568559 -2.538632 -54.336586 -14.103927 22.385411 74.979666 32.369984 7.315953 -15.854812 11.919758 0.000000 -16.487593 -0.000000 2.719652 -52.896965 15.880756 -44.189938 75.383542 -48.624017 -9.257161 -22.871391 -15.266421 -0.000000 0.000000 -0.000000
-3.403385 77.827986 131.105718 16.932531 11.619381 -0.244501 -0.411789 8.541806 -0.414706 -0.156944 -2.029592 -0.175910 -0.157170 3.790818 -0.191876 -0.131330 8.679829 -0.144366 1.312213 3.210812 0.249965 2.578080 -30.057302 -0.283584 -1.474388 0.956556 8.988404 25.914872 -21.767270 52.506671 0.580873 26.844355 -5.372631 13.096117 14.245532 6.687207 -0.650887 -0.633504 -4.649301 -6.174749 -25.466145 -64.316988 -1.082512 31.667797 9.099517 -5.938487 18.841020 2.620514 -2.119952 -56.606202 -14.708689 29.589185 77.161621 39.414062 7.342157 -15.664561 11.924920 0.000000 -17.737721 -0.000000 2.745654 -54.975581 16.230117 -53.532315 76.506510 -57.880269 -8.928258 -22.343941 -15.258805 -0.000000 -0.000000 0.000000
-3.442267 76.673283 130.875327 16.814460 12.024962 -0.283800 -0.405905 8.623098 -0.365738 -0.157367 -1.993516 -0.154261 -0.157607 3.826894 -0.170271 -0.130115 8.706885 -0.127993 1.338038 3.112922 0.197080 2.667046 -30.237443 -0.412437 -1.497797 0.949672 8.952389 26.428649 -22.155094 52.016534 0.516898 26.809369 -5.395085 13.100263 14.258046 6.702403 -0.687574 -0.674875 -4.592354 -6.362003 -25.681204 -63.954244 -1.074285 31.584947 9.143491 -5.944634 18.830233 2.685143 -1.529433 -58.753370 -15.496875 37.562807 78.948023 47.371025 7.462135 -15.379596 11.891945 0.000000 -18.801948 -0.000000 2.527244 -57.070626 16.660965 -62.992207 77.572827 -67.136589 -8.862683 -21.793869 -15.493235 0.000000 -1.464156 -0.000000
-3.499615 75.557147 130.643417 16.752076 12.413557 -0.282334 -0.426111 8.703390 -0.334607 -0.168281 -1.957847 -0.140021 -0.168550 3.862559 -0.157142 -0.137373 8.733636 -0.117975 1.355750 2.998245 0.167887 2.725387 -30.449359 -0.487807 -1.617028 0.746816 8.969999 26.835871 -22.361440 51.673326 0.533742 26.746829 -5.424845 13.100545 14.254006 6.701161 -0.733218 -0.659757 -4.506545 -6.440881 -25.943555 -63.670946 -1.069180 31.540098 9.183805 -5.944796 18.810135 2.747325 -0.998265 -60.817466 -16.186222 47.460194 80.337174 57.141875 7.549307 -14.962591 11.759114 -0.000000 -20.116087 -0.000000 2.171075 -59.123770 17.138422 -74.338071 78.122402 -78.253623 -8.672798 -21.425113 -15.636054 0.000000 -3.201528 -0.000000
-3.564004 74.467451 130.378847 16.750068 12.796548 -0.240605 -0.465703 8.785989 -0.308146 -0.187531 -1.921138 -0.127473 -0.187847 3.899263 -0.146553 -0.151068 8.761167 -0.109824 1.361972 2.856849 0.149134 2.754385 -30.711331 -0.535413 -1.641743 0.696735 8.958730 27.146284 -22.685031 51.288455 0.631941 26.603733 -5.420347 13.099432 14.234801 6.649890 -0.757073 -0.594329 -4.422642 -6.496878 -26.241286 -63.424355 -1.090420 31.505540 9.179187 -5.939553 18.790950 2.792192 0.249542 -62.840697 -17.549941 59.480863 81.343615 69.283901 7.602646 -14.382567 11.682260 -0.000000 -21.670730 0.000000 1.623205 -61.175765 17.711509 -85.831625 78.074149 -89.720445 -8.360858 -20.957988 -15.576540 0.000000 -4.951702 -0.000000
-3.639846 73.392559 130.060593 16.714024 13.156313 -0.248141 -0.508294 8.893921 -0.235846 -0.211053 -1.873225 -0.094551 -0.211431 3.947167 -0.116026 -0.166565 8.797094 -0.086535 1.385585 2.696313 0.099426 2.840043 -31.007682 -0.659603 -1.468916 0.771498 8.831981 27.378351 -23.112449 50.820877 0.776250 26.469771 -5.377309 13.099683 14.186231 6.584242 -0.732553 -0.558329 -4.412374 -6.543859 -26.534148 -63.154055 -1.137070 31.472382 9.120587 -5.946019 18.790349 2.801970 2.374845 -64.783903 -19.693259 73.556400 81.700534 83.813351 7.481501 -13.794628 11.545560 -0.000000 -23.037072 -0.000000 0.506457 -63.147620 18.923098 -95.605943 77.362450 -99.799871 -7.763336 -20.368094 -15.431834 -0.000000 -6.558066 0.000000
-3.694564 72.331252 129.694375 16.643474 13.534748 -0.323413 -0.517860 9.000155 -0.131352 -0.221986 -1.826127 -0.048028 -0.222408 3.994261 -0.070617 -0.171572 8.832404 -0.052047 1.397800 2.530405 0.034606 2.912193 -31.313762 -0.809201 -1.228879 0.775245 8.713736 27.565644 -23.397244 50.297819 0.921561 26.391966 -5.305994 13.115102 14.131453 6.534085 -0.661667 -0.678024 -4.448834 -6.626972 -26.662709 -62.918776 -1.177375 31.482091 9.099414 -5.957121 18.787440 2.834121 4.649686 -66.735329 -21.991471 87.696395 81.435965 98.461705 7.364427 -13.130287 11.343086 -0.000000 -24.458088 0.000000 -0.481963 -65.092943 20.003115 -103.128513 76.138716 -107.650564 -6.773170 -19.777436 -15.287172 -0.000000 -8.130097 -0.000000
-3.700816 71.288552 129.284422 16.596789 13.900796 -0.399897 -0.519833 9.093423 -0.036594 -0.228959 -1.784781 -0.005983 -0.229415 4.035604 -0.029283 -0.173901 8.863398 -0.020670 1.397912 2.392876 -0.016354 2.949770 -31.567721 -0.921592 -1.096715 0.819148 8.605492 27.854730 -23.616570 49.747530 1.023325 26.395747 -5.221647 13.131747 14.090178 6.516800 -0.661900 -0.730065 -4.460617 -6.653008 -26.810880 -62.723915 -1.212908 31.527124 9.097871 -5.968257 18.750348 2.899842 6.852436 -68.675546 -24.326289 99.831806 80.865568 110.985692 7.231507 -12.316187 11.391521 0.000000 -25.883620 -0.000000 -1.548850 -66.946836 21.148583 -108.726789 74.685501 -113.590433 -5.798221 -19.199360 -15.397013 0.000000 -9.584618 0.000000
-3.705661 70.272451 128.865036 16.586591 14.191938 -0.437943 -0.555735 9.227215 0.027204 -0.249060 -1.725391 0.023085 -0.249586 4.094985 -0.002263 -0.187099 8.907925 -0.000039 1.410935 2.259804 -0.036673 2.995248 -31.813890 -0.977932 -1.016457 0.824827 8.495462 28.212259 -23.782890 49.256620 1.065560 26.439641 -5.177413 13.137722 14.071049 6.546183 -0.678617 -0.746028 -4.435058 -6.640907 -27.003015 -62.559168 -1.225693 31.569030 9.101709 -5.988328 18.713726 2.999758 8.969541 -70.459926 -26.716813 109.153381 79.870792 120.651323 6.993634 -11.550801 11.505048 -0.000000 -26.978446 0.000000 -2.780405 -68.704711 22.459829 -113.622526 73.528739 -118.721429 -5.466459 -18.612843 -15.618823 0.000000 -10.863008 -0.000000
-3.775695 69.277948 128.492761 16.565469 14.445183 -0.415618 -0.587273 9.382297 0.036553 -0.263703 -1.656480 0.028038 -0.264293 4.163890 0.001197 -0.197865 8.959602 0.002712 1.413970 2.123389 -0.020302 2.996532 -32.067546 -0.950894 -0.952987 0.771076 8.426951 28.511493 -23.891633 48.862591 1.068457 26.473958 -5.179549 13.148774 14.051405 6.581421 -0.744366 -0.679902 -4.350091 -6.651140 -27.269701 -62.413991 -1.189377 31.584192 9.137801 -6.010433 18.693730 3.122813 11.008318 -72.149873 -29.005222 115.952984 78.540107 127.740996 6.759386 -10.841101 11.596151 0.000000 -27.929005 0.000000 -4.472454 -70.360915 24.364483 -117.923609 72.421261 -123.301720 -5.744182 -18.028892 -15.890468 -0.000000 -11.991648 -0.000000
-3.900749 68.300085 128.162312 16.536142 14.633399 -0.354204 -0.605078 9.563737 0.005114 -0.269564 -1.575801 0.014740 -0.270204 4.244566 -0.012699 -0.203261 9.020115 -0.007743 1.398071 2.003656 0.021409 2.940751 -32.291397 -0.857375 -0.897623 0.844290 8.297867 28.760125 -24.150362 48.541399 1.057653 26.459822 -5.175458 13.176778 14.055930 6.578086 -0.845502 -0.524311 -4.209603 -6.674861 -27.628491 -62.290694 -1.134418 31.586148 9.186366 -6.014131 18.677003 3.221449 13.450786 -73.731345 -31.614986 120.817476 77.145330 132.784434 6.609299 -10.091152 11.795074 0.000000 -28.758853 -0.000000 -5.825441 -71.976756 26.069105 -121.603014 71.194051 -127.120484 -6.429470 -17.321782 -16.181252 -0.000000 -13.080191 0.000000
-4.023038 67.310391 127.858429 16.534246 14.741911 -0.292252 -0.628194 9.771967 -0.031613 -0.277409 -1.483206 -0.000722 -0.278112 4.337158 -0.028964 -0.210312 9.089566 -0.019973 1.372055 1.906433 0.059213 2.864918 -32.473534 -0.764362 -0.766658 0.946386 8.114852 28.927152 -24.432246 48.274869 1.024261 26.418937 -5.173428 13.211750 14.082720 6.562914 -0.894957 -0.496318 -4.103618 -6.721967 -27.884871 -62.164714 -1.090486 31.573879 9.220853 -6.004361 18.694609 3.258503 18.088164 -74.899893 -36.475386 123.411817 75.455865 136.062936 6.316224 -9.448638 12.002978 0.000000 -29.372356 0.000000 -7.910504 -73.459236 28.535466 -123.868898 69.632046 -129.772397 -7.003736 -16.437115 -16.477068 0.000000 -14.042936 0.000000
-4.087943 66.298128 127.564740 16.562953 14.789617 -0.214861 -0.659745 9.960637 -0.073095 -0.288660 -1.399292 -0.018100 -0.289432 4.421066 -0.047490 -0.220073 9.152506 -0.033898 1.337427 1.855269 0.080216 2.779834 -32.569853 -0.699339 -0.593107 1.041277 7.934429 29.030506 -24.592747 48.051543 0.983226 26.427738 -5.189768 13.251520 14.101341 6.567573 -0.885662 -0.534169 -4.065687 -6.810129 -28.002825 -62.026066 -1.090191 31.534915 9.238714 -5.995889 18.723386 3.256727 23.710214 -75.739016 -42.418578 124.496008 73.506194 138.160127 5.758750 -8.922088 12.008457 -0.000000 -29.975719 0.000000 -11.322952 -74.682374 32.217411 -124.379817 67.681254 -131.240605 -6.926477 -15.510893 -16.646702 0.000000 -14.922962 -0.000000
-4.116831 65.267676 127.290358 16.690162 14.772615 -0.033752 -0.714139 10.130397 -0.167237 -0.306524 -1.323689 -0.058217 -0.307381 4.496660 -0.089428 -0.236429 9.209222 -0.065524 1.280854 1.839872 0.107299 2.642967 -32.600309 -0.605778 -0.560584 1.158275 7.803619 29.197004 -24.672000 47.885733 0.960344 26.452927 -5.219569 13.279798 14.103307 6.604176 -0.911577 -0.497666 -4.028383 -6.943420 -28.118560 -61.828601 -1.130545 31.481050 9.217959 -6.038676 18.757474 3.332146 29.356287 -76.435448 -48.546337 124.661433 71.391475 139.345606 4.827032 -8.423148 11.747394 0.000000 -30.654764 0.000000 -15.348402 -75.687039 36.289939 -124.217456 65.564093 -132.093104 -6.268301 -14.799340 -16.788846 0.000000 -15.747507 0.000000
-4.178425 64.236285 127.085660 16.872644 14.637388 0.192335 -0.769614 10.331998 -0.292293 -0.322695 -1.233855 -0.111828 -0.323644 4.586484 -0.144690 -0.252435 9.276615 -0.107259 1.209541 1.831618 0.146029 2.467011 -32.617904 -0.477661 -0.612331 1.214637 7.756750 29.328616 -24.650245 47.793864 0.996475 26.453919 -5.255489 13.297202 14.084089 6.652455 -0.980642 -0.373505 -3.967247 -7.153836 -28.294305 -61.576019 -1.175543 31.456776 9.200583 -6.035161 18.745916 3.393071 34.387852 -77.031816 -54.045395 124.570998 69.168458 140.155080 3.496737 -8.088142 11.307028 0.000000 -31.362421 0.000000 -19.103972 -76.506674 39.985823 -124.575829 63.719453 -133.139819 -5.654958 -14.318445 -16.934796 -0.000000 -16.600799 0.000000
-4.247457 63.205108 126.952620 17.093989 14.492926 0.349870 -0.815938 10.538461 -0.387386 -0.336709 -1.141891 -0.152337 -0.337751 4.678440 -0.186630 -0.265883 9.345602 -0.138913 1.127941 1.816678 0.184622 2.269470 -32.647855 -0.343263 -0.621880 1.288507 7.744462 29.316793 -24.680424 47.722580 1.113682 26.419414 -5.237805 13.318480 14.031929 6.666658 -1.053207 -0.258903 -3.903715 -7.413456 -28.483879 -61.310592 -1.208560 31.500514 9.224723 -6.095694 18.707631 3.509154 39.463589 -77.580739 -59.545456 124.889254 67.069273 141.075995 2.223598 -7.833135 11.072902 0.000000 -32.167883 -0.000000 -22.594001 -77.354910 43.518374 -125.583401 62.209525 -134.751910 -5.392276 -13.810821 -16.683144 0.000000 -17.729172 -0.000000
-4.299900 62.172566 126.859654 17.283297 14.383635 0.371640 -0.840705 10.725883 -0.413763 -0.345749 -1.058522 -0.163014 -0.346870 4.761804 -0.198232 -0.273483 9.408133 -0.147605 1.052997 1.790052 0.197739 2.102800 -32.698707 -0.267357 -0.526905 1.393520 7.696622 29.182363 -24.764372 47.637626 1.267038 26.366727 -5.159603 13.354944 13.951203 6.637153 -1.061420 -0.190357 -3.885961 -7.650882 -28.653082 -61.097554 -1.272215 31.594318 9.260441 -6.178099 18.649654 3.638182 44.743161 -78.133514 -65.107955 125.574039 65.242047 142.070057 1.267765 -7.617835 10.958197 0.000000 -32.798694 -0.000000 -26.619799 -78.186468 47.782489 -126.801417 60.814722 -136.539387 -5.306527 -13.235390 -16.239644 0.000000 -19.146437 -0.000000
-4.324227 61.145647 126.801570 17.442651 14.290043 0.357191 -0.850161 10.867345 -0.413623 -0.349821 -0.995642 -0.162431 -0.350994 4.824681 -0.198068 -0.276533 9.455292 -0.147421 0.987858 1.776245 0.181670 1.975539 -32.725013 -0.259283 -0.375407 1.521111 7.647410 29.022543 -24.789794 47.502340 1.378390 26.299817 -5.056487 13.399878 13.869257 6.609325 -1.017883 -0.172679 -3.931077 -7.841966 -28.706302 -60.936841 -1.411366 31.639111 9.246584 -6.258680 18.598980 3.776676 50.511771 -78.498463 -71.066136 126.402808 63.646463 143.088416 0.572027 -7.434623 10.913618 0.000000 -33.362985 0.000000 -31.479628 -78.904202 52.930397 -127.886948 59.384021 -138.012656 -5.194793 -12.693170 -15.993243 0.000000 -20.637303 -0.000000
-4.362598 60.163414 126.782584 17.583282 14.137547 0.421521 -0.862038 11.001239 -0.451332 -0.352375 -0.936050 -0.178485 -0.353593 4.884272 -0.214384 -0.279583 9.499992 -0.159750 0.938092 1.789477 0.161454 1.882949 -32.700800 -0.269382 -0.276643 1.665371 7.617276 28.903291 -24.784601 47.369574 1.417858 26.308028 -5.002528 13.444375 13.861644 6.618376 -0.992354 -0.130448 -3.992176 -7.947058 -28.719141 -60.821945 -1.610426 31.597027 9.155964 -6.344308 18.559366 3.944626 56.398493 -78.433377 -77.190234 126.770392 62.082923 143.834107 -0.171732 -7.224988 10.805837 -0.000000 -33.934406 -0.000000 -37.142161 -79.332055 58.796508 -128.513320 57.953149 -138.824934 -4.880581 -12.244292 -16.125291 0.000000 -21.993437 0.000000
-4.388779 59.209165 126.797620 17.722805 13.926941 0.560168 -0.882791 11.146432 -0.530842 -0.355954 -0.871338 -0.212706 -0.357223 4.948981 -0.248973 -0.284662 9.548537 -0.185928 0.899861 1.810383 0.154221 1.806206 -32.662373 -0.259342 -0.250054 1.732163 7.627481 28.769008 -24.718364 47.345131 1.404633 26.421499 -5.036116 13.449282 13.910678 6.629334 -1.012959 -0.083636 -4.041512 -8.007929 -28.708598 -60.736663 -1.782125 31.505867 9.028364 -6.449931 18.493326 4.138843 61.959580 -77.986988 -83.029905 126.788980 60.478846 144.358491 -1.062909 -7.048398 10.655111 0.000000 -34.757357 -0.000000 -43.377043 -79.324742 65.184548 -128.775984 56.505753 -139.453544 -4.357523 -11.929799 -16.245537 -0.000000 -23.354074 -0.000000
-4.445598 58.284711 126.854043 17.908677 13.672137 0.698823 -0.907980 11.297282 -0.614995 -0.361126 -0.804088 -0.248820 -0.362452 5.016227 -0.285617 -0.291072 9.598987 -0.213654 0.858425 1.832092 0.169773 1.707869 -32.622801 -0.198975 -0.214882 1.756672 7.701395 28.538301 -24.614778 47.373860 1.374897 26.542712 -5.076677 13.451814 13.942037 6.619800 -1.062665 -0.030735 -4.064069 -8.064189 -28.687138 -60.676126 -1.870812 31.484763 8.918048 -6.566781 18.388668 4.324379 66.696533 -77.213804 -88.142463 126.683614 58.945109 144.972203 -2.065715 -6.843237 10.432927 0.000000 -35.909881 -0.000000 -49.427900 -78.980436 71.338102 -128.685173 55.114929 -140.025847 -3.484668 -11.576099 -16.162628 -0.000000 -24.955510 0.000000
-4.515730 57.397884 126.943757 18.158502 13.462595 0.804402 -0.947356 11.417109 -0.680827 -0.373876 -0.750636 -0.276557 -0.375283 5.069672 -0.314657 -0.302650 9.639086 -0.235555 0.819118 1.844705 0.202361 1.603192 -32.600253 -0.104151 -0.200103 1.822335 7.766691 28.313866 -24.551680 47.408045 1.344849 26.599335 -5.069295 13.470930 13.928198 6.604310 -1.096553 0.025061 -4.090989 -8.101976 -28.677434 -60.666772 -1.889247 31.575720 8.879591 -6.610186 18.379436 4.421472 70.491675 -76.395141 -92.477686 126.564240 57.543195 145.686205 -3.125614 -6.641556 9.997258 -0.000000 -37.144274 0.000000 -54.923129 -78.577970 76.980289 -128.447708 53.697631 -140.635640 -2.330239 -11.190953 -15.916871 -0.000000 -26.724878 -0.000000
-4.560608 56.541312 127.059626 18.405317 13.270510 0.863901 -0.981267 11.505915 -0.725076 -0.385721 -0.711016 -0.294976 -0.387199 5.109283 -0.334286 -0.312899 9.668807 -0.250331 0.786940 1.855198 0.233061 1.514919 -32.581457 -0.018042 -0.197776 1.969729 7.798278 28.113393 -24.523102 47.464079 1.319391 26.590096 -5.049775 13.498397 13.911171 6.597660 -1.113840 0.121131 -4.138836 -8.068527 -28.691973 -60.711510 -1.873562 31.756140 8.880747 -6.670732 18.368065 4.519338 73.444835 -75.884115 -96.027205 126.655174 56.248616 146.469682 -4.369235 -6.581639 9.181679 0.000000 -37.629354 0.000000 -59.895813 -78.186046 82.182898 -128.406266 52.292695 -141.284909 -1.183418 -10.805088 -15.668443 0.000000 -28.482963 -0.000000
-4.621755 55.713527 127.222533 18.569168 13.049199 0.884307 -0.993425 11.580421 -0.756617 -0.388792 -0.677810 -0.308363 -0.390304 5.142487 -0.347987 -0.316145 9.693716 -0.260686 0.768185 1.871308 0.243358 1.468278 -32.551827 0.016198 -0.164864 2.181029 7.796208 27.907930 -24.494184 47.572338 1.301781 26.522511 -5.062131 13.517697 13.907605 6.609960 -1.107492 0.301466 -4.196244 -7.951232 -28.756123 -60.792479 -1.860462 31.971295 8.850007 -6.693676 18.409555 4.582453 75.946727 -75.658596 -99.101005 126.795633 54.968290 147.257403 -5.985300 -6.613303 8.122670 0.000000 -38.136271 -0.000000 -64.425732 -77.703790 87.120391 -128.442251 50.909232 -141.859192 -0.244642 -10.413833 -15.495546 0.000000 -30.000565 -0.000000
-4.655701 54.895616 127.404728 18.659130 12.889742 0.904430 -1.000394 11.620823 -0.784710 -0.389850 -0.659776 -0.320449 -0.391377 5.160520 -0.360182 -0.317775 9.707245 -0.269922 0.764111 1.892782 0.232065 1.466675 -32.511860 -0.004734 -0.111286 2.425752 7.752069 27.686948 -24.534334 47.707622 1.275792 26.528128 -5.082500 13.543347 13.918005 6.619756 -1.100243 0.502104 -4.271578 -7.836568 -28.785348 -60.875461 -1.846297 32.103225 8.815462 -6.719525 18.370914 4.634457 78.647739 -75.441157 -102.429932 126.885542 53.621120 148.105617 -7.684605 -6.687924 7.113602 0.000000 -38.604173 0.000000 -68.780041 -77.159921 91.984526 -128.679027 49.658289 -142.601122 0.360737 -10.055996 -15.256862 0.000000 -31.226581 -0.000000
-4.717904 54.078393 127.632984 18.754215 12.659822 0.961425 -1.003600 11.686596 -0.834833 -0.387635 -0.630419 -0.342254 -0.389171 5.189879 -0.381763 -0.317587 9.729268 -0.286303 0.745629 1.926493 0.235790 1.424666 -32.449460 0.015644 -0.114777 2.590709 7.728682 27.420840 -24.574540 47.910592 1.233718 26.661075 -5.089624 13.556168 13.935661 6.629987 -1.147503 0.716675 -4.321682 -7.850766 -28.726272 -60.912217 -1.805287 32.068280 8.808199 -6.737626 18.306835 4.678816 80.795580 -74.873442 -105.374040 126.587753 52.091046 148.699711 -9.041857 -6.770888 6.448296 0.000000 -38.943814 -0.000000 -72.093779 -76.595641 95.833632 -128.647937 48.357666 -143.086251 0.978909 -9.707903 -15.096075 0.000000 -31.685095 -0.000000
-4.727729 53.257517 127.875672 18.904355 12.405509 1.056133 -1.025338 11.766480 -0.897739 -0.392716 -0.594723 -0.369171 -0.394295 5.225571 -0.409199 -0.323282 9.756048 -0.307063 0.725607 1.959638 0.241523 1.378154 -32.388133 0.041210 -0.130808 2.760163 7.729967 27.172858 -24.676508 48.092102 1.164201 26.859431 -5.084473 13.573921 13.953181 6.658875 -1.183804 0.841352 -4.357217 -7.967155 -28.551959 -60.918027 -1.749220 31.993568 8.820142 -6.738195 18.287583 4.681939 82.292637 -73.820356 -107.787160 126.172144 50.622368 149.156303 -9.580378 -6.750692 6.222732 0.000000 -39.167328 -0.000000 -74.893330 -75.906983 99.145805 -128.486178 47.014731 -143.531153 1.412299 -9.391856 -15.008205 0.000000 -32.178040 -0.000000
-4.670456 52.437567 128.135195 19.085693 12.096955 1.174732 -1.068005 11.861196 -0.966615 -0.406625 -0.552371 -0.398119 -0.408289 5.267914 -0.439568 -0.335810 9.787823 -0.329969 0.714536 1.992279 0.236583 1.357513 -32.327557 0.038377 -0.152210 2.934706 7.742830 27.033094 -24.756633 48.232704 1.070414 27.029004 -5.076204 13.605391 13.957729 6.675391 -1.204136 0.890130 -4.400856 -8.015487 -28.324127 -60.954514 -1.694170 32.058029 8.841296 -6.738046 18.285491 4.675103 82.839517 -72.374283 -109.294950 125.604461 49.219129 149.347176 -9.469997 -6.686963 6.449382 0.000000 -39.325861 -0.000000 -77.066829 -74.996703 101.797513 -128.285288 45.687914 -143.955844 1.452635 -9.123401 -15.067400 0.000000 -32.635511 -0.000000
-4.505453 51.632132 128.396227 19.258350 11.781314 1.297173 -1.128445 11.928798 -1.031430 -0.428758 -0.522028 -0.424882 -0.430536 5.298241 -0.468589 -0.354430 9.810592 -0.351785 0.719705 2.035813 0.216422 1.380869 -32.246463 -0.006947 -0.134057 3.091444 7.782528 27.003326 -24.729949 48.322961 0.951022 27.118487 -5.087721 13.659305 13.953000 6.662111 -1.194593 0.986686 -4.452033 -7.932500 -28.147440 -61.030086 -1.659010 32.256101 8.821822 -6.741584 18.278365 4.681720 82.907311 -70.781110 -110.249250 124.939280 47.902780 149.416281 -9.105334 -6.598775 6.812667 -0.000000 -39.579208 -0.000000 -78.694617 -73.992158 103.854459 -128.104354 44.420103 -144.302173 1.190628 -8.942743 -15.255464 0.000000 -32.958118 -0.000000
-4.350993 50.847777 128.693332 19.343148 11.487580 1.372380 -1.168718 11.976444 -1.075406 -0.443433 -0.500641 -0.443039 -0.445288 5.319616 -0.488243 -0.366802 9.826640 -0.366562 0.741203 2.078850 0.187805 1.444089 -32.166039 -0.080581 -0.068278 3.245333 7.827024 27.053750 -24.657624 48.377958 0.834879 27.130563 -5.134710 13.708525 13.957464 6.616570 -1.178303 1.123592 -4.514790 -7.793784 -28.010706 -61.119794 -1.627065 32.454592 8.785724 -6.743780 18.253597 4.713024 82.988994 -69.367093 -111.047885 124.410888 46.670826 149.588216 -8.863437 -6.551229 7.047705 0.000000 -39.948674 0.000000 -79.880003 -72.993611 105.476901 -127.968429 43.220971 -144.609484 0.862852 -8.890490 -15.489243 0.000000 -33.107808 -0.000000
-4.207667 50.123235 128.996941 19.412960 11.209263 1.412803 -1.203899 12.013347 -1.093185 -0.457719 -0.484109 -0.449827 -0.459648 5.336137 -0.496489 -0.378101 9.839044 -0.372686 0.764411 2.116664 0.162220 1.508937 -32.095287 -0.148887 -0.002780 3.393439 7.865546 27.148792 -24.568762 48.412101 0.747236 27.103147 -5.183189 13.759992 13.950571 6.555237 -1.168440 1.259821 -4.594964 -7.742108 -27.841716 -61.197046 -1.536987 32.533952 8.794211 -6.752822 18.217203 4.768975 83.182364 -68.387511 -111.787063 124.175814 45.634752 149.896678 -8.899966 -6.545419 7.022458 0.000000 -40.293451 0.000000 -80.682225 -72.132750 106.632468 -127.843185 42.118126 -144.898611 0.712215 -8.943484 -15.613769 -0.000000 -33.135993 0.000000
-4.080360 49.501104 129.279994 19.481488 10.952129 1.428153 -1.222425 12.044119 -1.090695 -0.466052 -0.470398 -0.448144 -0.468028 5.349841 -0.495657 -0.384305 9.849329 -0.371976 0.783688 2.157689 0.150790 1.556255 -32.018758 -0.184654 0.034755 3.533651 7.902842 27.243392 -24.502672 48.412134 0.703353 27.092632 -5.187939 13.811097 13.926498 6.507993 -1.156976 1.317616 -4.671219 -7.789575 -27.597923 -61.295121 -1.354055 32.533060 8.872402 -6.757128 18.186612 4.805608 83.396369 -67.759632 -112.374668 124.084018 44.788732 150.203688 -9.155969 -6.551735 6.881531 0.000000 -40.604295 -0.000000 -81.100892 -71.475747 107.301751 -127.821126 41.196313 -145.198700 0.740984 -9.103279 -15.634586 -0.000000 -33.036133 0.000000
-3.938510 49.011456 129.518176 19.528369 10.721034 1.426554 -1.222955 12.071624 -1.074777 -0.467347 -0.458219 -0.441031 -0.469340 5.362019 -0.488677 -0.384797 9.858462 -0.366663 0.798697 2.184120 0.150653 1.587535 -31.969507 -0.194083 0.033206 3.600697 7.934229 27.308992 -24.417748 48.430549 0.682022 27.124679 -5.181925 13.855344 13.878667 6.491989 -1.140171 1.295785 -4.736011 -7.837695 -27.312344 -61.465262 -1.127734 32.542156 9.017857 -6.740335 18.197008 4.800993 83.496046 -67.296048 -112.673719 124.118741 44.178898 150.448194 -9.362468 -6.542609 6.873196 -0.000000 -40.879846 -0.000000 -81.104593 -70.974660 107.468312 -127.854725 40.523246 -145.478654 0.873879 -9.309821 -15.603330 -0.000000 -32.834145 -0.000000
-3.733119 48.673692 129.685096 19.540413 10.533134 1.402922 -1.200087 12.088387 -1.047179 -0.459099 -0.450900 -0.429428 -0.461063 5.369344 -0.476233 -0.377743 9.863945 -0.357291 0.809290 2.203437 0.148264 1.611053 -31.933486 -0.205544 -0.009620 3.618733 7.958744 27.343721 -24.339437 48.474981 0.675550 27.162581 -5.169866 13.897778 13.846625 6.498139 -1.141822 1.248155 -4.779215 -7.793528 -27.057176 -61.705493 -0.938173 32.623780 9.151257 -6.718311 18.264661 4.784850 83.394640 -66.881268 -112.647954 124.156744 43.757621 150.596580 -9.423065 -6.507165 7.057298 0.000000 -41.183550 -0.000000 -80.888059 -70.678375 107.328739 -127.836381 40.074926 -145.652483 1.207261 -9.436800 -15.460690 0.000000 -32.800401 -0.000000
-3.660449 48.493971 129.837385 19.503798 10.396656 1.334942 -1.142996 12.097827 -1.002153 -0.436896 -0.446954 -0.411076 -0.438768 5.373308 -0.455618 -0.359639 9.866895 -0.341844 0.811934 2.195971 0.159457 1.609594 -31.947467 -0.183780 -0.067230 3.591604 8.002963 27.341755 -24.258749 48.524051 0.674382 27.167433 -5.164679 13.922492 13.828176 6.505251 -1.164095 1.159572 -4.788466 -7.645049 -26.818442 -61.980274 -0.837510 32.805913 9.195268 -6.720569 18.343779 4.784633 83.114468 -66.581471 -112.336480 124.145711 43.543041 150.667839 -9.421370 -6.480924 7.316017 0.000000 -41.366151 -0.000000 -80.756870 -70.592915 107.227319 -127.788900 39.769475 -145.792764 1.778591 -9.464581 -15.125944 -0.000000 -32.668064 -0.000000
-3.523731 48.469089 129.911610 19.426931 10.320642 1.225623 -1.090932 12.095499 -0.934705 -0.418549 -0.448275 -0.382768 -0.420343 5.372001 -0.425440 -0.343782 9.865893 -0.319108 0.834982 2.181146 0.168095 1.652918 -31.974854 -0.180607 -0.097055 3.563870 8.018973 27.329450 -24.231639 48.558006 0.671297 27.157900 -5.168065 13.930294 13.810960 6.509178 -1.160073 1.051478 -4.799912 -7.422909 -26.572703 -62.271694 -0.849946 33.050434 9.159474 -6.736096 18.375547 4.791235 82.735543 -66.488268 -111.852059 124.107429 43.507498 150.676557 -9.486372 -6.475244 7.576986 0.000000 -41.495365 -0.000000 -80.652161 -70.622556 107.137498 -127.828206 39.651633 -145.920171 2.375595 -9.404001 -14.775410 0.000000 -32.666425 0.000000
-3.470206 48.597846 129.940191 19.340362 10.303518 1.112903 -1.047648 12.071920 -0.871386 -0.403856 -0.458998 -0.356109 -0.405580 5.361289 -0.397283 -0.330811 9.857841 -0.297876 0.861293 2.168244 0.181677 1.699929 -31.998696 -0.169076 -0.149203 3.531834 8.039037 27.315658 -24.238340 48.583701 0.672247 27.165276 -5.162558 13.932404 13.802557 6.498629 -1.174497 0.994277 -4.777192 -7.203222 -26.331444 -62.542658 -0.946331 33.257919 9.057467 -6.769991 18.351201 4.795731 82.362059 -66.598409 -111.296726 123.991609 43.670992 150.592894 -9.678663 -6.388336 7.771139 0.000000 -41.635273 -0.000000 -80.585557 -70.832344 106.978004 -127.843633 39.709056 -145.944018 3.055712 -9.241177 -14.406274 0.000000 -32.773825 -0.000000
-3.454761 48.881551 129.864402 19.253887 10.347011 0.997966 -1.012279 12.028937 -0.816097 -0.392143 -0.478300 -0.332826 -0.393805 5.341995 -0.372804 -0.320333 9.843356 -0.279412 0.877935 2.149840 0.208228 1.718337 -32.033043 -0.124103 -0.222382 3.497766 8.078276 27.311716 -24.261941 48.588464 0.682297 27.202117 -5.156177 13.931695 13.812171 6.493416 -1.278466 0.986709 -4.659656 -6.968107 -26.095893 -62.830887 -1.070158 33.371520 8.936563 -6.816303 18.323162 4.781712 82.139496 -66.905352 -110.570465 124.117271 44.259869 150.746679 -9.854581 -6.211638 7.905412 0.000000 -41.791683 -0.000000 -80.596271 -71.135105 106.694883 -128.004843 40.036312 -146.132869 3.613661 -9.051065 -14.057192 0.000000 -32.933699 -0.000000
-3.503269 49.324710 129.731684 19.127500 10.422508 0.842450 -0.966331 11.993428 -0.752826 -0.376268 -0.494305 -0.306273 -0.377853 5.326001 -0.344632 -0.306472 9.831343 -0.258182 0.897516 2.107359 0.234386 1.743623 -32.112065 -0.082294 -0.262213 3.479219 8.100389 27.301928 -24.338299 48.574526 0.702633 27.241167 -5.163928 13.924201 13.819638 6.493972 -1.294252 0.938067 -4.605363 -6.959142 -25.797568 -62.987279 -1.191970 33.419750 8.841936 -6.844162 18.349961 4.757665 81.737065 -67.597477 -109.543519 124.333380 45.042667 150.656524 -10.043550 -6.085442 8.047191 0.000000 -41.855682 -0.000000 -80.259916 -71.476790 106.037464 -128.202887 40.552881 -146.170205 4.055608 -8.908050 -13.867218 -0.000000 -33.017168 0.000000
-3.578775 49.943013 129.530843 18.929442 10.561834 0.653742 -0.904571 11.947487 -0.687121 -0.353542 -0.514962 -0.279072 -0.355019 5.305359 -0.315113 -0.287369 9.815840 -0.235991 0.920319 2.052217 0.249393 1.783107 -32.214411 -0.066337 -0.285965 3.480263 8.107602 27.331152 -24.440002 48.521259 0.738697 27.252372 -5.163982 13.911916 13.814429 6.502501 -1.301129 0.878397 -4.588909 -7.021305 -25.486238 -63.056554 -1.303518 33.460905 8.794556 -6.868457 18.391675 4.737392 81.379350 -68.643245 -108.280002 124.838487 46.103264 150.570900 -10.182211 -6.056096 8.130765 -0.000000 -41.848781 0.000000 -79.537531 -72.075292 104.820814 -128.584574 41.413140 -146.196490 4.501813 -8.856109 -13.671037 -0.000000 -32.899369 -0.000000
-3.680781 50.716355 129.269724 18.681410 10.791134 0.461246 -0.841343 11.878529 -0.632315 -0.329414 -0.545810 -0.256742 -0.330773 5.274525 -0.290321 -0.267536 9.792696 -0.217402 0.947254 1.998283 0.252761 1.838848 -32.314304 -0.077654 -0.317353 3.512570 8.100139 27.445177 -24.578908 48.435940 0.773784 27.219595 -5.171292 13.896542 13.803260 6.503584 -1.311548 0.846542 -4.584266 -7.098668 -25.220578 -63.067836 -1.399957 33.503759 8.794830 -6.883584 18.428797 4.760902 81.065893 -69.866828 -106.887363 125.385164 47.333403 150.474537 -10.416159 -6.130441 8.051224 -0.000000 -41.699931 0.000000 -78.612287 -72.794236 103.289702 -128.973957 42.475208 -146.252713 5.064503 -8.940391 -13.373533 0.000000 -32.646984 0.000000
-3.798048 51.629285 128.963776 18.424845 11.090139 0.271828 -0.796919 11.793554 -0.585552 -0.313085 -0.583724 -0.237482 -0.314356 5.236621 -0.269396 -0.253829 9.764255 -0.201679 0.977420 1.946324 0.240131 1.911813 -32.410238 -0.124930 -0.327332 3.545158 8.093479 27.592468 -24.730998 48.331485 0.801127 27.182545 -5.188489 13.890639 13.812186 6.480862 -1.294907 0.813262 -4.577186 -7.144295 -24.999015 -63.060721 -1.460704 33.565796 8.819921 -6.886033 18.455048 4.815012 80.781395 -71.385624 -105.443458 126.060821 48.687027 150.349792 -10.811423 -6.275530 7.844354 0.000000 -41.437591 -0.000000 -77.320023 -73.823166 101.304403 -129.519232 43.771545 -146.283504 5.765622 -9.108946 -12.940270 0.000000 -32.318937 -0.000000
-3.903564 52.629589 128.630755 18.187889 11.472892 0.085431 -0.767763 11.663372 -0.550474 -0.302764 -0.641681 -0.223053 -0.303962 5.178669 -0.253912 -0.245014 9.720783 -0.190039 0.998036 1.910709 0.223599 1.966876 -32.475853 -0.174032 -0.351194 3.656444 8.105561 27.776573 -24.919319 48.200431 0.840599 27.168987 -5.203632 13.874277 13.828836 6.464266 -1.292039 0.869280 -4.533264 -7.138118 -24.855430 -63.062127 -1.481113 33.604661 8.872406 -6.886638 18.438343 4.862037 80.450421 -73.005741 -104.089959 126.688068 49.991449 150.174731 -11.287731 -6.528519 7.540373 -0.000000 -40.999943 -0.000000 -76.035319 -75.191671 99.304904 -130.152425 45.149442 -146.273435 6.703288 -9.283632 -12.334736 -0.000000 -31.994031 0.000000
-3.975456 53.657151 128.284558 17.974330 11.901435 -0.090245 -0.756417 11.529396 -0.523574 -0.299775 -0.701286 -0.211767 -0.300930 5.119065 -0.242318 -0.241975 9.676076 -0.181287 1.005413 1.883533 0.202599 1.996704 -32.525880 -0.223875 -0.368545 3.774089 8.115320 27.968119 -25.125474 48.055922 0.898036 27.150384 -5.208918 13.868279 13.836049 6.454395 -1.309693 0.939184 -4.452186 -7.050733 -24.779812 -63.094052 -1.472711 33.571619 8.908675 -6.871207 18.428678 4.900756 80.010559 -74.626549 -102.722711 127.294838 51.268782 149.970933 -11.713997 -6.843538 7.223176 0.000000 -40.387963 -0.000000 -74.727846 -76.509580 97.311050 -130.623830 46.457740 -146.299652 7.717409 -9.487590 -11.643483 -0.000000 -31.774003 0.000000
-4.004486 54.668807 127.933777 17.788348 12.356666 -0.244055 -0.767780 11.408502 -0.497538 -0.306792 -0.755051 -0.200263 -0.307947 5.065297 -0.231527 -0.246510 9.635749 -0.173059 1.005961 1.872365 0.176250 2.015224 -32.546176 -0.280267 -0.367346 3.847270 8.093499 28.142160 -25.313382 47.927132 0.993518 27.097984 -5.196077 13.855229 13.846171 6.441985 -1.338230 0.975273 -4.373067 -6.881025 -24.762190 -63.151577 -1.438040 33.509962 8.925542 -6.834511 18.466429 4.907506 79.400699 -76.071409 -101.268417 127.793381 52.542717 149.692315 -12.021154 -7.155872 6.990726 0.000000 -39.641878 0.000000 -73.396531 -77.635374 95.304325 -130.855321 47.700680 -146.251737 8.600965 -9.702051 -10.944005 0.000000 -31.566066 -0.000000
-4.026213 55.642283 127.599340 17.640121 12.802745 -0.367468 -0.794775 11.299913 -0.476246 -0.320403 -0.803324 -0.190446 -0.321584 5.017017 -0.223094 -0.256160 9.599542 -0.166566 0.999250 1.879999 0.155690 2.014191 -32.531749 -0.319248 -0.363884 3.877137 8.055897 28.266838 -25.453657 47.838495 1.112056 27.033822 -5.178849 13.843700 13.841874 6.426172 -1.382683 0.991904 -4.292412 -6.674676 -24.785812 -63.219396 -1.350692 33.494047 8.944397 -6.791067 18.539149 4.899574 78.296476 -77.302738 -99.385457 128.066954 53.805977 149.356333 -12.234857 -7.494150 6.752043 -0.000000 -38.823139 0.000000 -71.834441 -78.500504 93.078797 -130.955090 48.952090 -146.044122 9.078213 -9.910379 -10.370197 0.000000 -31.334561 -0.000000
-4.037284 56.583577 127.303466 17.514979 13.215871 -0.468381 -0.822966 11.201480 -0.460980 -0.334110 -0.847073 -0.183241 -0.335316 4.973260 -0.217284 -0.266060 9.566727 -0.162062 0.989629 1.904436 0.145195 2.000069 -32.486334 -0.334625 -0.354211 3.923059 8.010495 28.341078 -25.601787 47.763977 1.225375 26.996345 -5.146771 13.827650 13.827247 6.416118 -1.438012 1.040091 -4.206713 -6.540802 -24.855493 -63.268542 -1.197507 33.537674 8.997257 -6.729970 18.618978 4.896710 76.275266 -78.286550 -96.660589 128.258792 55.149849 148.877477 -12.130196 -7.810844 6.692368 -0.000000 -37.970541 0.000000 -69.625902 -79.160131 90.231210 -131.098749 50.298011 -145.722423 9.016785 -10.099667 -10.059715 -0.000000 -31.053743 0.000000
-4.031604 57.495991 127.061825 17.398126 13.607168 -0.535311 -0.833980 11.101184 -0.459910 -0.339195 -0.891639 -0.182718 -0.340393 4.928690 -0.217277 -0.269880 9.533302 -0.162033 0.972784 1.956796 0.140568 1.966218 -32.389271 -0.332242 -0.376966 3.965170 7.978474 28.389555 -25.736741 47.712709 1.298800 27.004446 -5.120160 13.816459 13.820916 6.413831 -1.506201 1.083625 -4.114156 -6.535047 -24.904868 -63.284977 -1.014746 33.606918 9.096856 -6.664027 18.702493 4.874458 73.447720 -79.186207 -93.167308 128.608263 56.576064 148.364146 -11.710777 -8.136250 6.777187 0.000000 -37.118705 -0.000000 -66.764357 -79.629709 86.757688 -131.312759 51.694896 -145.335518 8.437478 -10.317196 -10.173995 -0.000000 -30.648054 0.000000
-4.023622 58.382509 126.900600 17.280968 13.967728 -0.577266 -0.833758 10.996539 -0.469456 -0.338557 -0.938130 -0.187155 -0.339724 4.882200 -0.221646 -0.269703 9.498435 -0.165370 0.958018 2.043679 0.133056 1.937883 -32.228022 -0.336524 -0.402562 3.984705 7.957597 28.406374 -25.817185 47.684016 1.348465 27.057136 -5.100320 13.807991 13.836948 6.434000 -1.547273 1.123719 -4.020337 -6.662928 -24.918934 -63.270122 -0.877543 33.612693 9.211609 -6.604747 18.788205 4.832173 69.445068 -79.928482 -88.567664 129.050007 58.069352 147.905253 -11.003591 -8.528244 6.911865 0.000000 -36.264051 -0.000000 -63.262502 -79.789117 82.796594 -131.423795 53.099577 -144.809575 7.306697 -10.543089 -10.694006 -0.000000 -30.105462 -0.000000
-4.040953 59.251882 126.830808 17.148494 14.265895 -0.595285 -0.811720 10.900036 -0.491683 -0.327343 -0.981000 -0.197678 -0.328445 4.839336 -0.231025 -0.261926 9.466287 -0.172588 0.947499 2.148213 0.123056 1.919754 -32.033890 -0.348419 -0.452660 3.987968 7.955127 28.404660 -25.830227 47.675343 1.394116 27.153061 -5.090502 13.810683 13.873917 6.470355 -1.659507 1.129826 -3.873344 -6.719037 -24.882334 -63.323319 -0.841188 33.545130 9.310082 -6.584404 18.845967 4.804621 64.001857 -80.480678 -82.520846 129.658640 59.714243 147.718436 -10.043814 -8.955746 6.968635 -0.000000 -35.496340 0.000000 -59.245209 -79.632367 78.384256 -131.606318 54.640003 -144.353457 5.625268 -10.767874 -11.420774 0.000000 -29.480020 -0.000000
-4.089025 60.142100 126.871308 17.027536 14.475667 -0.601588 -0.780123 10.826071 -0.517789 -0.311592 -1.013858 -0.210082 -0.312621 4.806487 -0.241823 -0.250841 9.441647 -0.180914 0.940384 2.242947 0.115675 1.907358 -31.857954 -0.357215 -0.523751 3.956291 7.961807 28.397141 -25.755436 47.706466 1.448022 27.252081 -5.090806 13.812255 13.902248 6.482125 -1.695795 1.108583 -3.802173 -6.814194 -24.825492 -63.316389 -0.924608 33.470828 9.346180 -6.628461 18.773909 4.850225 56.899157 -80.779953 -74.962110 130.058007 61.345014 147.387698 -8.983602 -9.449366 6.905163 -0.000000 -34.725171 -0.000000 -54.272166 -79.372353 73.126900 -131.826323 56.241937 -143.627989 3.642865 -11.002126 -12.303588 0.000000 -28.779316 -0.000000
-4.165911 61.021831 127.009487 16.942027 14.644317 -0.603565 -0.749452 10.753248 -0.538217 -0.296647 -1.046221 -0.219951 -0.297607 4.774132 -0.250168 -0.240194 9.417376 -0.187370 0.935301 2.319494 0.107910 1.899900 -31.715753 -0.368548 -0.597828 3.903813 7.984081 28.383539 -25.606304 47.760699 1.506988 27.305674 -5.095703 13.812796 13.906118 6.482581 -1.749666 1.120478 -3.737159 -6.804235 -24.832836 -63.311702 -1.110563 33.411121 9.291021 -6.624530 18.822125 4.872960 49.032220 -80.794633 -66.747300 130.507800 63.088645 147.196116 -7.717518 -9.927771 6.789451 0.000000 -32.354981 -0.000000 -48.971834 -79.041961 67.588998 -132.085456 57.890246 -142.868812 1.623191 -11.259471 -13.112238 0.000000 -27.989269 -0.000000
-4.251372 61.893987 127.205835 16.890172 14.771232 -0.604252 -0.726662 10.688457 -0.549534 -0.285822 -1.075023 -0.225597 -0.286731 4.745336 -0.254710 -0.232379 9.395775 -0.190908 0.936275 2.363092 0.093498 1.910138 -31.634542 -0.398472 -0.656172 3.841056 8.003633 28.346324 -25.430088 47.834913 1.572072 27.304551 -5.086813 13.805624 13.895135 6.486024 -1.765799 1.078121 -3.693931 -6.702298 -24.842643 -63.334107 -1.351358 33.419259 9.182048 -6.651975 18.779520 4.913425 41.214198 -80.526235 -58.670903 130.913265 64.922784 147.060893 -6.284386 -10.347074 6.379393 0.000000 -32.092449 0.000000 -43.616498 -78.614136 62.057497 -132.253266 59.541960 -142.093983 -0.219637 -11.570484 -13.727831 0.000000 -27.162863 0.000000
-4.331794 62.770431 127.437432 16.872617 14.824309 -0.620400 -0.708684 10.637987 -0.546564 -0.278092 -1.097480 -0.224799 -0.278964 4.722883 -0.253123 -0.226464 9.378932 -0.189771 0.939654 2.378885 0.081886 1.924263 -31.604969 -0.424668 -0.713849 3.770139 8.026660 28.255100 -25.246930 47.948716 1.627269 27.298969 -5.071420 13.797236 13.885581 6.488618 -1.776447 1.041288 -3.651484 -6.515545 -24.884328 -63.383203 -1.601412 33.456337 9.027082 -6.682514 18.752197 4.959549 33.789798 -80.035490 -51.002217 131.139340 66.766820 146.767551 -4.939687 -10.688616 5.877436 0.000000 -31.893519 0.000000 -38.102681 -78.090633 56.393307 -132.352295 61.215942 -141.349643 -1.742698 -11.913694 -14.075114 -0.000000 -26.366581 0.000000
-4.395008 63.653329 127.681229 16.894558 14.828770 -0.653487 -0.697590 10.589266 -0.528155 -0.274468 -1.119177 -0.217026 -0.275319 4.701188 -0.244980 -0.223179 9.362658 -0.183630 0.943229 2.380030 0.076322 1.935288 -31.602694 -0.438610 -0.767414 3.672874 8.065116 28.088797 -25.044928 48.099822 1.672033 27.322053 -5.043774 13.782417 13.872413 6.494303 -1.792110 1.011287 -3.611413 -6.311882 -24.917247 -63.442124 -1.819781 33.461508 8.864374 -6.699059 18.732481 4.990298 26.971569 -79.406151 -43.945937 131.300090 68.577281 146.391546 -3.637495 -10.970713 5.238921 0.000000 -31.715203 -0.000000 -32.714271 -77.477597 50.861179 -132.307829 62.870018 -140.577603 -2.878321 -12.268016 -14.159764 -0.000000 -25.586754 0.000000
-4.423999 64.540334 127.921402 16.957145 14.806213 -0.700575 -0.698649 10.531657 -0.495088 -0.277249 -1.144834 -0.202524 -0.278098 4.675529 -0.230761 -0.224283 9.343411 -0.172834 0.948433 2.380240 0.079118 1.944453 -31.602274 -0.436031 -0.813229 3.576874 8.104021 27.867885 -24.850376 48.275946 1.699197 27.385957 -5.007228 13.768103 13.880171 6.512617 -1.806810 0.977917 -3.583041 -6.169691 -24.886615 -63.510582 -1.964659 33.397090 8.766307 -6.694381 18.718184 4.985417 21.065858 -78.640114 -37.795248 131.408240 70.331769 145.885472 -2.385347 -11.242127 4.648453 0.000000 -31.464156 0.000000 -27.571322 -76.808435 45.546726 -132.206813 64.518200 -139.828648 -3.700702 -12.611414 -13.959024 -0.000000 -24.871816 0.000000
-4.423740 65.430414 128.156471 17.056946 14.758382 -0.744979 -0.713505 10.459707 -0.453856 -0.286727 -1.176865 -0.184133 -0.287591 4.643494 -0.213333 -0.230193 9.319384 -0.159556 0.951764 2.395005 0.088936 1.944879 -31.574975 -0.417142 -0.867467 3.468485 8.138205 27.614060 -24.635168 48.480685 1.711908 27.511650 -4.977434 13.746670 13.890509 6.534912 -1.820093 0.947183 -3.579859 -6.101809 -24.792455 -63.572668 -2.026569 33.293255 8.743935 -6.677180 18.753958 4.956800 16.374509 -77.689749 -32.857275 131.335466 72.050003 145.189075 -1.167345 -11.558413 4.196814 -0.000000 -31.067710 0.000000 -22.802282 -76.050504 40.601056 -132.044251 66.153739 -138.986384 -4.266118 -13.025733 -13.644891 0.000000 -24.141869 -0.000000
-4.400358 66.332452 128.395284 17.179412 14.658185 -0.784015 -0.734405 10.386537 -0.409133 -0.299117 -1.209441 -0.164068 -0.300004 4.610911 -0.194530 -0.238193 9.294946 -0.145215 0.951210 2.420066 0.099915 1.936176 -31.528633 -0.393112 -0.896945 3.355848 8.181410 27.311685 -24.387739 48.699925 1.718298 27.643566 -4.958054 13.728284 13.909247 6.547480 -1.815139 0.915613 -3.598285 -6.073691 -24.664580 -63.631424 -2.021991 33.242315 8.767321 -6.655469 18.808691 4.922107 12.579825 -76.542028 -28.786599 130.804176 73.757407 144.054359 -0.070837 -11.964136 3.833126 -0.000000 -30.487224 0.000000 -18.094460 -75.166238 35.707675 -131.788144 67.829208 -137.967658 -4.632553 -13.578155 -13.343595 -0.000000 -23.250540 0.000000
-4.354499 67.252602 128.646751 17.319101 14.528105 -0.818646 -0.751347 10.309482 -0.359900 -0.310039 -1.243758 -0.142110 -0.310942 4.576588 -0.173683 -0.244946 9.269201 -0.129339 0.942869 2.440229 0.108655 1.912652 -31.491457 -0.368987 -0.918069 3.222714 8.231278 26.985367 -24.096453 48.938616 1.714710 27.715715 -4.946199 13.706641 13.915709 6.537412 -1.800559 0.850593 -3.649909 -6.057715 -24.491581 -63.692887 -1.987158 33.242668 8.814741 -6.624439 18.829180 4.877201 9.232126 -75.269162 -25.147481 129.398954 75.434723 141.998110 0.777840 -12.447333 3.497342 0.000000 -29.771634 0.000000 -13.726098 -74.101204 31.146906 -131.149976 69.467597 -136.562446 -4.821201 -14.321838 -13.042427 0.000000 -22.186096 -0.000000
-4.290823 68.194080 128.898814 17.498106 14.410963 -0.833241 -0.776849 10.214075 -0.312081 -0.324673 -1.286226 -0.120623 -0.325597 4.534112 -0.153684 -0.254541 9.237340 -0.114085 0.930185 2.460300 0.118469 1.879349 -31.454527 -0.339878 -0.945016 3.105543 8.283804 26.669406 -23.798499 49.184374 1.709371 27.712444 -4.941585 13.687242 13.916944 6.519537 -1.771874 0.766663 -3.729114 -6.018948 -24.310852 -63.757321 -1.963208 33.252421 8.842729 -6.604703 18.837753 4.842883 6.277891 -73.929972 -21.937427 126.857180 77.071262 138.777490 1.366685 -12.998319 3.168141 0.000000 -28.937175 -0.000000 -10.050616 -72.891687 27.228153 -130.016833 71.142757 -134.676894 -4.966834 -15.158362 -12.794785 0.000000 -20.946480 0.000000
-4.242249 69.159908 129.158850 17.678651 14.262164 -0.852826 -0.795745 10.120548 -0.263966 -0.336368 -1.327867 -0.099149 -0.337303 4.492464 -0.133399 -0.261906 9.206099 -0.098638 0.912876 2.487259 0.131006 1.834488 -31.404898 -0.302000 -0.985581 3.002764 8.333877 26.361097 -23.501905 49.443949 1.708601 27.680102 -4.937836 13.669896 13.931210 6.498550 -1.730977 0.694949 -3.817354 -5.925785 -24.151190 -63.853531 -1.966704 33.260487 8.847739 -6.601621 18.846830 4.838240 3.564553 -72.491218 -18.973296 122.783968 78.613693 134.067446 1.720601 -13.614367 2.761332 0.000000 -28.025239 0.000000 -7.151696 -71.510019 24.076772 -128.250533 72.888413 -132.120085 -5.150093 -15.991085 -12.704138 0.000000 -19.631650 -0.000000
-4.228744 70.149263 129.419920 17.850074 14.091842 -0.880824 -0.807239 10.023790 -0.215893 -0.344749 -1.370950 -0.077861 -0.345683 4.449376 -0.112963 -0.266768 9.173775 -0.083105 0.893267 2.513281 0.140938 1.786507 -31.356985 -0.268203 -1.014667 2.930245 8.382669 26.021234 -23.219187 49.715198 1.729176 27.678520 -4.927646 13.654109 13.950401 6.490580 -1.741170 0.654125 -3.862534 -5.697894 -24.025547 -64.030099 -1.995641 33.270480 8.832938 -6.618617 18.844001 4.832913 1.344661 -70.961153 -16.477106 117.160275 80.141961 127.910345 2.030362 -14.227925 2.354195 0.000000 -27.069212 -0.000000 -5.053505 -70.016075 21.711517 -125.567797 74.656739 -128.770187 -5.322346 -16.740565 -12.686326 0.000000 -18.339784 -0.000000
-4.222964 71.158346 129.682489 18.040021 13.900627 -0.887879 -0.825434 9.930709 -0.179453 -0.355317 -1.412378 -0.061557 -0.356256 4.407942 -0.097733 -0.273632 9.142695 -0.071504 0.871797 2.523682 0.153941 1.733023 -31.338129 -0.227141 -1.049389 2.884675 8.416003 25.682718 -22.961700 50.017410 1.754963 27.697299 -4.917394 13.629853 13.950394 6.490778 -1.707928 0.615563 -3.952077 -5.491037 -23.897678 -64.170930 -2.048048 33.313831 8.788288 -6.622789 18.833531 4.841057 -0.273436 -69.333470 -14.664845 108.589051 81.460328 118.879439 2.283346 -14.769518 2.075627 -0.000000 -26.145880 0.000000 -3.415400 -68.462084 19.822383 -120.997383 76.133836 -123.629394 -5.243815 -17.424028 -12.686501 -0.000000 -17.005351 0.000000
-4.218193 72.182382 129.927630 18.227199 13.686243 -0.887587 -0.842991 9.842288 -0.149681 -0.365144 -1.451724 -0.048205 -0.366085 4.368589 -0.085380 -0.280139 9.113175 -0.062090 0.851882 2.524893 0.161114 1.686666 -31.336219 -0.199492 -1.066567 2.835167 8.448251 25.342003 -22.697399 50.332167 1.776348 27.725811 -4.893994 13.617264 13.947714 6.493440 -1.653502 0.558081 -4.059974 -5.306812 -23.729813 -64.304278 -2.093846 33.366641 8.746979 -6.636792 18.822274 4.846099 -1.478886 -67.649106 -13.279231 96.722128 82.523487 106.588645 2.563771 -15.248935 1.924055 0.000000 -25.203040 -0.000000 -2.255784 -66.857532 18.411879 -114.659873 77.398828 -116.876485 -5.091010 -18.054966 -12.643493 -0.000000 -15.580473 0.000000
-4.212285 73.218536 130.161990 18.395633 13.426343 -0.895796 -0.850780 9.772086 -0.122551 -0.370432 -1.482973 -0.036194 -0.371367 4.337337 -0.073905 -0.283300 9.089731 -0.053373 0.836819 2.522687 0.161408 1.654899 -31.340495 -0.189409 -1.055984 2.785520 8.492784 24.989997 -22.436196 50.650166 1.793261 27.761455 -4.871325 13.596421 13.947880 6.504060 -1.594724 0.485732 -4.177848 -5.166979 -23.523082 -64.420469 -2.120908 33.404196 8.711969 -6.639093 18.799833 4.859810 -2.432089 -65.873994 -12.129461 81.465012 83.050528 90.959237 2.736555 -15.763958 1.879107 -0.000000 -24.152752 0.000000 -1.263145 -65.180380 17.189173 -106.427788 78.472865 -108.284041 -4.925046 -18.659106 -12.538822 0.000000 -14.026846 0.000000
-4.199625 74.267484 130.388334 18.548330 13.156211 -0.925068 -0.842892 9.701154 -0.095092 -0.368759 -1.514550 -0.024367 -0.369670 4.305761 -0.061906 -0.281196 9.066042 -0.044308 0.819027 2.528930 0.159712 1.618509 -31.329080 -0.181626 -1.064349 2.732182 8.555770 24.650759 -22.170871 50.994890 1.797605 27.803021 -4.855502 13.579545 13.963651 6.502911 -1.560310 0.437311 -4.284364 -5.045382 -23.311391 -64.533467 -2.121961 33.409587 8.693575 -6.642184 18.780312 4.867925 -3.150835 -64.021136 -11.187628 64.729482 82.891217 73.933766 2.821298 -16.295685 1.908638 0.000000 -23.014301 -0.000000 -0.221110 -63.454627 15.933649 -96.084639 79.222337 -97.564163 -4.682356 -19.270299 -12.380687 0.000000 -12.363481 -0.000000
-4.169558 75.330767 130.597231 18.666598 12.885320 -0.980323 -0.818215 9.621921 -0.065608 -0.359743 -1.549822 -0.012003 -0.360610 4.270495 -0.048623 -0.273486 9.039585 -0.034324 0.802013 2.555185 0.158403 1.583175 -31.280493 -0.173169 -1.080613 2.725149 8.619880 24.342899 -21.950876 51.352253 1.786536 27.860760 -4.846519 13.566426 13.971044 6.497071 -1.521045 0.401995 -4.378494 -4.930937 -23.086067 -64.665233 -2.099600 33.387897 8.688601 -6.632358 18.783860 4.864812 -3.838847 -62.123819 -10.233648 49.422697 82.044849 58.290127 2.884674 -16.764393 2.005918 -0.000000 -21.805724 -0.000000 0.766935 -61.688028 14.762159 -84.024123 79.546871 -85.180407 -4.448165 -19.881692 -12.144366 -0.000000 -10.622973 0.000000
-4.137202 76.410613 130.791374 18.763007 12.611537 -1.055144 -0.790995 9.535696 -0.033217 -0.349775 -1.588203 0.001592 -0.350596 4.232121 -0.034012 -0.264968 9.010795 -0.023342 0.787543 2.603982 0.158423 1.551988 -31.190032 -0.163155 -1.105607 2.716105 8.677045 24.070872 -21.714993 51.745081 1.776898 27.907848 -4.849824 13.567002 13.970215 6.481951 -1.464044 0.354472 -4.458963 -4.780089 -22.825654 -64.838897 -2.076829 33.375620 8.693259 -6.614479 18.806275 4.849975 -4.519857 -60.189388 -9.241065 37.301707 80.626843 45.763625 2.935550 -17.135131 2.154615 0.000000 -20.613545 -0.000000 1.778813 -59.891106 13.658846 -71.179658 79.414283 -71.947425 -4.380543 -20.472912 -11.888062 -0.000000 -8.875199 0.000000
-4.107514 77.501794 130.978791 18.850737 12.300058 -1.126502 -0.770508 9.461832 -0.006933 -0.342391 -1.621076 0.012661 -0.343176 4.199252 -0.022190 -0.258586 8.986137 -0.014452 0.774877 2.652144 0.162415 1.522143 -31.100775 -0.146004 -1.151901 2.668554 8.734492 23.845249 -21.430865 52.169195 1.786338 27.929396 -4.851974 13.564690 13.976133 6.473610 -1.403110 0.266101 -4.537435 -4.569906 -22.506587 -65.046021 -2.063036 33.388937 8.690191 -6.591166 18.827504 4.829829 -5.048255 -58.183986 -8.393970 28.618481 78.790348 36.704227 2.933799 -17.478418 2.316118 -0.000000 -19.353073 0.000000 2.764671 -58.019240 12.635605 -58.730735 78.776926 -59.053173 -4.473995 -21.072884 -11.647842 0.000000 -7.060657 -0.000000
-4.063246 78.591159 131.163703 18.935033 11.971375 -1.179744 -0.757797 9.390540 0.005004 -0.337522 -1.652780 0.017560 -0.338276 4.167550 -0.016794 -0.254542 8.962357 -0.010414 0.763933 2.691817 0.178207 1.488685 -31.027402 -0.105395 -1.217761 2.648002 8.793836 23.679392 -21.158402 52.597126 1.811190 27.944801 -4.858025 13.565134 13.974161 6.469184 -1.359529 0.182970 -4.605499 -4.314502 -22.165955 -65.268699 -2.048812 33.435124 8.678712 -6.578050 18.835639 4.807099 -5.270163 -56.112785 -7.884630 22.775181 76.655703 30.659121 2.850208 -17.833909 2.414620 -0.000000 -18.043790 0.000000 3.597100 -56.083405 11.746748 -48.193184 77.543629 -48.141805 -4.547777 -21.708410 -11.445370 0.000000 -5.102614 0.000000
-4.000536 79.667041 131.347221 19.018819 11.624814 -1.214491 -0.750699 9.319926 0.004447 -0.334332 -1.684163 0.017056 -0.335061 4.136169 -0.016972 -0.252150 8.938822 -0.010588 0.751601 2.733058 0.203320 1.446528 -30.951218 -0.044438 -1.300469 2.635223 8.860707 23.548489 -20.883395 53.034473 1.848673 27.943496 -4.860584 13.562647 13.968473 6.468362 -1.334628 0.118234 -4.663444 -4.051557 -21.800101 -65.488913 -2.039223 33.492482 8.648443 -6.569662 18.834008 4.801899 -5.434763 -53.976988 -7.440035 18.587507 74.297673 26.303881 2.671879 -18.172286 2.484239 0.000000 -16.666948 -0.000000 4.325963 -54.089954 10.933034 -39.766619 75.879129 -39.409300 -4.636341 -22.296286 -11.227942 -0.000000 -3.139093 -0.000000
-3.918302 80.734000 131.515907 19.101819 11.296071 -1.236534 -0.760896 9.236746 -0.002363 -0.338433 -1.721121 0.014114 -0.339148 4.099209 -0.020329 -0.255453 8.911103 -0.013125 0.746726 2.777516 0.231278 1.418240 -30.869001 0.017782 -1.379946 2.586805 8.930967 23.418710 -20.583746 53.506088 1.888906 27.942526 -4.871139 13.559065 13.955542 6.466417 -1.289315 0.040719 -4.729494 -3.784144 -21.389808 -65.702344 -2.038407 33.578044 8.601969 -6.566672 18.828370 4.802573 -5.568691 -51.812144 -7.009814 15.197792 71.772243 22.749826 2.454495 -18.472590 2.552494 -0.000000 -15.085859 0.000000 4.845793 -52.100477 10.298314 -33.115956 73.935445 -32.571826 -4.767599 -22.816576 -10.971562 0.000000 -1.253293 -0.000000
-3.830163 81.794964 131.678825 19.171375 10.961231 -1.257684 -0.770000 9.141977 -0.012873 -0.341811 -1.763223 0.009492 -0.342507 4.057105 -0.025294 -0.258324 8.879528 -0.016887 0.741627 2.831929 0.261289 1.388165 -30.768299 0.084486 -1.467588 2.538058 9.014996 23.253130 -20.279289 54.006878 1.944486 27.937636 -4.875393 13.551031 13.960022 6.444682 -1.238103 -0.025088 -4.794065 -3.541372 -20.928541 -65.927315 -2.033934 33.678777 8.569830 -6.564631 18.802943 4.789087 -5.775686 -49.585264 -6.514391 12.319426 69.091412 19.674160 2.264539 -18.724692 2.608198 0.000000 -13.543243 -0.000000 5.012612 -50.082832 9.958094 -27.612917 71.834021 -27.082350 -4.895596 -23.324690 -10.763120 -0.000000 0.000000 0.000000
-3.739931 82.847908 131.834697 19.226297 10.620131 -1.271354 -0.780975 9.044730 -0.024714 -0.345941 -1.806424 0.004309 -0.346618 4.013901 -0.030895 -0.261805 8.847129 -0.021128 0.737973 2.891549 0.282386 1.366693 -30.657811 0.131630 -1.558002 2.493650 9.101208 23.045640 -19.988645 54.517417 2.009439 27.943907 -4.862912 13.550209 13.963379 6.434376 -1.211348 -0.076998 -4.843320 -3.253819 -20.470754 -66.179392 -2.016398 33.795206 8.536730 -6.577169 18.780262 4.758306 -5.819518 -47.329705 -6.121108 9.587305 66.300058 16.849269 2.162893 -18.913670 2.667970 -0.000000 -11.962262 0.000000 5.053219 -48.004051 9.751619 -22.952110 69.526961 -22.612774 -5.027377 -23.787499 -10.551805 0.000000 -0.000000 0.000000
-3.651311 83.894194 131.993910 19.271809 10.283299 -1.273461 -0.789830 8.941081 -0.038003 -0.349040 -1.852468 -0.001573 -0.349694 3.967856 -0.037091 -0.264554 8.812598 -0.025827 0.732898 2.958218 0.295396 1.347267 -30.534159 0.162773 -1.637857 2.454931 9.191580 22.775074 -19.708031 55.032918 2.087960 27.997411 -4.840761 13.545703 13.959845 6.419920 -1.147165 -0.115708 -4.918551 -3.079086 -19.965646 -66.416847 -1.985335 33.835058 8.529096 -6.572145 18.777241 4.739111 -5.874666 -45.044589 -5.708825 7.207019 63.379528 14.348305 2.086932 -19.068949 2.762971 0.000000 -10.330793 -0.000000 5.174388 -45.832038 9.510089 -19.296795 66.888965 -19.110870 -5.037135 -24.166791 -10.369276 0.000000 -0.000000 -0.000000
-3.548827 84.933197 132.160871 19.319181 9.937153 -1.257823 -0.801428 8.843496 -0.058515 -0.352901 -1.895803 -0.010593 -0.353534 3.924519 -0.046501 -0.268102 8.780101 -0.032955 0.725870 3.031165 0.303045 1.327080 -30.398806 0.183946 -1.718279 2.435307 9.279897 22.472380 -19.452984 55.545525 2.161902 28.116220 -4.812546 13.542345 13.966152 6.412771 -1.088248 -0.159415 -4.988963 -2.929583 -19.438169 -66.662517 -1.940402 33.844785 8.537038 -6.552902 18.780475 4.712706 -5.985171 -42.714145 -5.319593 5.211706 60.328903 12.229131 2.048099 -19.192100 2.895171 -0.000000 -8.609529 -0.000000 5.502888 -43.551889 9.051934 -16.341533 63.959409 -16.114456 -4.943030 -24.440052 -10.280048 0.000000 -0.000000 0.000000
-3.432347 85.956893 132.338432 19.363151 9.605640 -1.237365 -0.811736 8.742792 -0.082077 -0.356002 -1.940517 -0.020998 -0.356612 3.879802 -0.057220 -0.271173 8.746569 -0.041081 0.718490 3.110130 0.312559 1.305012 -30.252293 0.209229 -1.803443 2.402959 9.372347 22.151819 -19.174383 56.058597 2.232133 28.269464 -4.784045 13.533914 13.968449 6.422583 -1.034752 -0.200737 -5.040846 -2.778935 -18.909412 -66.930962 -1.891430 33.843207 8.548763 -6.530291 18.785617 4.673087 -6.219342 -40.398730 -4.822798 3.447586 57.185733 10.261204 2.097091 -19.275977 3.137109 0.000000 -6.728314 -0.000000 5.995898 -41.198465 8.449043 -13.908184 60.837778 -13.536872 -4.899158 -24.585119 -10.171419 -0.000000 -0.000000 -0.000000
-3.300117 86.953914 132.539498 19.410034 9.246720 -1.212172 -0.823331 8.655373 -0.105129 -0.359715 -1.979327 -0.031138 -0.360305 3.840990 -0.067736 -0.274692 8.717466 -0.049045 0.710791 3.200420 0.321714 1.282465 -30.084739 0.234009 -1.890669 2.363710 9.451344 21.828371 -18.864171 56.576307 2.294296 28.416413 -4.758358 13.534326 13.975008 6.432640 -0.977529 -0.227895 -5.073186 -2.605238 -18.404408 -67.232077 -1.849925 33.860905 8.542727 -6.501706 18.795546 4.626799 -6.524955 -38.038621 -4.324468 2.128170 53.935142 8.681360 2.202432 -19.232094 3.440064 -0.000000 -4.900179 0.000000 6.372752 -38.760615 7.952878 -11.797262 57.628683 -11.384713 -4.961618 -24.623166 -9.995411 -0.000000 -0.000000 0.000000
-3.160702 87.914432 132.774024 19.460422 8.873314 -1.176618 -0.844099 8.587307 -0.130291 -0.367378 -2.009528 -0.042012 -0.367960 3.810784 -0.079387 -0.281258 8.694819 -0.057839 0.708412 3.293086 0.330360 1.271355 -29.912735 0.254423 -1.958526 2.286043 9.514303 21.503009 -18.514790 57.098735 2.341690 28.549748 -4.744142 13.533904 13.982952 6.444261 -0.899135 -0.297418 -5.092456 -2.387244 -17.903844 -67.561924 -1.825571 33.933577 8.514148 -6.473637 18.814213 4.571456 -6.781789 -35.652885 -3.935169 1.337493 50.628031 7.590722 2.202277 -19.030629 3.800643 -0.000000 -3.301719 -0.000000 6.638132 -36.309245 7.549231 -9.967857 54.333233 -9.518100 -5.021783 -24.375146 -9.915147 -0.000000 -0.000000 0.000000
-3.030752 88.828601 133.020364 19.509938 8.496206 -1.123613 -0.865254 8.526173 -0.160215 -0.374916 -2.036636 -0.054979 -0.375490 3.783671 -0.093121 -0.287878 8.674492 -0.068210 0.706243 3.387890 0.336113 1.262482 -29.736733 0.268663 -2.021599 2.205868 9.556873 21.189534 -18.140335 57.613620 2.377697 28.648298 -4.737208 13.528454 13.994604 6.448959 -0.818262 -0.372746 -5.107992 -2.172596 -17.409062 -67.905537 -1.816658 34.036089 8.480908 -6.453602 18.857717 4.523563 -6.972191 -33.328358 -3.606022 0.860444 47.361268 6.759162 2.104916 -18.651276 4.190044 0.000000 -1.958178 -0.000000 6.889607 -33.907680 7.129981 -8.648097 50.956321 -8.025556 -5.032231 -23.728972 -9.924570 -0.000000 0.000000 -0.000000
-2.895165 89.685524 133.262266 19.559556 8.067123 -1.056025 -0.890634 8.494426 -0.192019 -0.384209 -2.050675 -0.068650 -0.384786 3.769625 -0.107737 -0.295882 8.663967 -0.079231 0.709743 3.485660 0.339181 1.267013 -29.555171 0.273890 -2.063172 2.102310 9.579958 20.889000 -17.721872 58.109027 2.400968 28.706660 -4.731943 13.521448 14.008772 6.452618 -0.723110 -0.470828 -5.144547 -2.004236 -16.891478 -68.227798 -1.813770 34.156493 8.453523 -6.444766 18.902870 4.489119 -6.980414 -30.998240 -3.489902 0.441443 44.119379 6.153172 1.957167 -18.059424 4.588339 -0.000000 -0.876878 -0.000000 6.872615 -31.552200 6.841656 -7.725969 47.670318 -6.989866 -4.934039 -22.898023 -9.988092 -0.000000 -0.000000 0.000000
-2.773557 90.471742 133.501630 19.626961 7.623164 -0.980392 -0.923656 8.465045 -0.225174 -0.396820 -2.063653 -0.082779 -0.397407 3.756639 -0.123148 -0.306432 8.654238 -0.090834 0.717718 3.595465 0.343274 1.280096 -29.351241 0.278662 -2.082523 1.994592 9.597833 20.607613 -17.257035 58.574813 2.415541 28.744087 -4.729566 13.509201 14.021266 6.479471 -0.610862 -0.559518 -5.188221 -1.906477 -16.354711 -68.536766 -1.814381 34.281681 8.446875 -6.444087 18.916236 4.455705 -6.930562 -28.718716 -3.436191 -0.078963 40.934408 5.584934 1.980893 -17.331392 4.853756 0.000000 -0.000000 0.000000 6.702952 -29.252847 6.737820 -7.048464 44.491691 -6.362931 -4.900564 -21.991383 -10.016764 0.000000 0.000000 0.000000
-2.646549 91.188382 133.746269 19.691193 7.158753 -0.914093 -0.947271 8.445088 -0.257230 -0.405313 -2.072444 -0.096578 -0.405904 3.747842 -0.137810 -0.313840 8.647650 -0.101892 0.724957 3.711308 0.346926 1.291858 -29.136098 0.283041 -2.087397 1.905299 9.616276 20.342961 -16.791340 58.995599 2.413518 28.803239 -4.738830 13.507053 14.037540 6.524827 -0.496479 -0.681458 -5.234327 -1.878913 -15.770228 -68.816493 -1.831198 34.360209 8.440412 -6.443007 18.918206 4.417751 -7.002494 -26.403030 -3.372794 -0.312464 37.676546 5.179317 2.028742 -16.469046 5.086523 -0.000000 0.000000 -0.000000 6.561543 -26.940916 6.683392 -6.599290 41.318103 -5.978200 -4.839159 -21.034573 -10.003650 0.000000 0.000000 -0.000000
-2.477083 91.850703 134.030345 19.771219 6.706665 -0.852900 -0.972796 8.409532 -0.295834 -0.414256 -2.088150 -0.113278 -0.414847 3.732130 -0.155418 -0.321793 8.635877 -0.115183 0.729846 3.844333 0.362132 1.291711 -28.889152 0.312875 -2.104611 1.829319 9.646642 20.094331 -16.308476 59.404762 2.393101 28.882460 -4.765594 13.495560 14.056863 6.563163 -0.393368 -0.778305 -5.260954 -1.887167 -15.181648 -69.069350 -1.883405 34.373312 8.406768 -6.435838 18.926592 4.372507 -7.389080 -23.981269 -3.223824 -0.218298 34.298039 4.847117 2.117479 -15.438051 5.358586 0.000000 -0.000000 -0.000000 6.644302 -24.601819 6.483964 -6.158356 38.115906 -5.469484 -5.012485 -19.978038 -9.986204 -0.000000 -0.000000 -0.000000
-2.270631 92.463754 134.355907 19.841450 6.243761 -0.808147 -1.008667 8.376243 -0.333663 -0.427856 -2.102837 -0.129448 -0.428454 3.717432 -0.172972 -0.333238 8.624867 -0.128404 0.737102 3.985552 0.384010 1.292508 -28.627026 0.355072 -2.131363 1.751061 9.666653 19.884355 -15.831489 59.819100 2.342084 28.933774 -4.802312 13.492532 14.085057 6.604592 -0.280740 -0.892611 -5.284048 -1.878857 -14.573485 -69.309249 -1.947976 34.349736 8.355254 -6.448331 18.946159 4.323824 -7.955366 -21.541513 -2.950836 0.135797 30.968778 4.540171 2.196038 -14.264836 5.544113 0.000000 -0.000000 -0.000000 6.699913 -22.266573 6.196495 -5.658743 34.961190 -4.830490 -5.196001 -18.881223 -10.076414 -0.000000 0.000000 0.000000
-2.023166 93.029244 134.728472 19.917782 5.776749 -0.780992 -1.052817 8.323530 -0.367843 -0.445393 -2.126153 -0.143910 -0.445996 3.694103 -0.189216 -0.347541 8.607384 -0.140614 0.751235 4.151447 0.410820 1.304489 -28.319075 0.403489 -2.164354 1.588365 9.709591 19.648820 -15.229191 60.254908 2.299667 28.952001 -4.846400 13.466726 14.104426 6.637073 -0.157622 -0.963816 -5.315936 -1.822793 -13.970572 -69.520784 -2.052366 34.405716 8.268917 -6.447005 18.917025 4.290186 -8.469438 -19.088756 -2.840530 0.571961 27.666320 4.418836 2.248440 -12.950619 5.732017 -0.000000 0.000000 0.000000 6.964508 -19.916500 5.875369 -5.517877 31.752106 -4.285800 -5.278719 -17.772468 -10.227128 -0.000000 0.000000 0.000000
-1.762933 93.533387 135.158904 19.955528 5.288949 -0.790987 -1.078722 8.258064 -0.395153 -0.455261 -2.155163 -0.155701 -0.455854 3.665085 -0.202009 -0.355847 8.585631 -0.150261 0.762124 4.346109 0.442583 1.306838 -27.957750 0.464116 -2.170138 1.425484 9.778766 19.344787 -14.610407 60.657511 2.267849 29.003545 -4.866696 13.446416 14.137825 6.659410 -0.041399 -0.947744 -5.324704 -1.721593 -13.423259 -69.719846 -2.158275 34.529618 8.169735 -6.456692 18.899256 4.282827 -8.991254 -16.700016 -2.812819 0.874431 24.499457 4.322482 2.461658 -11.663292 6.004186 0.000000 0.000000 0.000000 7.551130 -17.525217 5.694392 -5.844267 28.553506 -3.992746 -5.133970 -16.824456 -10.493945 0.000000 -0.000000 0.000000
-1.526507 93.954265 135.608183 19.976969 4.849614 -0.825233 -1.102455 8.154139 -0.408730 -0.465069 -2.201298 -0.161562 -0.465636 3.618942 -0.208865 -0.363683 8.551031 -0.155422 0.770321 4.567390 0.467070 1.307942 -27.546946 0.511404 -2.173662 1.363755 9.800500 19.008134 -14.098684 61.031692 2.257412 29.140893 -4.859112 13.429148 14.189556 6.674728 0.070802 -0.916427 -5.337646 -1.606390 -12.869349 -69.906334 -2.219669 34.708676 8.105182 -6.471461 18.923129 4.284022 -9.408582 -14.543828 -2.811698 0.777581 21.591038 4.184407 2.824272 -10.649712 6.433650 -0.000000 0.000000 0.000000 8.110789 -15.252691 5.697508 -6.045972 25.525051 -3.780855 -5.190391 -15.964599 -10.796519 -0.000000 0.000000 -0.000000
-1.292150 94.289637 136.023929 19.967668 4.410162 -0.893184 -1.109627 8.034915 -0.408212 -0.468405 -2.254281 -0.161522 -0.468932 3.565956 -0.209162 -0.366198 8.511293 -0.155659 0.772234 4.807950 0.489217 1.297640 -27.100342 0.557477 -2.177743 1.342754 9.814082 18.640322 -13.614927 61.369313 2.261731 29.353215 -4.841571 13.419143 14.199338 6.717049 0.185654 -0.950903 -5.359288 -1.496337 -12.237532 -70.089498 -2.212886 34.940078 8.095087 -6.463772 18.970152 4.273452 -9.841582 -12.477309 -2.891294 0.812566 18.729605 4.076644 3.089413 -9.591600 6.983385 0.000000 -0.000000 0.000000 8.306817 -13.140776 5.882083 -6.116747 22.743487 -3.714201 -5.100843 -15.156650 -11.075740 0.000000 -0.000000 0.000000
-1.075218 94.548025 136.386505 19.933459 3.979048 -0.977634 -1.114254 7.914036 -0.398506 -0.471181 -2.308025 -0.157465 -0.471666 3.512210 -0.205384 -0.368002 8.470982 -0.152815 0.774892 5.057611 0.507072 1.291508 -26.636803 0.594211 -2.213232 1.084162 9.852996 18.289322 -12.905504 61.702747 2.270621 29.593960 -4.826653 13.394742 14.223067 6.750807 0.319068 -1.075665 -5.418446 -1.439791 -11.524911 -70.230138 -2.151760 35.126390 8.110128 -6.436048 18.995065 4.235331 -10.396044 -10.496425 -2.915904 1.053545 16.056060 3.999759 3.305110 -8.622902 7.405605 0.000000 -0.000000 -0.000000 8.337523 -11.210900 6.092669 -6.031492 20.156471 -3.637563 -5.015531 -14.323786 -11.203209 -0.000000 0.000000 0.000000
-0.853876 94.744541 136.676919 19.905528 3.544898 -1.042361 -1.136600 7.796626 -0.393182 -0.481563 -2.360202 -0.155041 -0.482015 3.460024 -0.204014 -0.375681 8.431845 -0.151751 0.783969 5.318434 0.522466 1.299953 -26.152496 0.622240 -2.227177 0.796232 9.880757 18.005560 -12.173885 61.972546 2.274922 29.778946 -4.793931 13.375772 14.241623 6.818426 0.495535 -1.272998 -5.517671 -1.428818 -10.728717 -70.335821 -2.079942 35.241725 8.131451 -6.397325 19.021468 4.187892 -10.939736 -8.589265 -2.965462 1.286299 13.461006 3.912086 3.495930 -7.692761 7.728898 -0.000000 -0.000000 0.000000 8.441219 -9.409978 6.155355 -6.243219 17.731796 -3.562227 -4.688385 -13.499809 -11.204216 -0.000000 0.000000 0.000000
-0.653169 94.883525 136.951504 19.878001 3.139755 -1.072477 -1.177666 7.672287 -0.405370 -0.499201 -2.415397 -0.160095 -0.499621 3.404813 -0.210859 -0.389385 8.390448 -0.156869 0.803107 5.583977 0.540258 1.327546 -25.659411 0.649504 -2.177941 0.603439 9.927369 17.789660 -11.561923 62.122098 2.258746 29.873279 -4.737215 13.337223 14.242278 6.849416 0.680972 -1.376367 -5.627260 -1.407819 -10.042643 -70.395693 -2.008876 35.336123 8.128799 -6.374241 19.058556 4.149430 -11.478268 -6.835610 -3.057481 1.287449 11.144539 3.840809 3.934589 -6.958346 7.896513 0.000000 -0.000000 0.000000 8.926568 -7.671638 6.242871 -6.554261 15.475118 -3.438257 -4.663894 -12.861976 -11.249411 -0.000000 0.000000 -0.000000
-0.504546 94.971862 137.193983 19.866046 2.754968 -1.084785 -1.250638 7.572741 -0.437595 -0.529794 -2.459487 -0.173459 -0.530198 3.360696 -0.227331 -0.413493 8.357381 -0.169201 0.839732 5.822742 0.562021 1.388454 -25.216031 0.675032 -2.174684 0.391337 9.955167 17.688933 -11.031597 62.285319 2.214032 29.900661 -4.690724 13.298230 14.241185 6.866820 0.886548 -1.455075 -5.706541 -1.316850 -9.489622 -70.433119 -1.931830 35.490711 8.110754 -6.362967 19.073473 4.119526 -11.760650 -5.266605 -3.172247 1.008213 9.086690 3.789018 4.408885 -6.288509 7.919822 0.000000 0.000000 0.000000 9.163396 -6.079234 6.398810 -6.409262 13.402320 -3.312466 -4.897952 -12.270245 -11.176363 -0.000000 -0.000000 0.000000
-0.381218 95.026677 137.334244 19.875702 2.370126 -1.099286 -1.307877 7.474191 -0.461323 -0.553917 -2.503164 -0.183343 -0.554295 3.316996 -0.239665 -0.432452 8.324623 -0.178438 0.856772 6.038544 0.574176 1.415115 -24.815294 0.691829 -2.187377 0.132394 10.014032 17.488303 -10.476674 62.446562 2.182639 29.932064 -4.665579 13.268157 14.245195 6.873810 0.998118 -1.548715 -5.846617 -1.105179 -8.949508 -70.432307 -1.830540 35.714625 8.131110 -6.358839 19.073291 4.110513 -11.718649 -3.844934 -3.279519 0.660284 7.286664 3.786597 4.639167 -5.683644 7.819335 0.000000 -0.000000 0.000000 8.973086 -4.750173 6.384321 -6.128130 11.658531 -3.178536 -4.863918 -11.646229 -10.857567 -0.000000 0.000000 0.000000
-0.271860 95.061740 137.448484 19.887184 2.014577 -1.124300 -1.385671 7.392947 -0.472281 -0.587959 -2.539162 -0.187210 -0.588324 3.280963 -0.246992 -0.458492 8.297618 -0.183827 0.890545 6.201108 0.569532 1.484777 -24.513254 0.665438 -2.118683 -0.154728 10.092821 17.190409 -9.962034 62.552593 2.183786 30.004348 -4.644775 13.250050 14.250087 6.875726 1.150900 -1.711603 -6.018242 -0.885728 -8.394988 -70.441812 -1.704585 35.860278 8.192523 -6.347445 19.076134 4.118799 -11.473596 -2.556675 -3.361483 0.404191 5.757838 3.762982 4.572202 -5.245630 7.826828 0.000000 0.000000 -0.000000 8.720862 -3.475421 6.351535 -6.020344 10.101718 -3.052866 -4.604671 -11.160867 -10.554568 0.000000 0.000000 -0.000000
-0.196416 95.092207 137.555970 19.884902 1.666333 -1.167151 -1.445818 7.328554 -0.469489 -0.614969 -2.567731 -0.185232 -0.615321 3.252366 -0.247758 -0.478790 8.276182 -0.184286 0.918888 6.321168 0.552518 1.550196 -24.290049 0.616991 -2.067704 -0.230129 10.158314 16.897919 -9.709020 62.558053 2.199434 30.115715 -4.598107 13.229965 14.250648 6.849395 1.265757 -1.789190 -6.251306 -0.698992 -7.971902 -70.402828 -1.529895 35.874142 8.287892 -6.332216 19.069849 4.122204 -11.019039 -1.427643 -3.408279 -0.037458 4.542818 3.692063 4.501181 -4.955335 7.971355 0.000000 0.000000 0.000000 8.503461 -2.343086 6.404934 -5.870768 8.740485 -2.988415 -4.460798 -10.683274 -10.322440 0.000000 -0.000000 0.000000
-0.163356 95.128432 137.652044 19.864813 1.358228 -1.220652 -1.491468 7.261678 -0.455352 -0.636218 -2.597455 -0.178477 -0.636549 3.222618 -0.243162 -0.494383 8.253876 -0.180719 0.950365 6.419611 0.533201 1.623080 -24.106920 0.562259 -2.007782 -0.155566 10.229700 16.636576 -9.641386 62.459219 2.180727 30.212676 -4.528135 13.207762 14.241260 6.784877 1.398054 -1.815527 -6.512813 -0.560247 -7.652485 -70.376077 -1.260850 35.783591 8.432652 -6.296953 19.055677 4.130237 -10.459156 -0.575725 -3.384541 -0.580719 3.711584 3.575941 4.461939 -4.798622 8.156473 -0.000000 0.000000 -0.000000 8.222860 -1.349828 6.512485 -5.592102 7.582018 -2.985715 -4.390457 -10.271172 -10.168394 -0.000000 -0.000000 -0.000000
-0.087626 95.167642 137.692282 19.817610 1.101342 -1.270838 -1.521652 7.200307 -0.443544 -0.650431 -2.624742 -0.172987 -0.650740 3.195315 -0.239115 -0.504740 8.233401 -0.177605 0.987784 6.501439 0.522193 1.703394 -23.954648 0.521058 -1.951743 -0.165059 10.327217 16.403923 -9.551539 62.347191 2.074650 30.265250 -4.482262 13.188141 14.229019 6.692274 1.543167 -1.803248 -6.752428 -0.445706 -7.466224 -70.396631 -0.889943 35.661509 8.628525 -6.241257 19.058339 4.150688 -10.105978 0.029627 -3.360629 -0.818583 3.222555 3.492558 4.366126 -4.800397 8.297906 -0.000000 0.000000 0.000000 7.887900 -0.504615 6.549519 -5.252296 6.647906 -2.906054 -4.309143 -9.958212 -10.094222 -0.000000 0.000000 0.000000
-0.053895 95.207391 137.726561 19.725516 0.874854 -1.304740 -1.531104 7.152744 -0.439961 -0.654903 -2.645884 -0.171422 -0.655189 3.174167 -0.238003 -0.508005 8.217541 -0.176758 1.026385 6.563550 0.515836 1.783636 -23.838996 0.488482 -1.919942 -0.217487 10.395644 16.225587 -9.481052 62.293376 1.866843 30.266391 -4.488885 13.164016 14.258067 6.622899 1.717968 -1.785074 -6.947239 -0.352734 -7.366542 -70.488617 -0.436624 35.532042 8.871897 -6.185220 19.100594 4.161761 -9.957896 0.335167 -3.288078 -0.711620 3.119950 3.403794 4.199994 -4.886879 8.293954 -0.000000 -0.000000 0.000000 7.639761 0.159794 6.505973 -4.974030 6.014390 -2.784290 -4.227706 -9.800891 -10.017730 0.000000 -0.000000 0.000000
-0.028075 95.244040 137.714841 19.622904 0.677418 -1.319142 -1.519143 7.129129 -0.455451 -0.648665 -2.656338 -0.178557 -0.648936 3.163721 -0.244503 -0.503792 8.209709 -0.181720 1.059246 6.606127 0.522186 1.845717 -23.759770 0.484284 -1.925437 -0.272507 10.434183 16.069836 -9.472541 62.309743 1.622341 30.242090 -4.530956 13.125976 14.298350 6.600219 1.828404 -1.802974 -7.066239 -0.192024 -7.336240 -70.626668 0.015750 35.455923 9.094513 -6.118459 19.168267 4.120535 -9.925894 0.391583 -3.258332 -0.342077 3.269490 3.368895 3.926795 -4.923343 8.209540 -0.000000 0.000000 0.000000 7.644503 0.644161 6.507810 -4.988778 5.585437 -2.713506 -4.125055 -9.700514 -9.970235 0.000000 0.000000 0.000000
-0.044615 95.272884 137.665785 19.546133 0.505489 -1.316394 -1.501598 7.135086 -0.484561 -0.639089 -2.653609 -0.191712 -0.639357 3.166460 -0.256685 -0.497488 8.211770 -0.190988 1.079427 6.627815 0.533942 1.879703 -23.719481 0.497411 -1.954959 -0.269481 10.437210 15.967687 -9.571721 62.354810 1.377686 30.198190 -4.580075 13.103088 14.337543 6.619241 1.860775 -1.841138 -7.102938 0.025953 -7.359288 -70.805303 0.397978 35.419737 9.258914 -6.015631 19.213165 4.102566 -9.866244 0.287763 -3.270454 -0.045143 3.587035 3.377975 3.701331 -4.934831 8.095541 -0.000000 0.000000 0.000000 7.841712 0.895039 6.534112 -5.253815 5.413087 -2.730134 -4.005921 -9.627689 -9.874797 0.000000 -0.000000 0.000000
-0.093713 95.291362 137.568861 19.524420 0.357776 -1.309088 -1.498782 7.161937 -0.512243 -0.636131 -2.641585 -0.203933 -0.636410 3.178488 -0.268606 -0.496129 8.220798 -0.200017 1.088570 6.637367 0.547073 1.890962 -23.701824 0.518996 -1.969259 -0.214771 10.412142 15.933028 -9.727667 62.402305 1.163942 30.143547 -4.639446 13.101635 14.361790 6.659218 1.811766 -1.830012 -7.062427 0.231494 -7.430575 -71.028141 0.669171 35.427328 9.355845 -5.943810 19.275683 4.018039 -9.810784 0.145878 -3.307750 0.020252 3.947315 3.411602 3.650696 -4.975991 8.040989 0.000000 0.000000 -0.000000 7.917061 0.904084 6.477281 -5.469985 5.530409 -2.719049 -3.879585 -9.571057 -9.739640 0.000000 0.000000 -0.000000
-0.118681 95.298117 137.414753 19.557319 0.216122 -1.312504 -1.509862 7.202916 -0.527747 -0.640076 -2.623308 -0.210489 -0.640377 3.196760 -0.275565 -0.499590 8.234510 -0.205248 1.084692 6.643106 0.562314 1.875058 -23.691361 0.551657 -1.982339 -0.160545 10.370355 15.980758 -9.838822 62.435382 1.028360 30.101747 -4.689202 13.111328 14.379275 6.709335 1.716126 -1.781967 -6.974560 0.294213 -7.476395 -71.268423 0.832134 35.432777 9.407338 -5.893728 19.314943 3.897395 -9.811525 0.071910 -3.350041 -0.084057 4.234626 3.444949 3.764682 -5.028735 8.040737 0.000000 0.000000 -0.000000 7.771763 0.777237 6.359205 -5.430175 5.843527 -2.659855 -3.851010 -9.546830 -9.583250 0.000000 0.000000 -0.000000
-0.182197 95.292855 137.257357 19.624321 0.085499 -1.328487 -1.530387 7.247749 -0.524540 -0.649354 -2.603371 -0.208587 -0.649683 3.216687 -0.274606 -0.506482 8.249459 -0.204457 1.069789 6.650836 0.574424 1.838712 -23.677230 0.583907 -1.969264 -0.134426 10.322198 16.085655 -9.881512 62.410538 0.973839 30.109416 -4.716495 13.131833 14.394737 6.753288 1.624996 -1.762216 -6.891235 0.145944 -7.443484 -71.471490 0.915360 35.415513 9.422097 -5.868039 19.354090 3.754645 -9.699352 0.038096 -3.307957 -0.392116 4.444192 3.406509 3.926914 -5.053854 8.042350 -0.000000 -0.000000 -0.000000 7.488555 0.636593 6.305361 -5.179193 6.197759 -2.641753 -3.933167 -9.582488 -9.439157 -0.000000 -0.000000 -0.000000
-0.239228 95.276178 137.126793 19.696985 -0.022965 -1.364026 -1.549722 7.285014 -0.503509 -0.659196 -2.586861 -0.198826 -0.659551 3.233186 -0.265847 -0.513237 8.261830 -0.197761 1.047080 6.670145 0.586588 1.786615 -23.641633 0.620519 -1.957339 -0.153362 10.269295 16.253621 -9.844355 62.337454 0.977352 30.153853 -4.728215 13.149535 14.394143 6.756279 1.566208 -1.800790 -6.842014 -0.165540 -7.322332 -71.619024 0.922196 35.411699 9.437216 -5.851113 19.391309 3.618140 -9.761788 0.086366 -3.244367 -0.480748 4.520947 3.365492 4.026399 -5.090460 8.037740 -0.000000 -0.000000 -0.000000 7.341658 0.563911 6.341646 -4.997142 6.446768 -2.676220 -4.087218 -9.640697 -9.306047 0.000000 -0.000000 0.000000
-0.285674 95.252720 137.054991 19.744812 -0.125867 -1.407993 -1.558060 7.315150 -0.476842 -0.664496 -2.573551 -0.186765 -0.664871 3.246489 -0.254326 -0.516390 8.271800 -0.189000 1.025274 6.708698 0.600566 1.735250 -23.570287 0.660456 -1.963426 -0.135932 10.218604 16.481551 -9.828835 62.229372 1.000150 30.176293 -4.743230 13.159744 14.377950 6.734181 1.542043 -1.852454 -6.822976 -0.484316 -7.200665 -71.698851 0.832606 35.474677 9.427029 -5.837490 19.419429 3.516591 -10.007264 0.223833 -3.205873 -0.415031 4.486131 3.354389 4.167685 -5.161859 8.030008 0.000000 0.000000 -0.000000 7.379553 0.571166 6.403077 -4.930873 6.572361 -2.697749 -4.271721 -9.693015 -9.189892 -0.000000 0.000000 0.000000
-0.312242 95.226282 137.026130 19.765207 -0.224382 -1.437366 -1.559357 7.334152 -0.461789 -0.665970 -2.565157 -0.180003 -0.666356 3.254882 -0.247715 -0.517024 8.278090 -0.183980 1.008034 6.765322 0.611596 1.694511 -23.465317 0.692201 -1.967552 -0.163773 10.204710 16.676341 -9.774858 62.113266 1.036050 30.118473 -4.749939 13.144499 14.351682 6.704868 1.553044 -1.893456 -6.822982 -0.684854 -7.140648 -71.717288 0.649245 35.605526 9.382600 -5.836216 19.442387 3.464638 -10.146830 0.358575 -3.182565 -0.494816 4.437538 3.341067 4.375976 -5.255013 8.020560 -0.000000 -0.000000 0.000000 7.535901 0.630877 6.466398 -4.965821 6.620422 -2.722054 -4.441521 -9.746575 -9.072680 -0.000000 -0.000000 -0.000000
-0.327489 95.199966 137.021175 19.763883 -0.314514 -1.450248 -1.555861 7.341940 -0.462955 -0.664335 -2.561695 -0.180547 -0.664724 3.258345 -0.248093 -0.515826 8.280687 -0.184272 0.997939 6.829908 0.622195 1.668304 -23.345512 0.719329 -1.993721 -0.198676 10.208865 16.805672 -9.757642 62.021475 1.062700 30.007279 -4.745819 13.117542 14.333215 6.684973 1.583678 -1.916742 -6.828554 -0.701161 -7.172251 -71.675124 0.391086 35.790539 9.284000 -5.859214 19.440514 3.477536 -10.161558 0.469386 -3.165928 -0.657534 4.397698 3.320322 4.568056 -5.353152 8.015058 -0.000000 -0.000000 -0.000000 7.707818 0.705137 6.496050 -4.958546 6.643520 -2.726221 -4.638136 -9.805816 -8.957407 -0.000000 -0.000000 -0.000000
-0.333896 95.175485 137.034352 19.752794 -0.384022 -1.460091 -1.550485 7.340213 -0.472747 -0.661347 -2.562434 -0.184978 -0.661733 3.257610 -0.252220 -0.513882 8.280138 -0.187413 0.994575 6.892316 0.632387 1.655835 -23.229714 0.742038 -2.034030 -0.237882 10.226819 16.838422 -9.798171 61.954928 1.075855 29.929704 -4.732091 13.093563 14.323652 6.658437 1.621768 -1.914634 -6.830671 -0.561975 -7.307436 -71.592275 0.112207 35.981259 9.142543 -5.890814 19.372996 3.534444 -10.193508 0.563777 -3.166326 -0.747499 4.365140 3.316024 4.711232 -5.474340 8.020651 -0.000000 0.000000 -0.000000 7.939546 0.765976 6.536024 -4.961297 6.662379 -2.728847 -4.872303 -9.886140 -8.867337 0.000000 0.000000 0.000000
-0.324227 95.147764 137.054115 19.740277 -0.431562 -1.475305 -1.542255 7.334805 -0.485417 -0.656918 -2.564802 -0.190744 -0.657298 3.255247 -0.257535 -0.510941 8.278368 -0.191462 0.988238 6.945015 0.642976 1.637313 -23.131958 0.766978 -2.089005 -0.283751 10.251513 16.811483 -9.882691 61.903811 1.073488 29.907488 -4.708935 13.087092 14.326461 6.638432 1.661284 -1.881160 -6.820227 -0.396422 -7.520702 -71.498221 -0.114049 36.049796 9.009538 -5.932480 19.302838 3.585730 -10.234503 0.628007 -3.176651 -0.772359 4.373786 3.347286 4.813878 -5.615005 8.014478 -0.000000 -0.000000 -0.000000 8.069343 0.776492 6.564360 -4.894303 6.763322 -2.739213 -5.087008 -10.026712 -8.757932 -0.000000 0.000000 0.000000
-0.327079 95.117509 137.065859 19.729631 -0.451665 -1.494884 -1.532142 7.332544 -0.498276 -0.651636 -2.565773 -0.196612 -0.652011 3.254283 -0.262866 -0.507362 8.277647 -0.195526 0.985258 6.981346 0.653369 1.625723 -23.064580 0.789598 -2.135495 -0.318929 10.267801 16.755047 -9.997854 61.866144 1.091049 29.936101 -4.685772 13.077177 14.324788 6.635771 1.682119 -1.870870 -6.805726 -0.306748 -7.734565 -71.386869 -0.258092 35.945519 8.908816 -5.939868 19.273136 3.619847 -10.134136 0.631074 -3.178913 -0.861735 4.404078 3.372579 4.839881 -5.685035 8.028446 0.000000 0.000000 0.000000 7.970216 0.723895 6.577926 -4.780981 6.903946 -2.739054 -5.124153 -10.120303 -8.680927 0.000000 0.000000 0.000000
-0.323038 95.099971 137.049819 19.723757 -0.441975 -1.514804 -1.520440 7.332900 -0.510402 -0.645689 -2.565586 -0.202170 -0.646059 3.254476 -0.267819 -0.503258 8.277794 -0.199307 0.977696 7.001100 0.660825 1.606627 -23.027977 0.808594 -2.175614 -0.327434 10.266877 16.752916 -10.116437 61.818906 1.121889 29.980222 -4.659411 13.070611 14.341437 6.627023 1.676535 -1.847235 -6.781349 -0.312532 -7.961429 -71.271304 -0.312943 35.755696 8.879536 -5.923437 19.314201 3.617525 -9.943739 0.577425 -3.179091 -0.955165 4.481756 3.397258 4.769804 -5.761748 8.056175 -0.000000 0.000000 -0.000000 7.737116 0.605696 6.565296 -4.651776 7.113932 -2.717378 -5.052701 -10.224257 -8.655316 -0.000000 -0.000000 0.000000
-0.334329 95.086805 137.022117 19.714218 -0.395926 -1.527736 -1.506948 7.336506 -0.523821 -0.638862 -2.563952 -0.208318 -0.639230 3.256118 -0.273274 -0.498530 8.279026 -0.203471 0.968931 7.002312 0.661492 1.588777 -23.025758 0.814513 -2.194913 -0.319170 10.255367 16.829571 -10.223351 61.756816 1.154454 30.007165 -4.652185 13.077174 14.353324 6.626937 1.649421 -1.814568 -6.741005 -0.401999 -8.195385 -71.154917 -0.296987 35.592474 8.913845 -5.899040 19.376173 3.593592 -9.710217 0.459911 -3.154396 -1.100241 4.604971 3.401407 4.714563 -5.843167 8.066718 -0.000000 -0.000000 0.000000 7.505070 0.426258 6.562283 -4.514624 7.386185 -2.707251 -4.997392 -10.363559 -8.678001 0.000000 0.000000 0.000000
-0.357935 95.072217 136.989885 19.705219 -0.307570 -1.531303 -1.490529 7.340278 -0.540638 -0.630524 -2.562237 -0.216019 -0.630888 3.257842 -0.280127 -0.492770 8.280320 -0.208702 0.956780 6.986043 0.656565 1.567171 -23.055973 0.810897 -2.221661 -0.332323 10.246762 16.991462 -10.280459 61.686863 1.195045 29.977354 -4.651382 13.083639 14.345838 6.630931 1.598749 -1.789292 -6.682736 -0.533792 -8.424344 -71.026558 -0.255480 35.521992 8.980931 -5.874028 19.416885 3.563841 -9.556695 0.282657 -3.139130 -1.233953 4.759365 3.419737 4.728145 -5.937421 8.061558 -0.000000 -0.000000 -0.000000 7.325211 0.181819 6.588127 -4.381230 7.716468 -2.731839 -5.004238 -10.540238 -8.711655 0.000000 0.000000 0.000000
-0.392203 95.053339 136.948808 19.697828 -0.174220 -1.522839 -1.479753 7.341771 -0.558926 -0.624612 -2.561524 -0.224290 -0.624972 3.258561 -0.287797 -0.488886 8.280863 -0.214539 0.950648 6.952734 0.643323 1.562013 -23.117754 0.787405 -2.244256 -0.356083 10.234480 17.193165 -10.326321 61.608354 1.235855 29.901449 -4.661557 13.083583 14.321477 6.638561 1.550789 -1.774027 -6.621219 -0.672913 -8.650556 -70.882123 -0.236229 35.518812 9.029209 -5.858354 19.425862 3.531320 -9.454342 0.019653 -3.130873 -1.396694 4.971142 3.437694 4.822867 -6.048982 8.045798 0.000000 -0.000000 0.000000 7.092634 -0.156301 6.581846 -4.198820 8.137455 -2.751549 -5.015119 -10.747568 -8.730309 -0.000000 0.000000 -0.000000
-0.427926 95.029114 136.894484 19.682098 0.008614 -1.508702 -1.468642 7.338593 -0.575214 -0.618678 -2.562896 -0.231696 -0.619032 3.257197 -0.294600 -0.484924 8.279841 -0.219722 0.949027 6.901523 0.626154 1.568032 -23.212738 0.753548 -2.258916 -0.386027 10.227048 17.384477 -10.391568 61.508558 1.279518 29.809881 -4.668992 13.079934 14.312344 6.647284 1.505032 -1.754258 -6.563571 -0.805024 -8.892721 -70.722442 -0.249227 35.520931 9.043896 -5.865950 19.422225 3.494849 -9.379370 -0.347739 -3.128332 -1.562826 5.266590 3.458158 4.957829 -6.191702 8.013717 0.000000 -0.000000 -0.000000 6.953133 -0.596400 6.545428 -4.076661 8.647539 -2.756855 -5.057174 -10.993691 -8.732896 0.000000 0.000000 0.000000
-0.470178 94.998070 136.838233 19.654669 0.243841 -1.493463 -1.456754 7.328816 -0.587821 -0.612631 -2.567214 -0.237507 -0.612977 3.252885 -0.299795 -0.480762 8.276608 -0.223690 0.954892 6.836313 0.608716 1.589278 -23.333684 0.715069 -2.272188 -0.415908 10.225654 17.543667 -10.495078 61.384905 1.316984 29.748885 -4.672757 13.072326 14.305827 6.662695 1.469709 -1.729217 -6.513015 -0.946369 -9.152650 -70.549702 -0.291418 35.485587 9.029752 -5.863427 19.426157 3.463959 -9.280019 -0.825863 -3.118075 -1.736506 5.662581 3.472659 5.076110 -6.374876 7.974988 -0.000000 0.000000 0.000000 6.985124 -1.133252 6.537022 -3.988628 9.248482 -2.779679 -5.235284 -11.302248 -8.732571 0.000000 0.000000 0.000000
-0.516777 94.958593 136.784407 19.613055 0.540284 -1.480970 -1.439763 7.307826 -0.596568 -0.604564 -2.576535 -0.241725 -0.604894 3.243573 -0.303192 -0.474955 8.269622 -0.226311 0.965457 6.759422 0.592331 1.619515 -23.476303 0.676049 -2.291437 -0.424745 10.227017 17.677112 -10.657387 61.238372 1.344132 29.722908 -4.671648 13.063916 14.302017 6.684710 1.447587 -1.685686 -6.460344 -1.090682 -9.454536 -70.368586 -0.345664 35.445912 8.996796 -5.853843 19.455224 3.432403 -9.205315 -1.433719 -3.084968 -1.892599 6.173805 3.473343 5.136916 -6.543197 8.002091 -0.000000 0.000000 0.000000 7.176035 -1.794621 6.574040 -3.888037 9.984255 -2.827290 -5.590519 -11.699719 -8.745971 -0.000000 0.000000 -0.000000
-0.560463 94.907164 136.737510 19.561510 0.881859 -1.476510 -1.417076 7.284397 -0.599575 -0.594313 -2.586967 -0.243496 -0.594626 3.233152 -0.303920 -0.467321 8.261802 -0.226924 0.979731 6.674369 0.580131 1.655113 -23.634082 0.643279 -2.312777 -0.432802 10.232539 17.794090 -10.848702 61.072212 1.360834 29.714532 -4.666836 13.055483 14.301557 6.698610 1.435280 -1.626949 -6.402605 -1.248087 -9.802432 -70.177057 -0.381376 35.453732 8.967906 -5.837896 19.484020 3.402176 -9.287237 -2.170937 -3.015907 -1.942360 6.868112 3.459546 5.278051 -6.794453 8.016883 0.000000 0.000000 0.000000 7.464120 -2.608721 6.606753 -3.824495 10.922421 -2.877310 -6.032232 -12.178092 -8.776630 0.000000 0.000000 0.000000
-0.631809 94.836575 136.703015 19.500658 1.264816 -1.471507 -1.384979 7.263336 -0.603813 -0.579797 -2.596355 -0.245949 -0.580092 3.223779 -0.304897 -0.456506 8.254766 -0.227747 0.992880 6.582843 0.574079 1.685339 -23.803934 0.623268 -2.334913 -0.414274 10.233040 17.902247 -11.089241 60.900585 1.367835 29.689634 -4.665181 13.045746 14.299888 6.698867 1.423787 -1.556072 -6.329159 -1.452600 -10.194387 -70.002651 -0.362161 35.489450 8.979734 -5.810843 19.505262 3.372903 -9.562869 -3.058793 -2.946122 -1.840922 7.789135 3.446722 5.517358 -7.179750 8.016199 0.000000 0.000000 -0.000000 7.708236 -3.604894 6.599860 -3.765617 12.107223 -2.911015 -6.444236 -12.724481 -8.837497 -0.000000 0.000000 0.000000
-0.699277 94.735306 136.642277 19.400282 1.682201 -1.459435 -1.327820 7.246165 -0.612435 -0.553854 -2.604033 -0.250722 -0.554126 3.216127 -0.307032 -0.437209 8.249015 -0.229505 0.999830 6.487887 0.574619 1.699716 -23.980241 0.619674 -2.338888 -0.341538 10.216414 17.993079 -11.407644 60.727520 1.358379 29.631331 -4.670334 13.043921 14.315200 6.707852 1.405421 -1.464820 -6.232837 -1.707385 -10.630456 -69.845598 -0.297427 35.527929 9.018313 -5.780721 19.533673 3.329111 -9.746816 -4.183486 -2.866074 -1.767258 9.057728 3.444496 5.787263 -7.698495 7.964096 0.000000 0.000000 -0.000000 7.851390 -4.800280 6.571790 -3.640885 13.587981 -2.943090 -6.833609 -13.371889 -8.920817 -0.000000 0.000000 0.000000
-0.802927 94.610956 136.484556 19.283120 2.144987 -1.437626 -1.254491 7.231559 -0.632021 -0.520044 -2.610563 -0.260596 -0.520291 3.209629 -0.313468 -0.412323 8.244128 -0.234558 0.993637 6.394002 0.588018 1.680833 -24.154742 0.648926 -2.343503 -0.235289 10.175671 18.084360 -11.775246 60.581058 1.358715 29.565759 -4.683388 13.037286 14.339257 6.731180 1.336718 -1.361206 -6.104121 -1.980435 -11.107773 -69.678425 -0.243993 35.549270 9.036865 -5.730311 19.590557 3.266756 -9.433696 -5.669154 -2.713346 -2.045454 10.753871 3.380328 5.932558 -8.075760 7.977006 -0.000000 0.000000 0.000000 7.665997 -6.315749 6.469143 -3.373286 15.450138 -2.973215 -7.075216 -14.040652 -9.044878 -0.000000 0.000000 0.000000
-0.965217 94.455180 136.237522 19.140174 2.655302 -1.393115 -1.165396 7.215170 -0.666837 -0.478298 -2.617871 -0.277468 -0.478515 3.202358 -0.326095 -0.381931 8.238658 -0.244339 0.975722 6.307958 0.610137 1.633569 -24.314800 0.702158 -2.345281 -0.130689 10.127150 18.200202 -12.146357 60.432453 1.356140 29.534436 -4.703861 13.034611 14.355506 6.768716 1.234692 -1.264985 -5.946276 -2.260775 -11.596058 -69.507093 -0.213224 35.570786 9.048162 -5.693644 19.662865 3.181974 -8.611518 -7.558928 -2.556078 -2.625902 12.894598 3.254776 5.851117 -8.448525 8.061947 -0.000000 0.000000 0.000000 7.478944 -7.904296 6.339492 -3.077576 17.444023 -2.997284 -7.320199 -14.791892 -9.238216 0.000000 0.000000 -0.000000
-1.132107 94.246132 135.925189 18.991720 3.226883 -1.326857 -1.081991 7.187302 -0.711891 -0.438483 -2.630260 -0.298816 -0.438668 3.190001 -0.343395 -0.353324 8.229376 -0.257647 0.954268 6.233324 0.636929 1.576455 -24.453689 0.766937 -2.329643 -0.020499 10.063763 18.378328 -12.513604 60.260258 1.351970 29.534148 -4.731907 13.033532 14.382210 6.819953 1.128646 -1.184507 -5.769531 -2.545425 -12.080900 -69.342943 -0.214866 35.583751 9.061791 -5.665364 19.702851 3.088682 -7.970725 -9.699989 -2.635924 -2.942999 15.358317 3.377234 5.729851 -8.969938 8.113359 -0.000000 0.000000 0.000000 7.634823 -9.708688 6.263811 -3.103342 19.708591 -3.150659 -7.629228 -15.667929 -9.549091 -0.000000 0.000000 -0.000000
-1.328581 93.960345 135.593635 18.855360 3.758214 -1.275950 -1.009739 7.196825 -0.751381 -0.403914 -2.626042 -0.317418 -0.404083 3.194245 -0.358483 -0.328490 8.232544 -0.269246 0.930264 6.166307 0.666229 1.512663 -24.578418 0.838353 -2.345167 0.098438 9.974638 18.671656 -12.896555 60.068283 1.341660 29.553075 -4.767415 13.036644 14.408114 6.881531 1.010700 -1.061049 -5.551312 -2.840966 -12.632691 -69.193590 -0.247240 35.565574 9.061975 -5.624944 19.745731 3.020564 -8.017594 -11.803917 -2.845271 -2.648229 17.960550 3.782879 5.649289 -9.675189 8.242428 0.000000 0.000000 0.000000 8.109920 -11.605889 6.214487 -3.413370 22.201589 -3.329471 -7.899261 -16.519975 -10.227024 -0.000000 0.000000 0.000000
-1.438921 93.638159 135.342598 18.720383 4.286690 -1.227628 -0.939930 7.224240 -0.787666 -0.370595 -2.613887 -0.334520 -0.370753 3.206423 -0.372197 -0.304493 8.241661 -0.279797 0.897151 6.086218 0.684362 1.436464 -24.727329 0.892288 -2.435902 0.229989 9.847958 19.084797 -13.301880 59.880625 1.341777 29.540012 -4.812336 13.042175 14.419012 6.948729 0.882143 -0.900498 -5.306801 -3.173298 -13.243902 -69.036629 -0.298581 35.569729 9.067172 -5.582055 19.822847 2.955834 -8.330532 -13.921226 -3.028661 -2.241854 20.660586 4.205120 5.782641 -10.528597 8.414738 0.000000 0.000000 -0.000000 8.694460 -13.652442 6.266588 -3.864211 24.913621 -3.758562 -8.312278 -17.378330 -10.723612 0.000000 0.000000 0.000000
-1.557018 93.258518 135.079910 18.585045 4.758006 -1.218354 -0.869807 7.276837 -0.794713 -0.338864 -2.590613 -0.338613 -0.339019 3.229717 -0.373065 -0.280762 8.259112 -0.280615 0.862397 5.988902 0.686363 1.365607 -24.908112 0.914679 -2.478183 0.381265 9.726096 19.502869 -13.706062 59.619842 1.359030 29.454780 -4.844573 13.039376 14.417409 6.993067 0.768223 -0.690130 -5.073313 -3.580697 -13.891382 -68.852329 -0.342876 35.620295 9.091592 -5.530011 19.909768 2.858092 -8.655507 -16.028944 -3.104047 -1.954549 23.513930 4.491551 6.051267 -11.441883 8.646096 -0.000000 0.000000 -0.000000 8.780437 -15.841117 6.395107 -3.957457 27.889787 -4.223465 -8.547585 -18.066929 -11.267200 0.000000 0.000000 -0.000000
-1.648237 92.816578 134.769537 18.445364 5.228511 -1.224412 -0.778046 7.320246 -0.784174 -0.298586 -2.571496 -0.335289 -0.298730 3.248857 -0.365646 -0.250030 8.273441 -0.275209 0.816593 5.890777 0.678158 1.277876 -25.090341 0.922662 -2.537273 0.544176 9.626729 19.936807 -14.104402 59.262725 1.380671 29.323982 -4.852568 13.021496 14.399098 7.031823 0.644884 -0.380333 -4.827433 -4.092967 -14.621372 -68.645495 -0.355200 35.693227 9.146047 -5.459552 19.937388 2.707115 -8.714677 -18.146973 -3.331492 -1.852666 26.523633 4.889129 6.108010 -12.327205 9.315150 -0.000000 0.000000 0.000000 8.211750 -18.175003 6.693607 -3.496858 31.082638 -4.677430 -8.784194 -18.892915 -11.757021 0.000000 -0.000000 0.000000
-1.709646 92.310043 134.486114 18.317313 5.661796 -1.203313 -0.731176 7.375355 -0.756306 -0.279330 -2.547131 -0.323565 -0.279476 3.273231 -0.351965 -0.234608 8.291709 -0.264950 0.803848 5.800966 0.640175 1.273142 -25.256973 0.852518 -2.507394 0.661510 9.485589 20.372249 -14.489899 58.848665 1.367527 29.163639 -4.871399 12.989467 14.379449 7.078989 0.632163 -0.088669 -4.663465 -4.672678 -15.360442 -68.404489 -0.339542 35.703212 9.220905 -5.370719 19.956906 2.512131 -8.738750 -20.239997 -3.706381 -1.799037 29.664411 5.378669 6.319497 -13.239418 9.944846 -0.000000 0.000000 0.000000 7.786018 -20.383484 7.004614 -3.322996 34.181528 -5.266122 -8.889054 -19.893615 -12.160790 0.000000 -0.000000 -0.000000
-1.734969 91.739701 134.278330 18.262110 6.060693 -1.093361 -0.725505 7.456611 -0.753638 -0.276836 -2.511032 -0.322309 -0.276998 3.309332 -0.350456 -0.232622 8.318782 -0.263816 0.797651 5.713371 0.602367 1.281660 -25.419474 0.779036 -2.497596 0.602503 9.366768 20.793571 -14.767443 58.445233 1.329454 28.970072 -4.918545 12.950595 14.393457 7.134754 0.630149 0.075469 -4.559761 -5.219728 -16.040565 -68.127072 -0.324843 35.633150 9.301931 -5.274235 20.063035 2.346906 -8.937520 -22.413661 -4.118332 -1.526374 32.980576 5.887741 6.576702 -14.282984 10.542731 -0.000000 -0.000000 -0.000000 8.150623 -22.383728 7.021150 -3.582020 37.090948 -5.668765 -9.440119 -20.940011 -12.726839 0.000000 -0.000000 -0.000000
-1.799048 91.076254 134.076731 18.276242 6.401041 -0.932303 -0.758591 7.547265 -0.759580 -0.291051 -2.470677 -0.324219 -0.291243 3.349679 -0.353813 -0.243510 8.349052 -0.266274 0.803359 5.650917 0.572117 1.310130 -25.535283 0.714315 -2.427448 0.341216 9.309077 21.068278 -14.866538 58.055266 1.285447 28.798275 -4.977063 12.910494 14.411735 7.175638 0.651953 0.172709 -4.506496 -5.696322 -16.670369 -67.827468 -0.326252 35.555096 9.369588 -5.172564 20.218593 2.228841 -8.861464 -24.802228 -4.609698 -1.361203 36.528274 6.346945 6.582775 -15.259838 11.003762 -0.000000 0.000000 0.000000 7.871793 -24.375851 7.409745 -3.435402 40.248528 -6.245203 -10.044742 -22.091283 -13.371321 -0.000000 0.000000 0.000000
-1.850379 90.314268 133.846645 18.347675 6.702156 -0.797071 -0.784502 7.647662 -0.755037 -0.302697 -2.426024 -0.321568 -0.302923 3.394327 -0.352348 -0.252129 8.382544 -0.265092 0.796036 5.584351 0.561454 1.301479 -25.658861 0.696360 -2.412665 0.078100 9.285099 21.252647 -15.005857 57.672879 1.255928 28.660552 -5.007286 12.880176 14.412526 7.189733 0.670784 0.113687 -4.471164 -6.138628 -17.162232 -67.500007 -0.349424 35.534439 9.429605 -5.075685 20.341186 2.127254 -8.138007 -27.149268 -5.730707 -1.343269 40.081940 7.329450 6.312988 -16.105951 11.313963 0.000000 -0.000000 -0.000000 7.461465 -26.463271 7.919761 -3.923800 43.497796 -7.217262 -9.943443 -23.163472 -14.024988 0.000000 0.000000 -0.000000
-1.912520 89.493753 133.637635 18.468563 7.036858 -0.677078 -0.800494 7.725254 -0.744345 -0.310348 -2.391534 -0.316398 -0.310600 3.428812 -0.347957 -0.257545 8.408412 -0.261717 0.774380 5.513866 0.570816 1.252679 -25.789855 0.726924 -2.436056 -0.037061 9.287649 21.382842 -15.310204 57.238113 1.246388 28.546803 -4.994800 12.855728 14.412256 7.187786 0.634892 0.120099 -4.435339 -6.543326 -17.731854 -67.111913 -0.406647 35.546691 9.450434 -4.972383 20.486629 2.022873 -7.836909 -29.447259 -6.557060 -1.457262 43.604331 7.940265 6.376991 -16.776025 11.674898 0.000000 -0.000000 0.000000 7.851974 -28.605179 8.104092 -5.674838 46.532186 -8.679441 -9.624513 -23.975642 -14.488534 -0.000000 -0.000000 -0.000000
-2.013769 88.635053 133.478137 18.604571 7.412158 -0.547469 -0.806224 7.789433 -0.744465 -0.312787 -2.363001 -0.316214 -0.313057 3.457344 -0.348022 -0.259373 8.429812 -0.261747 0.748279 5.436548 0.588111 1.190363 -25.933564 0.776130 -2.343367 0.021833 9.331232 21.406576 -15.820007 56.703714 1.226693 28.444466 -4.966964 12.830060 14.415101 7.182502 0.546303 0.269321 -4.362863 -6.914897 -18.480120 -66.664056 -0.479939 35.623990 9.435640 -4.867461 20.618337 1.880710 -8.054970 -31.835675 -6.872440 -1.700412 47.148699 7.850262 6.672245 -17.206588 12.208014 0.000000 -0.403709 0.000000 8.630553 -30.810363 8.057188 -7.017187 49.673112 -9.569985 -10.098236 -24.630004 -15.039495 -0.000000 -0.000000 -0.000000
-2.140136 87.710783 133.353820 18.715510 7.828776 -0.460619 -0.793192 7.834816 -0.726493 -0.308026 -2.342887 -0.308375 -0.308303 3.477461 -0.339699 -0.255206 8.444896 -0.255467 0.720397 5.358209 0.606134 1.123876 -26.079141 0.827957 -2.398226 -0.012593 9.312624 21.520696 -16.234998 56.310869 1.201375 28.329371 -4.968498 12.803206 14.428176 7.200243 0.454394 0.429855 -4.289244 -7.288502 -19.247116 -66.174545 -0.556775 35.748928 9.407432 -4.742078 20.745322 1.730253 -7.613634 -34.340890 -7.643169 -1.820743 50.766603 8.118527 6.731604 -17.448493 12.787245 0.000000 -2.006235 -0.000000 8.937842 -33.173887 8.440312 -7.745420 53.143629 -10.259031 -11.071204 -25.124706 -15.744076 -0.000000 -0.000000 -0.000000
-2.247407 86.712067 133.230586 18.819498 8.268746 -0.462581 -0.780520 7.874619 -0.661689 -0.306344 -2.325339 -0.279802 -0.306632 3.495010 -0.310956 -0.251894 8.458051 -0.233709 0.702194 5.276386 0.618047 1.080331 -26.231136 0.862093 -2.362206 0.006839 9.261325 21.582921 -16.705336 55.937320 1.174918 28.198057 -4.991436 12.777320 14.434686 7.224205 0.403829 0.549978 -4.227835 -7.687639 -19.965778 -65.675263 -0.622295 35.871580 9.385259 -4.637744 20.874245 1.601633 -6.972243 -36.835397 -8.588552 -1.201284 54.304062 9.037489 6.568804 -17.692808 13.374403 0.000000 -3.455489 -0.000000 9.054890 -35.752631 8.939997 -8.867547 56.782767 -11.256718 -12.009210 -25.354589 -16.456831 0.000000 -0.000000 0.000000
-2.358491 85.633832 133.071798 18.932812 8.659818 -0.534059 -0.777765 7.952849 -0.555926 -0.311585 -2.290771 -0.232849 -0.311902 3.529574 -0.264537 -0.252516 8.483967 -0.198520 0.699115 5.177984 0.605255 1.081373 -26.413839 0.837520 -2.240065 0.031784 9.192478 21.592813 -17.199546 55.570760 1.158051 28.071261 -5.016627 12.746635 14.438722 7.242582 0.368620 0.614599 -4.187845 -8.140073 -20.597046 -65.150023 -0.696765 35.921210 9.355684 -4.576402 20.975858 1.518020 -6.854693 -39.259101 -9.009198 0.158598 57.708513 10.147387 6.297443 -18.058260 13.884035 0.000000 -4.618512 0.000000 8.505064 -38.570278 9.736204 -10.703195 60.641488 -13.101107 -12.534523 -25.455705 -17.162430 0.000000 0.000000 0.000000
-2.502070 84.477963 132.905854 19.011048 8.992425 -0.598144 -0.778442 8.070230 -0.447213 -0.318532 -2.238800 -0.184463 -0.318892 3.581541 -0.216861 -0.254334 8.522932 -0.162359 0.710177 5.071225 0.577137 1.119956 -26.611999 0.773655 -2.106102 0.023584 9.101652 21.678298 -17.646414 55.178894 1.136284 27.965502 -5.024212 12.733953 14.430234 7.265144 0.335978 0.617651 -4.200327 -8.656575 -21.097748 -64.572699 -0.779551 35.896422 9.327017 -4.557269 21.021887 1.482529 -6.527771 -41.628688 -9.520737 1.736636 61.096042 11.643863 6.049422 -18.400968 14.206092 0.000000 -5.946382 0.000000 7.013483 -41.177024 11.330269 -14.144525 64.198764 -17.133012 -12.533525 -25.615991 -17.614453 0.000000 -0.000000 -0.000000
-2.645610 83.330426 132.725231 19.011426 9.303391 -0.531258 -0.750763 8.191696 -0.407579 -0.308578 -2.184911 -0.167168 -0.308956 3.635436 -0.198555 -0.245567 8.563344 -0.148536 0.714298 4.995583 0.556720 1.140117 -26.752387 0.729391 -2.022639 0.182433 8.987391 21.955181 -18.203724 54.694704 1.065174 27.845752 -5.014480 12.737867 14.410300 7.279123 0.173139 0.803890 -4.208333 -9.196992 -21.671095 -63.943333 -0.832798 35.794786 9.330652 -4.573336 20.988457 1.458564 -6.265427 -43.952667 -10.114437 3.897240 64.354819 13.687181 5.903899 -18.520670 14.383311 -0.000000 -7.717857 -0.000000 6.208118 -43.507443 12.308030 -18.842914 67.180993 -22.038649 -12.502497 -25.762905 -17.814479 0.000000 -0.000000 0.000000
-2.756912 82.155103 132.611042 19.005286 9.609824 -0.451565 -0.704044 8.278371 -0.384348 -0.289166 -2.146467 -0.157557 -0.289541 3.673891 -0.186971 -0.230184 8.592175 -0.139866 0.704483 4.996333 0.545821 1.126292 -26.750961 0.712748 -2.090767 0.490819 8.839404 22.463923 -18.793394 54.221432 0.939483 27.697038 -5.023587 12.753902 14.422214 7.295537 -0.077826 1.106594 -4.202150 -9.726336 -22.238693 -63.258654 -0.860528 35.659865 9.310724 -4.594861 20.901383 1.411414 -5.797557 -46.251029 -10.917178 6.676158 67.472906 16.502314 5.764113 -18.366306 14.500082 -0.000000 -9.750724 -0.000000 5.349923 -45.639264 13.396455 -23.642481 69.746528 -27.296585 -12.603404 -25.674283 -17.928633 0.000000 0.000000 0.000000
-2.856104 80.996563 132.498240 18.943508 9.963138 -0.344586 -0.655423 8.326585 -0.371552 -0.268292 -2.125097 -0.152682 -0.268649 3.695270 -0.179973 -0.214029 8.608201 -0.134685 0.702539 5.033133 0.499667 1.148393 -26.682412 0.619962 -2.045225 0.757727 8.689332 22.912977 -19.289373 53.777783 0.809452 27.569373 -5.077891 12.769522 14.444035 7.331707 -0.234594 1.337369 -4.208208 -10.239530 -22.702640 -62.627942 -0.863890 35.509821 9.288814 -4.588979 20.823322 1.314726 -5.213179 -48.675937 -11.755130 10.431242 70.558554 20.170651 5.760392 -18.001752 14.643117 -0.000000 -12.007215 0.000000 5.102082 -47.771355 14.037542 -29.104913 72.033169 -32.960268 -12.734206 -25.237497 -17.996717 -0.000000 -0.000000 -0.000000
-2.937188 79.808440 132.329464 18.821764 10.304041 -0.301575 -0.596305 8.393022 -0.341019 -0.243853 -2.095659 -0.140130 -0.244191 3.724720 -0.164936 -0.194629 8.630278 -0.123436 0.705504 5.053933 0.428564 1.194628 -26.643382 0.473537 -1.986564 0.978650 8.510880 23.338350 -19.778066 53.405789 0.730462 27.487283 -5.139407 12.788991 14.468320 7.369435 -0.300964 1.394344 -4.183621 -10.614814 -23.052897 -62.127843 -0.914614 35.363470 9.242207 -4.516721 20.820682 1.178445 -4.138177 -51.133290 -12.974939 14.751952 73.584445 24.673688 6.109084 -17.449015 14.758768 -0.000000 -14.258189 -0.000000 4.461295 -49.985696 15.060989 -36.038798 74.176810 -40.344260 -12.798565 -24.591914 -18.036570 -0.000000 -0.000000 0.000000
-2.981608 78.529315 132.087214 18.718311 10.597145 -0.285314 -0.555087 8.532841 -0.301372 -0.227917 -2.033598 -0.123135 -0.228259 3.786788 -0.146321 -0.181356 8.676820 -0.109419 0.700513 5.012147 0.363788 1.221445 -26.720574 0.344036 -1.996048 1.023443 8.343321 23.774030 -20.210960 53.093492 0.722575 27.446542 -5.185046 12.812041 14.458925 7.399156 -0.379940 1.341651 -4.117749 -10.781813 -23.436526 -61.729329 -1.054235 35.197178 9.116369 -4.422047 20.789747 1.041106 -2.476505 -53.535549 -14.834978 20.946331 76.476431 31.360589 6.519149 -17.026972 14.760240 0.000000 -15.997287 0.000000 3.296592 -52.241002 16.477298 -45.816059 75.918609 -50.681626 -12.717814 -23.900151 -18.009406 0.000000 0.000000 0.000000
-3.033668 77.170948 131.824821 18.666883 10.847532 -0.249417 -0.530613 8.682928 -0.254302 -0.219924 -1.966966 -0.102561 -0.220281 3.853423 -0.124937 -0.173848 8.726789 -0.093253 0.670200 4.954387 0.314749 1.187922 -26.827632 0.260764 -2.020839 0.945614 8.254410 24.207711 -20.470219 52.728859 0.759569 27.369246 -5.184876 12.836947 14.421703 7.424681 -0.535717 1.392191 -4.052337 -10.855077 -23.880797 -61.354737 -1.234910 34.984010 8.917572 -4.303567 20.827011 0.981942 -1.279091 -55.888796 -16.376723 31.312484 78.872447 41.927489 6.775741 -16.630986 14.503541 0.000000 -17.744338 -0.000000 1.608971 -54.431930 18.202816 -58.339435 76.993588 -63.778414 -12.422068 -23.339379 -17.880333 0.000000 -0.000000 0.000000
-3.102795 75.842856 131.541197 18.606204 11.038757 -0.251494 -0.522688 8.874388 -0.211443 -0.219036 -1.881928 -0.083508 -0.219426 3.938461 -0.105795 -0.171833 8.790563 -0.078735 0.650200 4.874554 0.296884 1.157899 -26.975862 0.234990 -1.952000 0.945387 8.217637 24.699657 -20.809407 52.233248 0.810932 27.240100 -5.144447 12.855608 14.352759 7.461403 -0.629124 1.496855 -3.979859 -11.033556 -24.343231 -60.914606 -1.396202 34.757672 8.713401 -4.259862 20.748221 0.948706 -0.351927 -58.113908 -17.558958 44.943223 80.486172 55.650631 6.770117 -16.133268 14.061806 0.000000 -19.342505 -0.000000 0.592107 -56.447001 19.343057 -70.415128 77.372508 -76.121073 -12.014152 -22.722059 -17.542027 0.000000 -0.000000 0.000000
-3.238783 74.568275 131.255215 18.561540 11.276039 -0.307461 -0.527191 9.002038 -0.133007 -0.226031 -1.825286 -0.048576 -0.226461 3.995101 -0.071577 -0.174676 8.833035 -0.052748 0.641646 4.815570 0.272016 1.155105 -27.085262 0.188559 -1.856210 1.050557 8.156376 25.225556 -21.114226 51.719809 0.849412 27.079600 -5.120248 12.883218 14.309926 7.482895 -0.696193 1.705080 -3.934532 -11.263676 -24.776601 -60.495672 -1.478798 34.631613 8.619933 -4.242128 20.706520 0.922369 -0.030907 -60.310668 -18.062671 60.393850 81.388721 70.982475 6.660321 -15.569814 13.437648 0.000000 -20.900841 0.000000 -0.619150 -58.475976 20.653722 -82.352724 77.202423 -88.338624 -11.155037 -22.217552 -17.124685 0.000000 -0.037130 0.000000
-3.437121 73.325598 130.962283 18.487038 11.546564 -0.410869 -0.511587 9.121934 -0.024097 -0.226094 -1.772124 -0.000588 -0.226551 4.048262 -0.023597 -0.171353 8.872890 -0.016376 0.638515 4.721695 0.235193 1.170615 -27.259328 0.114185 -1.768274 1.141702 8.064502 25.752885 -21.381491 51.219769 0.868566 26.924895 -5.123890 12.905431 14.281210 7.481377 -0.772413 1.899186 -3.918118 -11.445257 -25.216884 -60.164316 -1.497872 34.626280 8.662624 -4.202578 20.743423 0.922184 0.492891 -62.459873 -18.689803 76.220598 81.870752 86.839354 6.869159 -14.912781 12.674828 -0.000000 -22.506626 0.000000 -1.983206 -60.532009 22.189336 -93.607928 76.464594 -99.845740 -9.801688 -21.782542 -16.697982 -0.000000 -2.341513 0.000000
-3.595882 72.135118 130.623945 18.424987 11.862641 -0.494438 -0.489539 9.217876 0.069157 -0.222327 -1.729581 0.040302 -0.222796 4.090807 0.017675 -0.165631 8.904784 0.014888 0.626848 4.600620 0.209525 1.162634 -27.484037 0.067133 -1.707759 1.241844 7.997399 26.225150 -21.636220 50.731621 0.875159 26.825625 -5.142547 12.927483 14.230534 7.503519 -0.826184 1.970538 -3.926750 -11.585318 -25.521138 -59.891582 -1.511617 34.603256 8.734605 -4.160305 20.740664 0.948497 1.240152 -64.634993 -19.532239 92.569917 81.729128 103.273090 6.924734 -14.282112 11.985598 0.000000 -24.232272 0.000000 -2.131416 -62.672005 22.510797 -101.711771 75.210631 -108.039381 -8.056731 -20.954939 -15.936435 -0.000000 -4.800154 0.000000
-3.697570 70.996184 130.195809 18.393964 12.217430 -0.528644 -0.488558 9.311714 0.133940 -0.226117 -1.687940 0.069009 -0.226615 4.132446 0.045995 -0.166497 8.936002 0.036389 0.615033 4.434828 0.194773 1.148540 -27.791882 0.041992 -1.681551 1.306712 7.908123 26.597940 -21.918547 50.346178 0.894613 26.771307 -5.164009 12.945248 14.203111 7.542897 -0.888941 2.009642 -3.909938 -11.654133 -25.803321 -59.664390 -1.568925 34.450367 8.724117 -4.153264 20.698060 1.009733 2.802103 -66.787159 -21.235123 105.995096 81.081138 117.072452 6.783576 -13.388185 11.491742 0.000000 -26.047697 -0.000000 -2.135451 -64.862949 22.561916 -108.079450 73.931894 -114.468059 -6.424663 -19.986304 -15.285393 0.000000 -7.424657 -0.000000
-3.808983 69.890265 129.738003 18.309637 12.519278 -0.573448 -0.485600 9.469345 0.183998 -0.228114 -1.617930 0.091219 -0.228647 4.202455 0.068000 -0.166473 8.988499 0.053109 0.618125 4.190859 0.194227 1.157585 -28.244930 0.036445 -1.665542 1.223028 7.826254 26.883881 -22.144172 50.058918 0.940338 26.753380 -5.164166 12.967677 14.154436 7.580832 -0.949365 1.972051 -3.894038 -11.681392 -26.042651 -59.445838 -1.657868 34.250197 8.655778 -4.219018 20.652534 1.087700 4.983606 -68.788188 -23.421147 115.233425 79.639910 126.806991 6.184499 -12.506720 11.299653 0.000000 -27.717717 -0.000000 -2.757445 -66.931997 23.212356 -113.593310 72.762342 -120.137491 -5.353851 -19.036833 -14.955909 -0.000000 -9.999385 0.000000
-3.956811 68.806736 129.297951 18.217797 12.757979 -0.624397 -0.472733 9.656734 0.219585 -0.224795 -1.534674 0.106844 -0.225355 4.285712 0.083959 -0.162891 9.050935 0.065218 0.616116 3.910906 0.219525 1.141186 -28.765049 0.086797 -1.582353 1.279433 7.755658 27.102293 -22.474387 49.733353 0.981934 26.732927 -5.132787 13.009983 14.035216 7.596192 -1.051961 2.118325 -3.817688 -11.706116 -26.427217 -59.223175 -1.718933 34.156766 8.592223 -4.369090 20.560639 1.188497 7.968517 -70.533125 -26.299198 120.618634 77.816400 132.871366 5.473128 -11.828959 11.138199 0.000000 -28.799989 0.000000 -4.280054 -68.841504 24.805492 -118.446895 71.614533 -125.325071 -4.944901 -18.139505 -14.726088 -0.000000 -12.309907 0.000000
-4.094900 67.753621 128.879844 18.135236 12.885076 -0.678549 -0.456198 9.887414 0.252320 -0.219705 -1.432171 0.121146 -0.220294 4.388218 0.098777 -0.158070 9.127808 0.076459 0.606990 3.626651 0.247518 1.108130 -29.293208 0.147303 -1.400950 1.437526 7.656708 27.275459 -22.853842 49.378070 0.975431 26.677935 -5.078610 13.060136 13.913579 7.622871 -1.156167 2.257392 -3.755381 -11.736496 -26.794645 -59.005490 -1.726831 34.218295 8.579750 -4.511195 20.461836 1.280623 11.659762 -71.951965 -29.880036 123.891201 76.063073 136.837963 4.903023 -11.302755 11.065130 -0.000000 -29.428947 -0.000000 -6.250035 -70.552222 26.894605 -122.279229 70.322164 -129.542206 -4.909983 -17.248924 -14.529072 -0.000000 -14.320495 0.000000
-4.188362 66.724088 128.493827 18.056772 12.933516 -0.722577 -0.426924 10.141063 0.266732 -0.207768 -1.319434 0.127072 -0.208368 4.500959 0.105915 -0.148649 9.212363 0.081833 0.581226 3.359642 0.270905 1.042687 -29.789366 0.209005 -1.180633 1.617039 7.568337 27.420600 -23.203259 49.032847 0.906813 26.684457 -5.046601 13.117799 13.857687 7.662409 -1.244547 2.247821 -3.688355 -11.751619 -27.006018 -58.842455 -1.721570 34.358386 8.618631 -4.588062 20.420896 1.354651 15.447998 -73.227521 -33.635148 126.707606 74.430609 140.256838 4.443228 -10.833300 11.034717 0.000000 -30.061838 0.000000 -8.077021 -72.119493 28.847024 -125.015383 68.863380 -132.499889 -4.850416 -16.326569 -14.552214 0.000000 -16.144478 -0.000000
-4.268101 65.710319 128.127898 17.964729 12.963601 -0.739034 -0.411443 10.381410 0.251397 -0.199970 -1.212592 0.120135 -0.200586 4.607804 0.099769 -0.143258 9.292500 0.077161 0.565099 3.126677 0.287670 1.000546 -30.222183 0.251878 -1.045227 1.839131 7.447755 27.651346 -23.582208 48.743611 0.775035 26.844614 -5.063914 13.187567 13.875775 7.707896 -1.301833 2.171626 -3.628393 -11.740395 -27.128170 -58.717594 -1.709460 34.445782 8.670543 -4.637223 20.466192 1.452547 18.693643 -74.526259 -36.939309 128.483314 72.777059 142.555151 3.739693 -10.321473 10.886036 0.000000 -30.653334 -0.000000 -10.496934 -73.506497 31.434452 -126.264027 67.085381 -134.266201 -4.343087 -15.430903 -14.601476 0.000000 -17.835614 -0.000000
-4.324944 64.718390 127.791162 17.867632 12.945236 -0.699271 -0.415515 10.609354 0.187983 -0.197585 -1.111234 0.092420 -0.198226 4.709163 0.072294 -0.143409 9.368531 0.056352 0.555486 2.930800 0.320333 0.961552 -30.586167 0.324552 -1.046127 1.874139 7.376910 27.880431 -23.773478 48.656636 0.637024 27.118133 -5.153747 13.236739 13.938888 7.743266 -1.355076 2.202917 -3.544845 -11.721625 -27.296821 -58.585958 -1.696356 34.458809 8.681788 -4.708795 20.508753 1.580489 21.634311 -75.776359 -40.017684 129.231399 70.938856 143.805781 2.774516 -9.840064 10.569049 0.000000 -31.291697 -0.000000 -13.062404 -74.726846 34.114875 -126.446765 65.080667 -135.284810 -3.232859 -14.657267 -14.409568 0.000000 -19.403892 -0.000000
-4.376475 63.730392 127.518245 17.785215 12.878390 -0.613442 -0.428724 10.828742 0.094066 -0.197115 -1.013653 0.051487 -0.197785 4.806744 0.031406 -0.145916 9.441732 0.025380 0.537253 2.764577 0.374116 0.890761 -30.895159 0.447400 -1.069754 1.913010 7.349160 28.086178 -23.924468 48.625309 0.552578 27.295055 -5.236841 13.281655 13.990814 7.724446 -1.407904 2.326194 -3.440074 -11.751397 -27.468567 -58.457530 -1.692806 34.374814 8.679139 -4.810588 20.498419 1.731268 25.408431 -76.823686 -43.965070 129.213886 68.917300 144.370656 1.565190 -9.441787 10.319563 -0.000000 -31.319448 -0.000000 -16.304800 -75.736123 37.453492 -126.402237 63.067370 -136.149921 -1.983627 -14.084475 -14.179439 -0.000000 -20.852738 0.000000
-4.434611 62.737480 127.324434 17.734350 12.762625 -0.539354 -0.446587 11.049641 0.012533 -0.199478 -0.915403 0.016166 -0.200187 4.904993 -0.004158 -0.150172 9.515431 -0.001538 0.507765 2.626108 0.418271 0.801731 -31.152499 0.557845 -1.052333 2.028846 7.298968 28.280594 -24.095738 48.568620 0.549715 27.255808 -5.262044 13.338940 13.971554 7.668547 -1.432622 2.389436 -3.356446 -11.801387 -27.539973 -58.365170 -1.709212 34.258212 8.689387 -4.953910 20.447632 1.865343 30.695487 -77.529081 -49.472327 128.662824 66.789152 144.630659 0.322034 -9.102959 10.062473 0.000000 -31.907191 -0.000000 -19.983593 -76.556168 41.185404 -126.845460 61.398570 -137.226630 -1.097003 -13.623491 -14.016385 -0.000000 -22.280098 -0.000000
-4.522042 61.745697 127.211040 17.706560 12.650581 -0.518501 -0.466264 11.242573 -0.028668 -0.205366 -0.829616 -0.001326 -0.206126 4.990778 -0.022253 -0.155861 9.579776 -0.015185 0.481592 2.504960 0.433225 0.737565 -31.377527 0.605440 -0.949018 2.044163 7.277107 28.423838 -24.071079 48.480774 0.609405 27.080860 -5.236136 13.397116 13.935142 7.624649 -1.430255 2.390316 -3.338528 -11.806952 -27.544183 -58.326916 -1.726240 34.171432 8.714445 -5.132746 20.336970 1.998485 36.886477 -77.985848 -55.920767 128.217414 64.782634 144.984710 -0.744633 -8.815587 9.883340 0.000000 -32.350805 0.000000 -24.253106 -77.177238 45.565624 -127.576560 60.033671 -138.356942 -0.292851 -13.231998 -13.920365 -0.000000 -23.945328 0.000000
-4.596618 60.747501 127.133294 17.698734 12.540527 -0.538940 -0.492200 11.384294 -0.032120 -0.216639 -0.766624 -0.002064 -0.217465 5.053766 -0.024142 -0.164474 9.627018 -0.016504 0.453623 2.433218 0.427116 0.682717 -31.510744 0.610202 -0.837227 2.150222 7.227300 28.587306 -24.019489 48.361104 0.684550 26.960220 -5.216805 13.435642 13.925399 7.616357 -1.378056 2.417018 -3.375738 -11.743438 -27.553371 -58.349636 -1.758398 34.155347 8.712619 -5.286084 20.276866 2.119770 43.015716 -78.266530 -62.337064 128.244698 63.136264 145.610720 -1.417140 -8.486020 9.819083 0.000000 -32.870914 -0.000000 -28.767153 -77.739156 50.197287 -128.435850 58.850386 -139.555993 0.322904 -12.768072 -13.783108 0.000000 -26.283635 -0.000000
-4.623838 59.763529 127.071076 17.688103 12.428272 -0.586925 -0.509003 11.506231 -0.021831 -0.224810 -0.712440 0.003016 -0.225689 5.107947 -0.019896 -0.170332 9.667653 -0.013195 0.437391 2.388038 0.407241 0.661216 -31.594615 0.578664 -0.730436 2.305768 7.169724 28.699878 -24.034639 48.254064 0.750606 26.955356 -5.224502 13.461370 13.918441 7.618631 -1.309078 2.434145 -3.417068 -11.623823 -27.574348 -58.423936 -1.811409 34.154038 8.669389 -5.344550 20.239299 2.258591 49.091226 -78.353025 -68.746325 128.354187 61.651639 146.238414 -1.880839 -8.107246 9.867317 0.000000 -33.639395 -0.000000 -33.318538 -78.302136 54.973356 -128.906322 57.492074 -140.546763 1.306118 -12.262511 -13.548837 0.000000 -28.784384 -0.000000
-4.580043 58.804043 127.009836 17.694258 12.289243 -0.609999 -0.530961 11.639915 -0.027918 -0.234128 -0.653017 0.001037 -0.235068 5.167366 -0.022827 -0.177549 9.712218 -0.015317 0.424519 2.352427 0.393852 0.642668 -31.660725 0.558638 -0.709655 2.359772 7.170089 28.749067 -24.044600 48.190255 0.817232 27.041620 -5.219953 13.489161 13.918387 7.631106 -1.270674 2.389462 -3.443487 -11.432987 -27.564838 -58.536774 -1.867349 34.178750 8.606306 -5.381243 20.183158 2.402249 55.032448 -78.156262 -75.138372 128.367956 60.274603 146.734261 -2.314770 -7.684834 10.002801 0.000000 -34.444889 -0.000000 -38.459043 -78.649168 60.414213 -129.092957 56.056779 -141.260716 2.150782 -11.781345 -13.457942 0.000000 -31.011876 -0.000000
-4.512075 57.872671 126.967797 17.695293 12.132990 -0.564127 -0.566217 11.787086 -0.080695 -0.246064 -0.587542 -0.021127 -0.247078 5.232836 -0.046211 -0.188138 9.761330 -0.032930 0.420751 2.303373 0.397033 0.632732 -31.751828 0.567677 -0.740032 2.387117 7.177391 28.735335 -24.136427 48.191227 0.900793 27.137155 -5.196754 13.486937 13.934424 7.627775 -1.275017 2.368046 -3.436362 -11.185504 -27.574284 -58.675037 -1.955555 34.148051 8.516132 -5.392620 20.233963 2.377015 60.541928 -77.598897 -81.233493 128.050067 58.924545 147.074402 -2.852616 -7.323271 9.917069 0.000000 -35.263758 0.000000 -44.239110 -78.691957 66.530895 -129.309984 54.717167 -141.828397 2.526894 -11.316505 -13.744067 0.000000 -32.508208 -0.000000
-4.464852 56.975325 126.963034 17.713833 11.943226 -0.482102 -0.614666 11.945887 -0.159150 -0.262008 -0.516851 -0.054201 -0.263118 5.303520 -0.080912 -0.202513 9.814357 -0.059093 0.423207 2.249940 0.402433 0.634471 -31.851068 0.577432 -0.756680 2.422482 7.182123 28.664170 -24.255261 48.235195 0.996367 27.183067 -5.166626 13.484723 13.964598 7.607015 -1.305336 2.399139 -3.393559 -10.963998 -27.585456 -58.812854 -2.059922 34.046888 8.407048 -5.376138 20.295591 2.387826 64.708395 -77.020729 -85.981443 127.724796 57.646855 147.377684 -3.636905 -7.176521 9.534350 0.000000 -36.062840 0.000000 -50.372654 -78.276450 73.013913 -129.375443 53.405810 -142.339370 2.569852 -10.895089 -14.205410 0.000000 -33.824837 0.000000
-4.446432 56.118839 126.990551 17.774083 11.734355 -0.373720 -0.682604 12.095921 -0.249958 -0.285688 -0.450010 -0.092163 -0.286928 5.370350 -0.121291 -0.223087 9.864498 -0.089497 0.425051 2.209249 0.412297 0.632053 -31.926649 0.597007 -0.735676 2.500613 7.171376 28.610986 -24.345471 48.267099 1.070971 27.175368 -5.129232 13.497849 13.969624 7.571726 -1.335902 2.453353 -3.359248 -10.848883 -27.546221 -58.923066 -2.093117 33.961264 8.337090 -5.352506 20.254338 2.435086 68.333634 -76.369350 -90.232944 127.483485 56.384519 147.856927 -4.586441 -7.170321 8.885304 0.000000 -36.942068 -0.000000 -55.772321 -77.650339 78.701461 -129.300628 52.144280 -142.769852 2.630845 -10.480362 -14.611530 0.000000 -35.113236 -0.000000
-4.446171 55.286576 127.034865 17.824710 11.476644 -0.232764 -0.749146 12.251869 -0.360815 -0.307246 -0.380479 -0.138903 -0.308615 5.439869 -0.170232 -0.242646 9.916660 -0.126416 0.424580 2.180581 0.424810 0.623040 -31.979900 0.623674 -0.701052 2.661258 7.124342 28.636621 -24.436009 48.281462 1.097941 27.158327 -5.119813 13.500486 13.973071 7.556635 -1.357224 2.527718 -3.371115 -10.836642 -27.512212 -58.959341 -2.041691 33.957104 8.327993 -5.338595 20.095747 2.457839 71.503785 -75.914676 -93.966844 127.610040 55.242537 148.520762 -5.699652 -7.188706 8.026075 0.000000 -37.109345 0.000000 -60.018474 -77.095726 83.248375 -129.214882 50.891062 -143.270663 2.951783 -10.116182 -14.758252 0.000000 -35.941866 0.000000
-4.404160 54.468172 127.077623 17.847719 11.223096 -0.090008 -0.798928 12.398560 -0.477818 -0.320846 -0.315032 -0.188742 -0.322309 5.505308 -0.221461 -0.256370 9.965760 -0.165146 0.419039 2.157408 0.438971 0.602260 -32.022940 0.657090 -0.649711 2.835162 7.056023 28.695389 -24.492811 48.329294 1.085081 27.135775 -5.147854 13.491711 13.995760 7.557960 -1.355104 2.647817 -3.398305 -10.857222 -27.566000 -58.949560 -1.967024 34.031891 8.348902 -5.276897 20.129053 2.360729 74.529083 -75.576355 -97.515319 128.008152 54.139045 149.379299 -6.803968 -7.206475 7.258057 0.000000 -37.296321 0.000000 -63.668289 -76.656137 87.255018 -129.264159 49.661496 -143.924626 3.395163 -9.826351 -14.702418 0.000000 -36.571463 -0.000000
-4.304505 53.659648 127.107873 17.817256 11.007344 0.024239 -0.806723 12.541475 -0.589134 -0.316123 -0.251298 -0.237166 -0.317594 5.569045 -0.269407 -0.256081 10.013575 -0.201556 0.410990 2.138347 0.401620 0.609243 -32.058302 0.583458 -0.562816 3.055153 6.990970 28.724615 -24.629969 48.354886 1.059334 27.143815 -5.174141 13.500238 14.011737 7.582866 -1.338859 2.714833 -3.402263 -10.942296 -27.632856 -58.890615 -1.901318 34.085744 8.362111 -5.235578 20.117425 2.310843 77.496845 -75.081561 -101.005008 128.309962 52.995276 150.154149 -7.570709 -7.152409 6.744716 -0.000000 -37.496331 -0.000000 -67.102095 -76.354868 91.090626 -129.466848 48.531094 -144.559403 3.836864 -9.513886 -14.591389 0.000000 -37.376394 -0.000000
-4.284429 52.866272 127.185623 17.801616 10.749021 0.157261 -0.807591 12.692954 -0.706693 -0.307786 -0.183748 -0.288474 -0.309250 5.636599 -0.319867 -0.253235 10.064248 -0.239913 0.400840 2.136085 0.349721 0.621153 -32.062430 0.480475 -0.506406 3.200724 6.953055 28.690729 -24.733475 48.402410 1.059279 27.225305 -5.146132 13.525247 14.021157 7.632094 -1.356610 2.790438 -3.371027 -11.070459 -27.678577 -58.850535 -1.845017 34.029540 8.421208 -5.235572 20.065202 2.345614 79.864514 -74.110286 -103.972434 128.095196 51.827772 150.511838 -7.901575 -6.915535 6.549203 -0.000000 -37.695458 0.000000 -70.054977 -75.844746 94.443398 -129.252866 47.314639 -144.897887 4.359301 -9.276185 -14.476468 0.000000 -37.712481 -0.000000
-4.170052 52.095512 127.245983 17.877031 10.486127 0.312125 -0.852689 12.826578 -0.818274 -0.319496 -0.124065 -0.335945 -0.321045 5.696276 -0.368535 -0.265337 10.109021 -0.276729 0.407545 2.161122 0.297842 0.668545 -32.015811 0.366796 -0.442788 3.259432 6.942243 28.619621 -24.761695 48.459201 1.070984 27.393912 -5.092753 13.562286 14.017218 7.657991 -1.388367 2.837375 -3.338280 -11.208976 -27.641153 -58.830371 -1.811253 33.917881 8.500312 -5.256180 19.987767 2.419550 81.529861 -72.765215 -106.334161 127.562478 50.658662 150.565742 -7.835485 -6.586378 6.723021 -0.000000 -37.930890 -0.000000 -72.505698 -75.134040 97.201861 -128.824351 46.093909 -145.099239 4.664604 -9.136946 -14.586272 0.000000 -37.845314 -0.000000
-4.022847 51.341879 127.340027 18.016580 10.195322 0.421188 -0.928402 12.942701 -0.884603 -0.348079 -0.072177 -0.362678 -0.349800 5.748147 -0.398188 -0.288836 10.147948 -0.298953 0.434333 2.232771 0.242331 0.760291 -31.882499 0.232932 -0.340222 3.249667 6.948625 28.601485 -24.659514 48.469260 1.046036 27.557586 -5.059823 13.610560 13.988499 7.651669 -1.381965 2.838683 -3.342626 -11.338575 -27.542485 -58.845704 -1.762391 33.839921 8.576743 -5.287017 19.898275 2.468400 82.298256 -71.261115 -107.884393 126.913794 49.521394 150.588567 -7.540650 -6.318296 7.088459 -0.000000 -38.194306 -0.000000 -74.447972 -74.214753 99.437770 -128.740178 44.986828 -145.439540 4.328398 -9.125062 -15.024101 0.000000 -37.865902 -0.000000
-3.893699 50.619826 127.500363 18.136192 9.840403 0.479623 -0.992770 13.026709 -0.913467 -0.374394 -0.034653 -0.373319 -0.376272 5.785654 -0.411516 -0.309525 10.176099 -0.308808 0.485068 2.368588 0.193311 0.897492 -31.629822 0.098329 -0.221294 3.247889 6.965044 28.663459 -24.419916 48.429791 0.976587 27.633017 -5.057532 13.660056 13.954825 7.626761 -1.328753 2.815530 -3.402690 -11.402630 -27.382831 -58.932741 -1.687822 33.842407 8.643526 -5.312433 19.832468 2.462314 82.499413 -69.976988 -108.790030 126.402179 48.479102 150.692230 -7.338581 -6.088250 7.519798 -0.000000 -38.598270 0.000000 -75.590389 -73.050352 100.936804 -128.706701 43.987873 -145.730388 3.524326 -9.149643 -15.838687 0.000000 -37.748945 -0.000000
-3.800293 49.956513 127.717062 18.244286 9.464991 0.527165 -1.051827 13.079796 -0.930519 -0.399270 -0.010903 -0.378989 -0.401292 5.809386 -0.419725 -0.328788 10.193917 -0.314794 0.543734 2.521489 0.160115 1.040442 -31.345312 -0.007137 -0.140309 3.245333 6.971179 28.806232 -24.100740 48.398400 0.881267 27.585877 -5.081237 13.691521 13.929612 7.578323 -1.290941 2.780348 -3.493537 -11.377182 -27.191225 -59.042403 -1.609832 33.859015 8.647587 -5.326785 19.817336 2.466517 82.369270 -69.035511 -109.292898 126.076996 47.569779 150.839357 -7.372464 -5.960728 8.038393 0.000000 -38.928309 -0.000000 -76.172268 -71.816692 101.898510 -128.604123 43.135149 -145.895475 2.390650 -9.106444 -16.936247 -0.000000 -37.468672 -0.000000
-3.728469 49.380548 127.949468 18.318637 9.064683 0.572682 -1.080812 13.106997 -0.949965 -0.410664 0.001292 -0.386627 -0.412752 5.821574 -0.428526 -0.337952 10.203068 -0.321361 0.578186 2.667775 0.148005 1.118768 -31.073314 -0.052564 -0.105132 3.312404 6.999127 28.949273 -23.794237 48.368335 0.808037 27.482863 -5.103414 13.710739 13.910823 7.545110 -1.275597 2.757527 -3.549423 -11.343003 -26.959817 -59.102452 -1.564731 33.885661 8.522139 -5.356308 19.880526 2.503562 81.921586 -68.316341 -109.390756 126.067230 46.878468 151.147907 -7.174746 -5.925160 8.685108 -0.000000 -39.115040 0.000000 -76.373265 -70.671510 102.441256 -128.669626 42.587237 -146.220971 1.004653 -8.995161 -18.084948 -0.000000 -36.965138 0.000000
-3.660414 48.906767 128.189997 18.341142 8.732786 0.627164 -1.054546 13.127788 -0.985638 -0.396331 0.010571 -0.402971 -0.398351 5.830863 -0.443409 -0.328175 10.210028 -0.332795 0.605192 2.743009 0.152266 1.171798 -30.933438 -0.059633 -0.140776 3.316756 7.052004 29.003216 -23.525590 48.388049 0.802781 27.406261 -5.108381 13.755788 13.874368 7.523014 -1.317785 2.607315 -3.539849 -11.307272 -26.642539 -59.156287 -1.571415 34.047129 8.373869 -5.403850 19.923121 2.547622 81.420714 -67.563796 -109.411204 126.063797 46.301596 151.340806 -6.564210 -5.888141 9.572390 -0.000000 -39.311030 0.000000 -76.088378 -69.769162 102.675549 -128.633161 42.130215 -146.440691 -0.174061 -8.990108 -19.060565 0.000000 -36.319703 -0.000000
-3.602033 48.587004 128.392314 18.388153 8.430623 0.680646 -1.024108 13.130782 -1.019328 -0.380331 0.011923 -0.418619 -0.382267 5.832226 -0.457424 -0.317087 10.211041 -0.343590 0.630864 2.786634 0.167989 1.215191 -30.852372 -0.042213 -0.169733 3.218147 7.167932 28.920467 -23.195115 48.434347 0.845335 27.434802 -5.068132 13.774899 13.830521 7.491043 -1.398338 2.474089 -3.492845 -11.245773 -26.294839 -59.212993 -1.621542 34.313888 8.262304 -5.489153 19.846698 2.594317 80.602163 -66.792598 -109.030368 125.940923 46.024441 151.411848 -5.302765 -5.770175 10.452084 -0.000000 -39.409918 0.000000 -75.394339 -69.378879 102.396845 -128.733035 41.935945 -146.642926 -1.149646 -9.033103 -19.872047 -0.000000 -35.484428 0.000000
-3.528059 48.520537 128.527105 18.482122 8.182269 0.678668 -1.015037 13.096895 -1.012099 -0.376912 -0.003175 -0.415804 -0.378820 5.817130 -0.454259 -0.314306 10.199716 -0.341224 0.655023 2.818297 0.184019 1.255352 -30.793537 -0.023339 -0.138222 3.161711 7.294477 28.751931 -22.913957 48.445977 0.893630 27.571558 -5.012824 13.826484 13.735828 7.468386 -1.450108 2.362702 -3.454887 -11.224939 -25.888304 -59.284733 -1.640191 34.432501 8.263894 -5.608002 19.785829 2.656918 79.279388 -66.736037 -107.801219 126.257533 46.396011 151.408337 -4.173076 -5.484055 11.605239 0.000000 -39.655792 -0.000000 -74.454729 -69.227321 101.753118 -128.980008 42.024600 -146.739707 -2.242930 -9.150564 -20.638420 0.000000 -34.511116 -0.000000
-3.546867 48.662889 128.610191 18.545875 8.008764 0.582215 -0.992709 13.041350 -0.949285 -0.371717 -0.028060 -0.389010 -0.373584 5.792249 -0.426934 -0.308554 10.181046 -0.320537 0.688784 2.839118 0.186707 1.324020 -30.754626 -0.038467 -0.074837 3.068610 7.421230 28.555305 -22.643289 48.407035 0.901832 27.743035 -4.956597 13.873133 13.670806 7.457551 -1.471163 2.302871 -3.432074 -11.294996 -25.515518 -59.338575 -1.654200 34.456815 8.278462 -5.624400 19.694933 2.798489 78.064904 -66.846894 -106.628291 126.588753 46.836009 151.516631 -3.366837 -5.349251 12.757027 -0.000000 -39.871500 0.000000 -73.298023 -68.957974 100.837473 -129.117666 42.313694 -146.793412 -3.460622 -9.375742 -21.347606 -0.000000 -32.552533 0.000000
-3.552051 48.985780 128.615590 18.558410 7.922295 0.468739 -0.963371 12.996305 -0.873737 -0.364297 -0.048314 -0.356780 -0.366116 5.772000 -0.393945 -0.300742 10.165847 -0.295571 0.733957 2.821043 0.178207 1.424028 -30.787706 -0.084639 -0.052894 2.969118 7.475952 28.408431 -22.506685 48.377014 0.853413 27.895891 -4.947604 13.889069 13.659714 7.454695 -1.500218 2.199115 -3.425237 -11.334595 -25.239317 -59.397554 -1.564301 34.361087 8.368356 -5.615062 19.704784 2.901457 77.083930 -66.990939 -105.648375 126.802719 47.302871 151.596814 -2.650176 -5.285805 13.738163 -0.000000 -39.927526 0.000000 -71.858080 -68.865613 99.522020 -129.293933 42.925882 -146.756224 -4.599479 -9.629192 -21.976504 -0.000000 -30.523240 0.000000
-3.613480 49.540337 128.533277 18.537084 7.990517 0.396207 -0.918878 12.926719 -0.821484 -0.348478 -0.079438 -0.335259 -0.350200 5.740886 -0.370809 -0.287281 10.142497 -0.278168 0.772524 2.767540 0.171903 1.509448 -30.886620 -0.122732 -0.121168 2.870623 7.493436 28.329087 -22.465590 48.382249 0.776461 27.951517 -4.983988 13.881226 13.715575 7.434102 -1.583352 2.143413 -3.379493 -11.258146 -25.177578 -59.469316 -1.428003 34.343272 8.466879 -5.584914 19.762375 2.951926 76.055191 -67.766864 -104.275114 127.367407 48.248428 151.526111 -2.024527 -5.285906 14.577702 0.000000 -39.714914 -0.000000 -70.378379 -69.365637 97.908700 -129.716969 43.872666 -146.712801 -5.363836 -9.815577 -22.372890 0.000000 -28.911276 -0.000000
-3.649498 50.315589 128.331731 18.481339 8.184908 0.346590 -0.851201 12.833486 -0.786353 -0.321140 -0.121063 -0.321944 -0.322701 5.699277 -0.354702 -0.265634 10.111270 -0.266212 0.788873 2.732189 0.193862 1.530497 -30.952369 -0.087565 -0.221995 2.851328 7.484793 28.295381 -22.549892 48.379302 0.701325 27.929856 -5.027132 13.878789 13.763604 7.404814 -1.654990 2.060774 -3.280024 -11.122869 -25.208921 -59.555633 -1.300174 34.428554 8.522735 -5.537004 19.909870 2.976327 75.064671 -68.962663 -102.692277 128.323843 49.513303 151.480909 -1.351309 -5.374939 15.333817 0.000000 -38.836202 0.000000 -68.762355 -70.350831 96.011396 -130.270342 44.985517 -146.662899 -5.616510 -10.003437 -22.441759 0.000000 -27.616488 -0.000000
-3.731284 51.235489 128.081787 18.391711 8.473777 0.292864 -0.774353 12.736885 -0.758059 -0.289219 -0.164176 -0.311859 -0.290600 5.656181 -0.341359 -0.240728 10.078928 -0.256395 0.798783 2.711787 0.213009 1.539578 -30.990386 -0.054003 -0.343656 2.812295 7.452074 28.317646 -22.667285 48.367511 0.654987 27.884984 -5.052329 13.887024 13.775446 7.381229 -1.714590 1.927409 -3.143585 -10.940136 -25.265488 -59.652236 -1.229422 34.608996 8.552553 -5.474050 20.050746 2.963043 74.183731 -70.213483 -101.172786 129.252141 50.812657 151.408896 -0.741991 -5.531585 15.873293 -0.000000 -37.879218 0.000000 -66.901203 -71.608187 93.719708 -130.925783 46.229295 -146.639066 -5.504023 -10.254569 -22.179205 -0.000000 -26.532979 -0.000000
-3.831216 52.279964 127.789743 18.283286 8.841352 0.205488 -0.697275 12.634058 -0.723094 -0.257673 -0.210059 -0.298825 -0.258881 5.610314 -0.325105 -0.215909 10.044507 -0.244361 0.810938 2.683476 0.233688 1.552514 -31.043089 -0.018757 -0.487215 2.721164 7.423352 28.403798 -22.746376 48.351022 0.656090 27.860581 -5.075571 13.893460 13.820141 7.387580 -1.769848 1.809420 -2.971878 -10.763123 -25.339743 -59.713859 -1.245700 34.783299 8.528472 -5.440826 20.128546 2.934226 73.180726 -71.738345 -99.364376 130.274845 52.263014 151.311608 -0.392912 -5.703636 16.126207 0.000000 -37.582942 0.000000 -64.817038 -72.983838 91.078552 -131.582916 47.553142 -146.548795 -5.165725 -10.537238 -21.689320 -0.000000 -25.739797 -0.000000
-3.879540 53.389772 127.438279 18.156639 9.284820 0.073790 -0.613331 12.517634 -0.675608 -0.223979 -0.262002 -0.280457 -0.225006 5.558385 -0.303298 -0.189097 10.005541 -0.228130 0.819023 2.649877 0.257633 1.554931 -31.105685 0.025817 -0.656290 2.656556 7.396272 28.545820 -22.849483 48.300902 0.713732 27.885664 -5.095954 13.900455 13.869573 7.397119 -1.838805 1.760113 -2.770220 -10.648852 -25.442496 -59.735797 -1.308375 34.863566 8.500402 -5.454032 20.106559 2.928983 72.011977 -73.432051 -97.315717 131.283814 53.730875 151.199307 -0.394366 -5.965827 16.117368 0.000000 -36.666013 -0.000000 -62.645048 -74.360643 88.278098 -132.238304 48.922349 -146.399392 -4.724589 -10.824410 -21.068739 -0.000000 -25.066908 0.000000
-3.976460 54.519164 127.106510 18.007380 9.749086 -0.062716 -0.536259 12.405846 -0.627999 -0.193314 -0.311859 -0.261792 -0.194181 5.508540 -0.281505 -0.164563 9.968141 -0.211877 0.827388 2.622974 0.269290 1.565538 -31.155703 0.044580 -0.803512 2.576310 7.368129 28.681301 -22.952417 48.230930 0.822892 27.946584 -5.104461 13.897811 13.894986 7.411115 -1.884504 1.742786 -2.582593 -10.618295 -25.540375 -59.718313 -1.390340 34.787387 8.491503 -5.463871 20.072101 2.950930 70.305494 -75.023615 -94.695495 132.079955 55.175656 151.014525 -0.498458 -6.353884 15.934712 -0.000000 -35.624983 -0.000000 -60.120258 -75.638629 85.100991 -132.800171 50.307964 -146.183075 -4.315446 -11.121112 -20.402172 0.000000 -24.462080 -0.000000
-4.043594 55.653801 126.784289 17.849190 10.257742 -0.149826 -0.467519 12.275175 -0.605556 -0.164553 -0.370052 -0.253957 -0.165270 5.450356 -0.270735 -0.142216 9.924489 -0.203969 0.826408 2.607399 0.273983 1.560757 -31.184688 0.054796 -0.942726 2.530117 7.341452 28.812151 -23.071582 48.144707 0.969241 27.980990 -5.103345 13.885917 13.896642 7.419453 -1.942924 1.771476 -2.411975 -10.619389 -25.653963 -59.674856 -1.442567 34.589235 8.536360 -5.447926 20.059819 2.967386 68.037591 -76.284997 -91.509816 132.607887 56.676700 150.658464 -0.391481 -6.734068 15.750533 0.000000 -34.584244 0.000000 -56.996563 -76.766509 81.306849 -133.262763 51.809769 -145.809908 -4.148474 -11.447526 -19.876257 -0.000000 -23.748010 -0.000000
-4.135615 56.822147 126.505748 17.665458 10.736382 -0.184785 -0.406662 12.157286 -0.613251 -0.137116 -0.422516 -0.259112 -0.137696 5.397899 -0.273091 -0.121761 9.885134 -0.206005 0.810794 2.595760 0.277981 1.525660 -31.206485 0.072825 -1.053101 2.494517 7.314261 28.950055 -23.177602 48.040775 1.114178 27.908658 -5.092104 13.866520 13.893820 7.418234 -2.048001 1.827920 -2.197899 -10.538013 -25.832243 -59.678226 -1.414144 34.340696 8.622727 -5.388033 20.036160 2.955607 65.141132 -77.319702 -87.613744 133.239499 58.340470 150.385708 -0.092055 -7.061114 15.554781 0.000000 -33.598162 -0.000000 -53.162633 -77.555071 76.779753 -133.940858 53.533831 -145.514039 -4.538119 -11.862384 -19.692192 0.000000 -22.853821 -0.000000
-4.222967 57.971558 126.293777 17.498435 11.195753 -0.192243 -0.366704 12.052632 -0.631683 -0.118191 -0.469062 -0.268402 -0.118676 5.351357 -0.280450 -0.108049 9.850219 -0.211758 0.805960 2.561118 0.269097 1.521596 -31.270761 0.056716 -1.116168 2.400113 7.303733 29.064964 -23.238887 47.941285 1.219210 27.745088 -5.083567 13.831373 13.911374 7.415520 -2.072929 1.833588 -2.069954 -10.495917 -26.025828 -59.634128 -1.303822 34.105457 8.737211 -5.365487 20.073156 2.944204 61.085194 -78.186132 -82.700561 133.551257 60.004375 149.844332 0.239574 -7.388040 15.314280 0.000000 -30.210469 0.000000 -48.598033 -78.033986 71.623059 -134.134925 55.196675 -144.847202 -5.143597 -12.300694 -19.603425 0.000000 -21.614710 -0.000000
-4.338959 59.088441 126.176995 17.363436 11.605051 -0.199841 -0.332935 11.970589 -0.650862 -0.101937 -0.505553 -0.277818 -0.102345 5.314869 -0.288208 -0.096373 9.822844 -0.217786 0.793765 2.517733 0.265533 1.498855 -31.351397 0.056279 -1.184121 2.291850 7.323947 29.160747 -23.311307 47.841983 1.261809 27.592608 -5.098593 13.784996 13.953631 7.405423 -2.144659 1.815813 -1.958721 -10.342483 -26.272084 -59.586507 -1.149747 33.894525 8.829521 -5.295319 20.114480 2.921746 55.356919 -78.925137 -76.204247 133.913501 61.762892 149.441685 0.548382 -7.876620 14.757697 -0.000000 -29.616252 -0.000000 -43.740820 -78.132015 66.210445 -134.225122 56.917109 -144.107014 -5.993186 -12.805029 -19.641988 -0.000000 -20.256438 -0.000000
-4.435813 60.184779 126.131432 17.237534 11.969205 -0.231972 -0.316463 11.901764 -0.660736 -0.094017 -0.536156 -0.282671 -0.094385 5.284268 -0.292253 -0.090706 9.799889 -0.220922 0.791191 2.488568 0.263461 1.495163 -31.405559 0.053122 -1.231035 2.163698 7.359463 29.223731 -23.410836 47.761003 1.237512 27.513590 -5.141239 13.732853 14.017470 7.405174 -2.182750 1.810845 -1.857742 -10.093443 -26.603011 -59.577816 -0.972911 33.702210 8.899581 -5.213868 20.146411 2.889777 48.426910 -79.379847 -68.645628 134.407560 63.619573 149.335824 0.978128 -8.426017 13.977104 -0.000000 -29.244754 0.000000 -38.878944 -77.985814 60.875680 -134.108240 58.680202 -143.517166 -6.811080 -13.213898 -19.365884 0.000000 -19.006425 -0.000000
-4.540225 61.250926 126.147933 17.125501 12.301281 -0.308929 -0.296763 11.823861 -0.656486 -0.085673 -0.570810 -0.281395 -0.086000 5.249615 -0.290126 -0.084300 9.773896 -0.219378 0.785210 2.477564 0.265012 1.481771 -31.426061 0.060000 -1.323639 1.985842 7.429042 29.225195 -23.488372 47.770833 1.177871 27.496111 -5.199410 13.676585 14.086364 7.413128 -2.250018 1.817310 -1.741876 -9.748326 -26.958511 -59.632639 -0.773937 33.509456 8.973668 -5.150871 20.159373 2.875769 40.736495 -79.518976 -60.438363 135.054242 65.652279 149.495659 1.727103 -8.909723 13.152506 0.000000 -27.477292 -0.000000 -34.144453 -77.733264 55.753695 -133.880414 60.383364 -142.771544 -7.285135 -13.612732 -19.071017 -0.000000 -18.007201 0.000000
-4.590478 62.308772 126.185600 17.055652 12.587832 -0.425272 -0.286493 11.737539 -0.628395 -0.083208 -0.609213 -0.269386 -0.083520 5.211213 -0.277866 -0.081618 9.745095 -0.210095 0.780812 2.470427 0.269330 1.469898 -31.439398 0.071749 -1.431853 1.795992 7.514968 29.143282 -23.546763 47.852965 1.137624 27.495991 -5.244130 13.635668 14.165102 7.410411 -2.318861 1.806102 -1.633469 -9.369574 -27.266540 -59.753989 -0.575656 33.322680 9.069663 -5.115626 20.197243 2.882708 33.007258 -79.351691 -52.305622 135.750997 67.801149 149.713493 2.632457 -9.216102 12.545859 0.000000 -27.554350 0.000000 -29.086107 -77.417431 50.364543 -133.467576 62.115376 -142.032226 -7.528744 -13.945877 -18.440957 -0.000000 -17.128409 -0.000000
-4.588150 63.378677 126.235284 17.029209 12.847185 -0.561749 -0.298807 11.639391 -0.575949 -0.092496 -0.652861 -0.246092 -0.092842 5.167563 -0.255518 -0.087079 9.712364 -0.193057 0.786084 2.455307 0.274541 1.477880 -31.467488 0.079143 -1.535367 1.612657 7.577412 29.002369 -23.576868 47.981037 1.152655 27.525576 -5.258892 13.609538 14.191903 7.406392 -2.366710 1.776833 -1.569596 -9.003400 -27.498184 -59.923120 -0.419252 33.122442 9.186700 -5.096289 20.239792 2.891805 25.824121 -78.895936 -44.757439 136.114068 69.931446 149.615502 3.588375 -9.538224 12.004307 0.000000 -27.385708 -0.000000 -23.758836 -76.973688 44.750528 -132.924492 63.893580 -141.151721 -7.685752 -14.352646 -17.635561 -0.000000 -16.299006 0.000000
-4.514998 64.467021 126.306506 17.073773 13.059684 -0.677712 -0.346135 11.545868 -0.509910 -0.118276 -0.694430 -0.215933 -0.118719 5.125990 -0.227985 -0.104574 9.681196 -0.171950 0.796563 2.428576 0.279601 1.497059 -31.517094 0.082750 -1.589699 1.491064 7.607015 28.842524 -23.607377 48.072892 1.211895 27.546415 -5.230348 13.604843 14.197292 7.397748 -2.392073 1.739884 -1.551866 -8.687273 -27.672800 -60.120543 -0.307380 32.896750 9.292656 -5.089023 20.213417 2.909572 19.605895 -78.126950 -38.229247 136.016017 72.045248 149.031629 4.530594 -9.941264 11.499732 0.000000 -26.960099 0.000000 -18.556680 -76.305391 39.233385 -132.282692 65.726302 -140.095930 -7.945269 -14.940950 -16.865324 -0.000000 -15.327730 0.000000
-4.401367 65.566964 126.411763 17.146203 13.222573 -0.782522 -0.399014 11.460983 -0.440607 -0.146718 -0.732169 -0.184198 -0.147267 5.088244 -0.199149 -0.123974 9.652896 -0.149836 0.802092 2.394530 0.292034 1.501257 -31.580405 0.104887 -1.609901 1.400257 7.623299 28.702892 -23.582935 48.144337 1.269904 27.535579 -5.198860 13.601780 14.178235 7.383386 -2.417629 1.681848 -1.571839 -8.449143 -27.788847 -60.328802 -0.228004 32.631730 9.376441 -5.079412 20.176919 2.928954 14.225789 -77.136060 -32.544707 134.977999 74.087882 147.507923 5.235647 -10.417290 10.952952 -0.000000 -26.362998 0.000000 -13.869152 -75.417720 34.230676 -131.576454 67.613639 -138.822116 -8.384296 -15.646938 -16.267219 0.000000 -14.203629 -0.000000
-4.294089 66.672436 126.557618 17.237252 13.373675 -0.893340 -0.452106 11.356663 -0.359846 -0.176044 -0.778571 -0.147445 -0.176696 5.041833 -0.165384 -0.143695 9.618094 -0.123984 0.802854 2.368457 0.307745 1.493225 -31.628984 0.137074 -1.592302 1.298023 7.642160 28.553474 -23.449229 48.231223 1.300885 27.509121 -5.188731 13.587471 14.178101 7.371747 -2.428691 1.590324 -1.652028 -8.312582 -27.816399 -60.507289 -0.166247 32.420786 9.428103 -5.084753 20.203705 2.950821 9.903412 -76.006108 -27.906072 132.559473 75.990826 144.624570 5.636494 -10.855928 10.590200 0.000000 -25.839126 -0.000000 -10.062599 -74.385059 30.121040 -130.645286 69.585545 -137.136583 -8.872185 -16.336167 -15.962597 -0.000000 -13.039570 0.000000
-4.212349 67.784406 126.724820 17.353855 13.473401 -1.004365 -0.499198 11.260658 -0.277873 -0.202747 -0.821300 -0.110304 -0.203488 4.999095 -0.130963 -0.161391 9.586042 -0.097662 0.793167 2.343390 0.327391 1.460671 -31.675806 0.184223 -1.571734 1.214074 7.678931 28.391341 -23.282085 48.327955 1.289320 27.487886 -5.197785 13.575301 14.194437 7.361471 -2.474337 1.460829 -1.715915 -8.162230 -27.802722 -60.716348 -0.129910 32.388556 9.467647 -5.113089 20.271386 2.949307 6.512292 -74.720121 -24.173771 128.936129 77.850074 140.564000 5.987335 -11.247059 10.428053 -0.000000 -25.228364 0.000000 -7.528059 -73.192047 27.232063 -129.101106 71.529225 -134.982817 -9.200401 -16.973083 -15.771505 0.000000 -11.947022 -0.000000
-4.161492 68.917599 126.919352 17.473358 13.517839 -1.098489 -0.527776 11.188752 -0.210364 -0.220170 -0.853323 -0.079960 -0.220967 4.967066 -0.102394 -0.172512 9.562017 -0.075857 0.770491 2.300322 0.353697 1.396692 -31.756193 0.253485 -1.546401 1.159568 7.731807 28.161129 -23.160059 48.456829 1.261171 27.472920 -5.210492 13.554463 14.218709 7.359736 -2.490572 1.350609 -1.807008 -8.102139 -27.807182 -60.901784 -0.146777 32.480304 9.482270 -5.140719 20.297107 2.963020 3.882644 -73.249456 -21.207022 123.251962 79.684858 134.425885 6.357905 -11.678476 10.312689 -0.000000 -24.351057 0.000000 -5.963580 -71.815096 25.357242 -126.317058 73.348355 -131.761080 -9.236750 -17.632791 -15.658107 -0.000000 -10.793759 -0.000000
-4.129383 70.077029 127.138070 17.609417 13.516040 -1.166786 -0.548878 11.121986 -0.159529 -0.233098 -0.883050 -0.057138 -0.233932 4.937334 -0.080888 -0.180739 9.539713 -0.059449 0.741398 2.249905 0.378622 1.320031 -31.850209 0.323977 -1.533248 1.158806 7.784101 27.866939 -23.087837 48.634817 1.232978 27.492481 -5.213610 13.524626 14.253091 7.355696 -2.522473 1.270837 -1.903315 -8.135833 -27.773460 -61.063945 -0.207344 32.527766 9.457379 -5.184368 20.247972 3.004646 1.756064 -71.635209 -18.773098 114.580325 81.389008 125.313142 6.679420 -12.220207 10.117122 -0.000000 -23.315910 0.000000 -4.636552 -70.297314 23.706657 -122.227708 75.125460 -127.369187 -9.007205 -18.358573 -15.420861 -0.000000 -9.467844 -0.000000
-4.111283 71.259477 127.365464 17.755728 13.476751 -1.236276 -0.561060 11.052612 -0.113277 -0.241729 -0.913935 -0.036552 -0.242583 4.906445 -0.061181 -0.185860 9.516541 -0.044443 0.711047 2.214053 0.402063 1.241403 -31.917116 0.392428 -1.503158 1.252442 7.831467 27.532894 -23.085546 48.832807 1.192235 27.579013 -5.208423 13.505306 14.294206 7.346450 -2.563110 1.221673 -2.007447 -8.276378 -27.682915 -61.205591 -0.303730 32.490039 9.429062 -5.237764 20.176132 3.056095 0.016158 -69.913697 -16.708659 101.384353 82.718314 111.741674 6.831504 -12.931295 9.740610 0.000000 -22.097788 -0.000000 -3.073486 -68.673750 21.823270 -116.134850 76.831801 -120.969841 -8.434949 -19.143636 -14.991170 0.000000 -7.964128 -0.000000
-4.096983 72.468274 127.581323 17.922457 13.393054 -1.303522 -0.586352 10.970064 -0.068378 -0.256088 -0.950675 -0.016269 -0.256978 4.869699 -0.042359 -0.195341 9.488976 -0.030067 0.694300 2.218504 0.418035 1.195853 -31.909028 0.436845 -1.469868 1.363257 7.870915 27.209103 -23.042627 49.082899 1.128858 27.714835 -5.200474 13.498989 14.317493 7.369283 -2.576411 1.193432 -2.142976 -8.424814 -27.533231 -61.365677 -0.437340 32.434375 9.406175 -5.296528 20.150464 3.108092 -1.662833 -68.089338 -14.695478 82.970438 83.389280 92.923771 6.734008 -13.738318 9.228782 -0.000000 -20.800415 0.000000 -1.180122 -66.957983 19.546577 -106.772708 78.223853 -111.235223 -7.286343 -19.922623 -14.397099 0.000000 -6.398451 0.000000
-4.058220 73.703775 127.761864 18.100248 13.277533 -1.388982 -0.613533 10.868134 -0.021227 -0.271428 -0.996035 0.005022 -0.272352 4.824331 -0.022630 -0.205492 9.454943 -0.015000 0.681574 2.258660 0.432318 1.159635 -31.834588 0.475385 -1.457535 1.432847 7.931129 26.905411 -22.890326 49.408690 1.054321 27.842300 -5.201658 13.514628 14.318877 7.391661 -2.568209 1.185165 -2.280084 -8.494810 -27.340603 -61.601598 -0.629855 32.416457 9.365576 -5.342510 20.127665 3.176924 -3.238843 -66.159836 -12.778470 62.378543 83.111965 71.911413 6.382935 -14.582712 8.620960 0.000000 -19.404671 -0.000000 0.765606 -65.171333 17.139356 -94.062317 79.036157 -98.069616 -5.710722 -20.640970 -13.856545 -0.000000 -4.955395 -0.000000
-3.993811 74.959777 127.912026 18.266778 13.125929 -1.512557 -0.630369 10.753129 0.035284 -0.282786 -1.047223 0.030178 -0.283725 4.773137 0.001371 -0.212350 9.416538 0.003267 0.671115 2.317252 0.446745 1.128056 -31.725892 0.512844 -1.471189 1.552928 7.996982 26.625518 -22.731836 49.779520 1.008185 27.918757 -5.204830 13.518144 14.329559 7.420532 -2.540868 1.188580 -2.415951 -8.487173 -27.109313 -61.890915 -0.858769 32.434426 9.269126 -5.400921 20.092906 3.261818 -4.633898 -64.106548 -11.014923 45.042034 81.934879 54.215792 5.910473 -15.414194 8.009005 -0.000000 -17.942523 -0.000000 2.458655 -63.316179 15.015005 -79.641882 79.079566 -83.219776 -4.294334 -21.223485 -13.434184 -0.000000 -3.554507 0.000000
-3.925750 76.233412 128.039747 18.423662 12.940551 -1.643186 -0.642827 10.639861 0.088550 -0.291949 -1.097637 0.053805 -0.292895 4.722719 0.024067 -0.217645 9.378712 0.020523 0.658219 2.372717 0.466404 1.088122 -31.623020 0.562758 -1.513388 1.677321 8.061314 26.342006 -22.557734 50.205454 1.018536 27.965968 -5.206564 13.521489 14.321010 7.432165 -2.512014 1.205987 -2.547786 -8.416388 -26.861318 -62.214581 -1.082111 32.514058 9.140470 -5.482837 20.021887 3.335363 -5.641386 -61.944193 -9.640519 31.544061 80.183261 40.450524 5.637501 -16.102328 7.552863 -0.000000 -16.397460 -0.000000 3.606411 -61.406418 13.542561 -64.705778 78.951584 -67.847220 -4.088101 -21.604376 -13.175793 0.000000 -2.381043 0.000000
-3.869745 77.515262 128.183758 18.568017 12.707139 -1.757605 -0.658622 10.537620 0.132813 -0.301963 -1.143141 0.073554 -0.302919 4.677210 0.042797 -0.223852 9.344570 0.034779 0.646477 2.422296 0.486208 1.050646 -31.531059 0.612118 -1.549617 1.792497 8.108824 26.043922 -22.371004 50.670602 1.069336 27.993997 -5.197576 13.532779 14.311205 7.423394 -2.469738 1.215965 -2.692111 -8.291366 -26.578845 -62.572214 -1.268551 32.656053 9.008691 -5.557117 19.939840 3.368517 -6.476994 -59.675966 -8.451164 21.461459 77.963802 30.067435 5.560623 -16.648469 7.222821 0.000000 -14.767136 0.000000 4.572833 -59.430139 12.359025 -48.832290 78.745859 -51.308929 -5.239467 -21.979098 -13.193869 -0.000000 -1.113755 0.000000
-3.823656 78.781939 128.367093 18.697143 12.432361 -1.842381 -0.675945 10.446733 0.162150 -0.311634 -1.183581 0.086767 -0.312599 4.636765 0.055027 -0.230251 9.314229 0.044104 0.634246 2.465968 0.503094 1.014094 -31.450039 0.655547 -1.569033 1.887635 8.143876 25.734316 -22.156537 51.168309 1.136427 28.020255 -5.191759 13.537196 14.293962 7.395287 -2.414135 1.195545 -2.849183 -8.120186 -26.238082 -62.971298 -1.408312 32.799006 8.895263 -5.591986 19.899156 3.366026 -7.190598 -57.313449 -7.400432 14.513783 75.374179 22.788768 5.418619 -17.136745 6.865504 0.000000 -13.131541 -0.000000 4.973706 -57.391904 11.821736 -34.401675 77.841063 -36.416436 -6.881403 -22.483818 -13.291387 0.000000 0.000000 0.000000
-3.770001 80.023159 128.580417 18.815699 12.153894 -1.888690 -0.698439 10.328881 0.170454 -0.322169 -1.235980 0.090774 -0.323137 4.584360 0.057964 -0.237939 9.274923 0.046380 0.619824 2.537184 0.519974 0.972955 -31.317854 0.700368 -1.588287 2.046453 8.165714 25.453454 -21.946200 51.674769 1.209680 28.040346 -5.177169 13.542078 14.279602 7.377818 -2.343368 1.203824 -3.007588 -7.902620 -25.863459 -63.397657 -1.491434 32.941389 8.796610 -5.596650 19.907856 3.331788 -7.612275 -54.893713 -6.620126 10.480661 72.460041 18.547393 4.917747 -17.585331 6.238886 -0.000000 -11.648121 0.000000 5.319748 -55.301732 11.310096 -24.848104 75.927658 -26.588534 -7.880524 -23.021462 -13.219132 -0.000000 0.000000 -0.000000
-3.683240 81.236400 128.799275 18.919153 11.836429 -1.899492 -0.718455 10.206611 0.154057 -0.329942 -1.290305 0.083808 -0.330900 4.530030 0.050209 -0.244295 9.234180 0.040527 0.598256 2.630163 0.534348 0.918501 -31.145227 0.744356 -1.642338 2.176664 8.196727 25.180141 -21.683318 52.223775 1.279161 28.089214 -5.158314 13.551281 14.274363 7.377926 -2.268660 1.188774 -3.156701 -7.658758 -25.396604 -63.849283 -1.512428 33.101861 8.743419 -5.579219 19.934587 3.283687 -7.850519 -52.392214 -5.954391 8.671527 69.310203 16.563246 4.054445 -18.078092 5.493118 -0.000000 -10.100740 -0.000000 5.675084 -53.087395 10.717059 -20.859988 73.198034 -22.493161 -7.651642 -23.486013 -12.892032 0.000000 0.000000 -0.000000
-3.559891 82.425584 129.022004 19.013851 11.528000 -1.883863 -0.723134 10.067306 0.113464 -0.329283 -1.352159 0.065789 -0.330201 4.468176 0.032260 -0.245027 9.187800 0.026878 0.558414 2.722429 0.550939 0.824574 -30.973889 0.804242 -1.760823 2.237436 8.268058 24.879053 -21.361862 52.837620 1.336880 28.187742 -5.154813 13.561411 14.275517 7.369281 -2.218398 1.151249 -3.270442 -7.415937 -24.837288 -64.306700 -1.497608 33.255806 8.727965 -5.553304 19.955614 3.243299 -7.986164 -49.852696 -5.330311 7.654418 66.027930 15.280428 3.126093 -18.560301 4.967422 -0.000000 -8.472191 0.000000 5.906340 -50.775488 10.163780 -19.343198 70.023290 -21.035085 -6.613589 -23.849326 -12.391336 0.000000 0.000000 0.000000
-3.388296 83.600032 129.239792 19.106791 11.205981 -1.870145 -0.720102 9.925201 0.063837 -0.324617 -1.415242 0.043601 -0.325483 4.405096 0.010551 -0.243016 9.140502 0.010352 0.508316 2.809491 0.571541 0.706961 -30.812133 0.878637 -1.894112 2.218849 8.392704 24.508291 -20.978848 53.504597 1.388757 28.301177 -5.158272 13.561213 14.272991 7.370254 -2.163268 1.080870 -3.349402 -7.177709 -24.187127 -64.759867 -1.482186 33.370344 8.716824 -5.514692 19.980686 3.213116 -8.156489 -47.273107 -4.635256 6.130876 62.657031 13.293101 2.501767 -18.897932 4.803177 -0.000000 -6.692930 0.000000 6.184621 -48.339056 9.536491 -17.636576 66.714664 -19.351615 -5.656893 -24.163460 -11.915055 -0.000000 0.000000 0.000000
-3.181934 84.747520 129.462562 19.214116 10.883784 -1.860551 -0.746902 9.774270 0.025146 -0.333976 -1.482265 0.026851 -0.334825 4.338067 -0.007150 -0.251258 9.090240 -0.003035 0.473047 2.894204 0.584688 0.625281 -30.654710 0.927919 -1.978239 2.156402 8.514358 24.095607 -20.552337 54.187235 1.434767 28.384039 -5.154022 13.564970 14.274607 7.368176 -2.082786 1.010177 -3.410725 -6.875647 -23.497659 -65.269217 -1.453949 33.461684 8.740046 -5.487945 19.981962 3.177335 -8.111805 -44.714096 -4.193678 4.138650 59.284379 10.971954 2.304244 -18.995145 4.873878 0.000000 -5.117824 0.000000 6.425444 -45.849233 8.942724 -14.948903 63.484992 -16.590067 -5.406394 -24.459610 -11.633275 0.000000 -0.000000 -0.000000
-2.986393 85.857486 129.698853 19.336987 10.533101 -1.850289 -0.774498 9.614555 -0.016792 -0.343503 -1.553183 0.008642 -0.344331 4.267144 -0.026325 -0.259731 9.037058 -0.017540 0.434532 2.989119 0.609104 0.530120 -30.478261 1.002475 -2.078585 2.075099 8.655554 23.657703 -20.068448 54.892176 1.478251 28.419266 -5.142994 13.552003 14.267620 7.360908 -1.992922 0.989848 -3.471743 -6.581579 -22.793094 -65.760974 -1.422748 33.526231 8.759796 -5.444298 19.981423 3.152558 -7.961585 -42.193876 -3.874424 2.099576 55.930180 8.733975 2.449587 -18.849080 4.989387 0.000000 -3.736567 0.000000 6.683024 -43.295937 8.394778 -11.567128 60.226896 -13.038836 -5.841408 -24.585611 -11.628805 0.000000 0.000000 -0.000000
-2.824342 86.917341 129.953881 19.500646 10.155705 -1.828374 -0.812929 9.453935 -0.055930 -0.358063 -1.624500 -0.008138 -0.358879 4.195818 -0.044584 -0.271920 8.983575 -0.031317 0.393430 3.096644 0.639927 0.426015 -30.278287 1.091597 -2.172275 1.993017 8.790734 23.196967 -19.556671 55.595308 1.505759 28.420129 -5.123799 13.535880 14.271395 7.365109 -1.914916 0.959156 -3.538903 -6.264033 -22.059538 -66.239972 -1.375135 33.588020 8.769343 -5.388178 20.000858 3.110828 -7.812585 -39.719535 -3.633348 0.664686 52.599761 7.128280 2.554832 -18.540747 5.170661 -0.000000 -2.524593 -0.000000 6.829904 -40.744249 7.932948 -8.313091 56.881019 -9.687217 -6.488701 -24.360243 -11.722473 -0.000000 0.000000 0.000000
-2.680127 87.916338 130.227975 19.700362 9.734737 -1.777332 -0.866585 9.308025 -0.094259 -0.379473 -1.689271 -0.024262 -0.380292 4.131032 -0.062884 -0.289258 8.934998 -0.045075 0.356151 3.221026 0.667977 0.332116 -30.046956 1.172073 -2.249317 1.932701 8.884429 22.719211 -19.054427 56.289854 1.509623 28.463833 -5.118309 13.523144 14.292245 7.371150 -1.836965 0.912157 -3.637123 -5.929808 -21.321157 -66.697627 -1.298968 33.681016 8.782293 -5.328384 20.048876 3.058391 -7.656556 -37.251018 -3.461601 -0.002421 49.270798 6.198143 2.363710 -18.032787 5.409452 0.000000 -1.604894 0.000000 6.883018 -38.213366 7.540443 -6.261145 53.500205 -7.624648 -6.696163 -23.848637 -11.705065 0.000000 0.000000 -0.000000
-2.542101 88.842499 130.517523 19.915405 9.265092 -1.705902 -0.918458 9.183000 -0.131236 -0.400195 -1.744754 -0.039822 -0.401018 4.075535 -0.080549 -0.306037 8.893387 -0.058355 0.320275 3.361559 0.688505 0.246291 -29.785607 1.235505 -2.293510 1.871612 8.958442 22.201426 -18.544202 56.961841 1.482135 28.589045 -5.135819 13.502807 14.340485 7.396513 -1.743810 0.800644 -3.766792 -5.617127 -20.542626 -67.129118 -1.183614 33.823178 8.809263 -5.274381 20.121580 3.014311 -7.320522 -34.783391 -3.400976 -0.151365 45.968596 5.757776 1.777843 -17.427670 5.680682 0.000000 -0.695985 0.000000 6.792910 -35.708907 7.199896 -5.301613 50.156408 -6.609839 -6.385430 -23.205313 -11.596003 -0.000000 -0.000000 -0.000000
-2.397563 89.697585 130.822047 20.159244 8.764593 -1.622629 -0.967582 9.057772 -0.168695 -0.419683 -1.800319 -0.055683 -0.420503 4.019956 -0.098391 -0.321904 8.851717 -0.071777 0.279353 3.529860 0.707596 0.151583 -29.472603 1.298326 -2.314636 1.814202 9.037668 21.663661 -17.994897 57.601713 1.419604 28.757217 -5.166607 13.482225 14.387545 7.424193 -1.637856 0.680916 -3.890915 -5.364693 -19.745343 -67.543779 -1.039429 33.984494 8.863490 -5.219915 20.184678 2.970079 -6.915217 -32.277638 -3.397330 -0.137096 42.689502 5.530856 1.014103 -16.737214 5.928448 -0.000000 0.000000 0.000000 6.759984 -33.231603 6.752501 -4.848872 46.786935 -5.889066 -6.028240 -22.363849 -11.518346 -0.000000 0.000000 -0.000000
-2.251621 90.490103 131.155118 20.406632 8.242046 -1.548602 -1.003203 8.915204 -0.198957 -0.433654 -1.863603 -0.068694 -0.434451 3.956662 -0.112820 -0.333389 8.804257 -0.082658 0.235288 3.739100 0.724212 0.052876 -29.083498 1.356932 -2.308484 1.717324 9.137424 21.102863 -17.339198 58.203493 1.342178 28.892696 -5.181275 13.471179 14.414680 7.453189 -1.511937 0.582414 -4.005395 -5.218268 -18.920289 -67.939716 -0.883856 34.089335 8.937424 -5.158793 20.234990 2.921486 -6.370016 -29.723049 -3.510178 -0.336852 39.392246 5.367161 0.379287 -15.856245 5.992533 0.000000 0.000000 -0.000000 6.621823 -30.728030 6.446554 -4.379158 43.407566 -5.202381 -5.936262 -21.322238 -11.555282 0.000000 0.000000 0.000000
-2.071941 91.234405 131.546182 20.638296 7.670683 -1.491154 -1.024420 8.789975 -0.223308 -0.441602 -1.919197 -0.079349 -0.442369 3.901062 -0.124281 -0.340147 8.762565 -0.091325 0.194636 3.971149 0.742433 -0.038817 -28.651997 1.415920 -2.319275 1.559365 9.228919 20.560721 -16.619266 58.805162 1.256949 28.975256 -5.187194 13.465023 14.435370 7.476773 -1.368767 0.431540 -4.122850 -5.124792 -18.061551 -68.312582 -0.736220 34.163027 9.011031 -5.105547 20.286588 2.870466 -6.089532 -27.046609 -3.594961 -0.694788 36.004729 5.109062 0.194883 -14.741144 6.065323 -0.000000 0.000000 0.000000 6.790502 -28.122794 6.060258 -4.563786 39.997637 -4.817280 -5.676099 -20.248913 -11.651990 0.000000 -0.000000 -0.000000
-1.857492 91.933386 131.992326 20.851860 7.070772 -1.440473 -1.018757 8.663644 -0.251546 -0.437353 -1.975283 -0.092245 -0.438068 3.844979 -0.136741 -0.337825 8.720509 -0.100826 0.146227 4.223152 0.769479 -0.150701 -28.183205 1.496689 -2.370603 1.425669 9.334559 20.047486 -15.894787 59.385670 1.170196 29.019305 -5.200948 13.457043 14.452554 7.490008 -1.250207 0.280931 -4.229873 -5.021366 -17.202217 -68.662021 -0.632597 34.244414 9.060072 -5.076301 20.319871 2.827555 -6.249149 -24.334610 -3.453510 -0.956113 32.599744 4.703279 0.306079 -13.457839 6.181046 -0.000000 0.000000 0.000000 6.855627 -25.477584 5.753130 -4.919334 36.599241 -4.598389 -5.342228 -19.125312 -11.640897 -0.000000 -0.000000 -0.000000
-1.606049 92.582627 132.488526 21.045041 6.433958 -1.394342 -0.996932 8.540550 -0.283537 -0.425685 -2.029932 -0.107092 -0.426338 3.790339 -0.150399 -0.330025 8.679535 -0.111278 0.096132 4.490037 0.799742 -0.266782 -27.686627 1.583921 -2.419273 1.358414 9.425830 19.565474 -15.224460 59.946224 1.079630 29.046351 -5.218904 13.445364 14.472181 7.499181 -1.138387 0.152756 -4.322038 -4.850115 -16.381815 -68.991141 -0.595924 34.350083 9.053627 -5.063319 20.321380 2.799653 -6.585595 -21.643402 -3.324591 -1.102025 29.270581 4.358743 0.576440 -12.065274 6.288146 0.000000 -0.000000 0.000000 7.108721 -22.773469 5.483038 -5.247258 33.192062 -4.316363 -5.388145 -17.860150 -11.581807 0.000000 -0.000000 0.000000
-1.318603 93.169306 133.005456 21.189427 5.796766 -1.355949 -0.970807 8.394102 -0.313831 -0.412245 -2.094969 -0.121314 -0.412827 3.725312 -0.163250 -0.320838 8.630767 -0.121131 0.060863 4.783430 0.825516 -0.348534 -27.140994 1.652053 -2.416653 1.363727 9.484963 19.103086 -14.601240 60.465349 0.992915 29.119333 -5.233537 13.442179 14.500002 7.518819 -0.992370 0.045821 -4.415004 -4.574563 -15.586507 -69.310509 -0.624966 34.493941 8.984286 -5.061674 20.328556 2.789400 -6.920680 -19.037374 -3.288742 -1.024818 26.070983 4.213711 0.670845 -10.779297 6.558256 -0.000000 -0.000000 0.000000 7.396102 -20.095208 5.208886 -5.309084 29.870254 -3.836616 -5.507239 -16.627952 -11.661518 0.000000 -0.000000 -0.000000
-1.001947 93.678794 133.509588 21.323365 5.151480 -1.332692 -0.984629 8.224989 -0.330365 -0.417483 -2.170085 -0.128775 -0.418016 3.650192 -0.171241 -0.325322 8.574433 -0.127193 0.059685 5.106337 0.836118 -0.350967 -26.541204 1.668741 -2.357554 1.381859 9.488009 18.681605 -13.966277 60.965184 0.919743 29.248137 -5.243930 13.436177 14.524697 7.555534 -0.770120 -0.040835 -4.529624 -4.217531 -14.789072 -69.621909 -0.677745 34.685761 8.885865 -5.067500 20.361606 2.804546 -7.217028 -16.532219 -3.430764 -0.788873 23.001744 4.287860 0.644677 -9.489218 6.892302 -0.000000 0.000000 0.000000 7.397562 -17.474546 5.165692 -5.222544 26.659245 -3.538465 -5.443919 -15.589186 -11.780161 -0.000000 0.000000 0.000000
-0.667811 94.105622 133.976804 21.443353 4.477561 -1.337738 -0.982294 8.067129 -0.338972 -0.416027 -2.240227 -0.132995 -0.416506 3.580051 -0.175309 -0.324507 8.521829 -0.130321 0.053418 5.438251 0.842416 -0.361082 -25.924667 1.679326 -2.327946 1.226140 9.546997 18.224861 -13.191296 61.448613 0.866425 29.410464 -5.252604 13.429443 14.552719 7.589465 -0.606912 -0.097579 -4.605614 -3.836019 -14.033778 -69.903693 -0.712072 34.948917 8.789782 -5.065518 20.381880 2.820669 -7.584362 -14.092111 -3.568534 -0.585102 20.054240 4.347957 0.581804 -8.419531 7.346374 0.000000 -0.000000 -0.000000 7.538393 -14.915586 5.076908 -5.318184 23.564530 -3.247275 -5.287298 -14.637877 -11.881479 -0.000000 -0.000000 -0.000000
-0.361125 94.448032 134.440902 21.558911 3.828480 -1.369290 -0.994298 7.883595 -0.328928 -0.422136 -2.321811 -0.128770 -0.422562 3.498462 -0.171701 -0.328818 8.460637 -0.127598 0.057770 5.788864 0.838789 -0.343860 -25.273684 1.663640 -2.257930 1.094184 9.587594 17.736229 -12.466454 61.891749 0.832494 29.574521 -5.252073 13.427789 14.575303 7.627827 -0.436823 -0.149899 -4.688543 -3.499794 -13.241143 -70.157597 -0.686633 35.218641 8.756346 -5.088332 20.390488 2.800174 -8.288722 -11.789254 -3.532454 -0.352074 17.278831 4.186203 0.756874 -7.439221 7.842025 -0.000000 -0.000000 0.000000 8.000996 -12.450773 5.181965 -5.640394 20.604953 -3.174671 -5.345689 -13.787116 -11.995595 -0.000000 0.000000 -0.000000
-0.097845 94.714055 134.906201 21.672614 3.185536 -1.429417 -1.019446 7.696756 -0.297672 -0.435397 -2.404904 -0.114944 -0.435774 3.415359 -0.159220 -0.337858 8.398307 -0.118121 0.082063 6.153480 0.827591 -0.282388 -24.597064 1.621961 -2.202847 0.982207 9.594871 17.278621 -11.804438 62.296449 0.829107 29.710108 -5.232268 13.405434 14.582305 7.660478 -0.239503 -0.212466 -4.801771 -3.248187 -12.418739 -70.356661 -0.648332 35.413611 8.741109 -5.082017 20.387130 2.767131 -9.034946 -9.497086 -3.498315 -0.092037 14.506344 4.022508 0.948306 -6.466932 8.269500 0.000000 -0.000000 -0.000000 8.683677 -10.078450 5.439792 -6.150156 17.737289 -3.193733 -5.494251 -12.937328 -12.146558 0.000000 -0.000000 0.000000
0.137157 94.907976 135.323920 21.802897 2.567763 -1.472390 -1.049438 7.492294 -0.276945 -0.450155 -2.495806 -0.105760 -0.450474 3.324447 -0.151533 -0.348355 8.330122 -0.112274 0.106820 6.532478 0.823341 -0.224122 -23.893637 1.594471 -2.185141 0.835877 9.628652 16.828025 -11.134657 62.652482 0.840380 29.840947 -5.208519 13.377499 14.590364 7.691294 -0.046234 -0.453135 -4.928661 -3.021237 -11.406197 -70.511645 -0.601748 35.501432 8.739634 -5.069470 20.404830 2.736252 -9.707340 -7.316485 -3.548327 0.002853 11.888425 3.891821 1.233768 -5.595993 8.515175 0.000000 -0.000000 0.000000 8.891126 -7.926975 5.714947 -6.304128 15.130543 -3.202284 -5.549999 -12.079733 -12.216851 0.000000 0.000000 0.000000
0.337222 95.035199 135.666248 21.943748 1.956993 -1.488106 -1.075470 7.296622 -0.284263 -0.461421 -2.582738 -0.109069 -0.461675 3.237505 -0.155983 -0.357098 8.264921 -0.115637 0.125430 6.903161 0.841390 -0.190517 -23.205316 1.615489 -2.236694 0.611995 9.731648 16.430059 -10.425771 62.939359 0.866785 29.997061 -5.172838 13.333440 14.617358 7.686145 0.095480 -0.763355 -5.021241 -2.748783 -10.359697 -70.653461 -0.547816 35.527238 8.753733 -5.056862 20.419644 2.724949 -10.251573 -5.278590 -3.589042 -0.079995 9.542905 3.768400 1.574107 -4.885829 8.524367 -0.000000 0.000000 0.000000 8.834833 -5.971197 5.872372 -6.383116 12.804937 -3.192799 -5.410498 -11.273712 -12.112397 0.000000 0.000000 0.000000
0.499527 95.099728 135.954328 22.091349 1.365105 -1.478460 -1.139773 7.116697 -0.300556 -0.489174 -2.662625 -0.115753 -0.489374 3.157595 -0.165485 -0.378565 8.205002 -0.122737 0.165804 7.249942 0.858873 -0.113743 -22.561674 1.624624 -2.285748 0.339717 9.818062 16.136773 -9.715943 63.150646 0.916402 30.210103 -5.118716 13.300295 14.653479 7.668369 0.258363 -0.998216 -5.118519 -2.391338 -9.458465 -70.784171 -0.503199 35.575383 8.763085 -5.053840 20.394739 2.712584 -10.613413 -3.389987 -3.670394 -0.351991 7.479139 3.684302 1.931570 -4.414994 8.435047 0.000000 -0.000000 -0.000000 8.680709 -4.194994 6.027260 -6.259279 10.808937 -3.213833 -5.380794 -10.637404 -11.888796 -0.000000 0.000000 -0.000000
0.624909 95.111820 136.177336 22.219723 0.850669 -1.459505 -1.228992 6.925512 -0.314616 -0.528171 -2.747501 -0.121158 -0.528308 3.072684 -0.174851 -0.408445 8.141336 -0.129687 0.230093 7.556868 0.859867 0.017980 -21.992481 1.589780 -2.178013 0.100323 9.908611 15.799486 -9.073169 63.258928 1.006411 30.462864 -5.052459 13.255059 14.623129 7.647315 0.437220 -1.233674 -5.264773 -1.958551 -8.608845 -70.865451 -0.465467 35.646219 8.776997 -5.059349 20.368143 2.687488 -10.774099 -1.743760 -3.769923 -0.890474 5.712601 3.618341 2.381902 -4.152529 8.371906 0.000000 -0.000000 0.000000 8.263193 -2.648035 6.144448 -5.789520 9.067963 -3.234025 -5.437044 -10.049569 -11.593294 0.000000 0.000000 0.000000
0.724452 95.092427 136.343569 22.307837 0.358140 -1.437928 -1.302280 6.747021 -0.328549 -0.560086 -2.826741 -0.126777 -0.560153 2.993413 -0.183710 -0.432978 8.081898 -0.136293 0.295402 7.818485 0.854869 0.153395 -21.507418 1.543902 -2.060456 -0.131050 9.999936 15.454521 -8.474171 63.310855 1.124112 30.694239 -4.967942 13.224710 14.616186 7.646548 0.572505 -1.456997 -5.483310 -1.486583 -7.827392 -70.841417 -0.406716 35.724584 8.796829 -5.063281 20.379676 2.672447 -10.694692 -0.351169 -3.774235 -1.501688 4.369727 3.454367 2.722361 -4.166973 8.381056 0.000000 -0.000000 -0.000000 7.613622 -1.233971 6.125678 -5.137200 7.637482 -3.133491 -5.443976 -9.600617 -11.317474 0.000000 0.000000 -0.000000
0.805070 95.066109 136.465761 22.369329 -0.073865 -1.414579 -1.386141 6.581584 -0.345517 -0.596527 -2.900158 -0.133610 -0.596521 2.919959 -0.194242 -0.461023 8.026827 -0.144146 0.377997 8.036726 0.847062 0.323185 -21.103006 1.484991 -1.981525 -0.365448 10.082759 15.211143 -7.947489 63.348377 1.206226 30.830135 -4.895454 13.176177 14.599329 7.623917 0.788808 -1.738534 -5.787417 -1.116114 -7.087572 -70.715530 -0.255655 35.767412 8.859643 -5.064693 20.376456 2.673091 -10.616769 0.716062 -3.721754 -1.868903 3.519274 3.233741 2.860330 -4.431016 8.426786 0.000000 0.000000 -0.000000 7.009026 0.058980 6.087822 -4.519584 6.270888 -3.055645 -5.491738 -9.208970 -11.077518 0.000000 -0.000000 0.000000
0.864469 95.053157 136.594624 22.370189 -0.471220 -1.415209 -1.414908 6.409253 -0.357983 -0.608726 -2.976689 -0.139293 -0.608636 2.843415 -0.201161 -0.470637 7.969429 -0.149387 0.436834 8.245219 0.840549 0.444631 -20.716371 1.441309 -1.987352 -0.491896 10.239980 15.002018 -7.549025 63.325354 1.202327 30.878376 -4.869550 13.112704 14.579209 7.603746 1.007616 -1.910581 -6.111089 -0.849986 -6.483534 -70.566046 0.011036 35.763526 9.007719 -5.054165 20.335136 2.686886 -10.783702 1.471461 -3.724605 -1.687424 3.119369 3.147028 2.819517 -4.765030 8.340253 0.000000 -0.000000 0.000000 6.635923 1.136432 6.089930 -4.036449 5.384205 -2.929760 -5.634688 -9.160371 -10.897143 0.000000 0.000000 0.000000
0.911124 95.065988 136.672702 22.322526 -0.802818 -1.423638 -1.454024 6.270518 -0.358154 -0.626234 -3.038318 -0.139291 -0.626073 2.781766 -0.202935 -0.483862 7.923200 -0.150701 0.513758 8.406571 0.820616 0.607430 -20.417383 1.363092 -1.975380 -0.632240 10.414646 14.816246 -7.280384 63.255482 1.123921 30.857851 -4.882902 13.036275 14.570667 7.585934 1.328971 -2.011910 -6.491701 -0.604334 -6.095020 -70.431297 0.376200 35.701659 9.232256 -5.029058 20.286051 2.729234 -10.949449 1.801403 -3.739853 -1.210399 3.148661 3.144271 2.582876 -4.966145 8.157304 -0.000000 -0.000000 -0.000000 6.647439 1.849180 6.096250 -4.000474 4.917883 -2.862736 -5.677858 -9.205643 -10.620002 -0.000000 -0.000000 -0.000000
0.894105 95.094626 136.655093 22.257813 -1.104019 -1.423804 -1.490910 6.145051 -0.366235 -0.642276 -3.094026 -0.142807 -0.642048 2.726040 -0.208079 -0.496233 7.881415 -0.154569 0.582482 8.540534 0.800724 0.753347 -20.169066 1.289672 -1.946891 -0.501787 10.567487 14.580126 -7.349153 63.145503 1.021517 30.821726 -4.898959 12.960931 14.583585 7.534762 1.622872 -1.903477 -6.827090 -0.278167 -6.003616 -70.341741 0.803433 35.601454 9.460249 -4.977555 20.253587 2.786541 -10.778284 1.801360 -3.739757 -0.873804 3.517158 3.157419 2.221419 -5.045159 7.900511 -0.000000 -0.000000 -0.000000 6.839501 2.157341 6.067466 -4.319798 4.859077 -2.845158 -5.500632 -9.181219 -10.258980 0.000000 -0.000000 0.000000
0.791004 95.073943 136.497516 22.218443 -1.415203 -1.432668 -1.534412 6.055022 -0.369462 -0.661521 -3.133995 -0.143979 -0.661240 2.686050 -0.211204 -0.510862 7.851431 -0.156885 0.638560 8.637116 0.782347 0.873084 -19.989993 1.225910 -1.914037 -0.218007 10.556631 14.233410 -7.672039 63.164289 0.915228 30.806021 -4.901202 12.885229 14.589667 7.493690 1.830018 -1.702785 -7.083731 0.149459 -6.077789 -70.357409 1.283856 35.471601 9.684552 -4.915530 20.287122 2.838630 -10.400416 1.673139 -3.726478 -0.707990 4.102551 3.186170 1.814759 -5.119111 7.720482 -0.000000 -0.000000 0.000000 6.988406 2.221030 6.030568 -4.712017 5.126196 -2.842121 -5.220157 -9.172149 -9.839397 -0.000000 0.000000 -0.000000
0.651837 95.075031 136.255847 22.166684 -1.728625 -1.444831 -1.543668 6.013363 -0.379441 -0.665094 -3.152468 -0.148436 -0.664789 2.667572 -0.216023 -0.513880 7.837579 -0.160531 0.655775 8.690705 0.777282 0.909597 -19.890545 1.207509 -1.937781 0.003753 10.565210 13.855083 -7.994833 63.223241 0.801574 30.783479 -4.901486 12.840879 14.634967 7.400305 1.917557 -1.504521 -7.181601 0.570804 -6.215986 -70.537475 1.827479 35.337448 9.921331 -4.865335 20.416038 2.820753 -9.899274 1.549341 -3.735812 -0.881806 4.739232 3.241949 1.629117 -5.240648 7.624856 -0.000000 0.000000 -0.000000 6.857659 2.144286 5.988698 -4.748825 5.654327 -2.871647 -5.013640 -9.259214 -9.388576 -0.000000 -0.000000 0.000000
0.571710 95.083725 136.067558 22.128985 -2.036939 -1.454840 -1.542018 6.010048 -0.390008 -0.663748 -3.153906 -0.153160 -0.663442 2.666135 -0.220611 -0.513204 7.836505 -0.164009 0.656011 8.728189 0.780242 0.908765 -19.820933 1.213180 -2.003629 0.121203 10.579981 13.534646 -8.200893 63.331205 0.701807 30.748400 -4.917113 12.812596 14.660022 7.412442 1.921167 -1.409430 -7.166799 0.873231 -6.230900 -70.855624 2.368564 35.292621 10.150620 -4.774807 20.546317 2.692231 -9.521874 1.578378 -3.761464 -1.259366 5.135927 3.281745 1.722084 -5.239262 7.581659 -0.000000 -0.000000 -0.000000 6.438877 2.122932 5.944275 -4.473158 6.119475 -2.877257 -4.845324 -9.292301 -9.021160 0.000000 0.000000 0.000000
0.473140 95.091849 135.908847 22.060656 -2.395226 -1.508293 -1.508244 6.050448 -0.382341 -0.649127 -3.136004 -0.150055 -0.648848 2.684054 -0.216020 -0.501925 7.849935 -0.160584 0.639696 8.786879 0.789402 0.872524 -19.711871 1.239031 -1.965294 0.129682 10.525839 13.238682 -8.257359 63.509331 0.608256 30.710196 -4.933682 12.815885 14.690794 7.463524 1.866162 -1.423735 -7.089026 0.972206 -6.041567 -71.234322 2.836115 35.311467 10.356032 -4.669075 20.700119 2.441541 -9.264565 1.834214 -3.731714 -1.679511 5.280012 3.285075 1.976905 -5.185395 7.523045 -0.000000 -0.000000 -0.000000 5.993313 2.277032 5.923788 -4.106301 6.447170 -2.816639 -4.684891 -9.324637 -8.734035 -0.000000 -0.000000 0.000000
0.407127 95.105831 135.848240 21.954744 -2.750979 -1.568331 -1.456198 6.096347 -0.373329 -0.626449 -3.115676 -0.146579 -0.626201 2.704408 -0.210241 -0.484525 7.865187 -0.156294 0.623428 8.894623 0.802467 0.834778 -19.511698 1.272380 -1.946423 0.058131 10.488734 13.175588 -8.125486 63.649150 0.499021 30.707317 -4.968721 12.835230 14.725600 7.518079 1.782885 -1.510052 -7.005092 0.892006 -5.690926 -71.577469 3.179656 35.405365 10.503448 -4.575418 20.865653 2.104541 -9.231256 2.228149 -3.661657 -1.870764 5.218743 3.233155 2.242189 -5.124156 7.457048 0.000000 -0.000000 -0.000000 5.804250 2.591292 5.944112 -3.873792 6.542287 -2.725586 -4.588882 -9.334222 -8.501203 -0.000000 0.000000 -0.000000
0.363302 95.119860 135.894578 21.815826 -3.093854 -1.624386 -1.420444 6.121642 -0.364385 -0.611035 -3.104490 -0.142997 -0.610806 2.715611 -0.205093 -0.472608 7.873580 -0.152458 0.628380 9.055197 0.809149 0.842055 -19.213515 1.282806 -1.861557 0.010342 10.437241 13.295134 -7.919741 63.752637 0.361355 30.735629 -5.044577 12.859498 14.752294 7.594669 1.761296 -1.604375 -6.959969 0.711606 -5.252732 -71.852238 3.382483 35.589319 10.581305 -4.490480 20.966061 1.759898 -9.409614 2.726324 -3.602532 -1.823833 4.999845 3.171269 2.496822 -5.092666 7.403075 0.000000 -0.000000 -0.000000 5.880033 3.018724 6.034356 -3.848949 6.481803 -2.684928 -4.514758 -9.365856 -8.262000 0.000000 0.000000 -0.000000
0.337689 95.132956 135.987795 21.650485 -3.441306 -1.678486 -1.389297 6.131403 -0.362813 -0.597255 -3.100181 -0.142679 -0.597035 2.719935 -0.203376 -0.462162 7.876817 -0.151216 0.644155 9.234282 0.814524 0.871218 -18.881007 1.285491 -1.835730 -0.129576 10.457986 13.540239 -7.560713 63.812488 0.207390 30.770261 -5.146690 12.873258 14.751854 7.653440 1.780804 -1.673540 -6.950436 0.524516 -4.804719 -72.045769 3.452683 35.824252 10.611115 -4.433887 20.982619 1.473119 -9.596421 3.279393 -3.560377 -1.751172 4.705336 3.109905 2.755902 -5.072828 7.364295 0.000000 -0.000000 0.000000 5.926378 3.470218 6.119395 -3.720312 6.368297 -2.625048 -4.483993 -9.380378 -8.038315 -0.000000 0.000000 0.000000
0.323597 95.146143 136.078425 21.467168 -3.768491 -1.733725 -1.360819 6.126465 -0.369075 -0.584216 -3.102379 -0.145852 -0.583999 2.717751 -0.205223 -0.452527 7.875176 -0.152673 0.667015 9.399538 0.824108 0.912098 -18.574212 1.293146 -1.865685 -0.285940 10.516525 13.767710 -7.222381 63.849941 0.069235 30.777135 -5.225630 12.852561 14.744133 7.677802 1.832535 -1.763139 -6.984647 0.442615 -4.373819 -72.158205 3.427914 36.078166 10.628425 -4.444172 20.974167 1.278715 -9.655087 3.803748 -3.519176 -1.756272 4.434888 3.063106 2.979652 -5.096244 7.325544 0.000000 -0.000000 -0.000000 5.854396 3.874508 6.181426 -3.466563 6.285583 -2.544951 -4.452554 -9.393994 -7.836964 -0.000000 0.000000 0.000000
0.279419 95.160227 136.164207 21.294437 -4.047826 -1.784268 -1.343039 6.107761 -0.386814 -0.575282 -3.110652 -0.154020 -0.575059 2.709487 -0.212483 -0.446357 7.868980 -0.158211 0.690105 9.523038 0.841376 0.949558 -18.344961 1.315810 -1.953289 -0.415459 10.595054 13.899654 -6.996187 63.877157 -0.037068 30.751140 -5.267847 12.819617 14.736508 7.681544 1.913015 -1.841784 -7.034405 0.479046 -4.041459 -72.211147 3.336770 36.297444 10.621164 -4.482629 20.943459 1.199356 -9.569815 4.213655 -3.457591 -1.842761 4.255359 3.020692 3.135868 -5.150851 7.260284 0.000000 0.000000 -0.000000 5.756410 4.207365 6.255241 -3.251668 6.234682 -2.492035 -4.382582 -9.417882 -7.653586 -0.000000 -0.000000 -0.000000
0.227392 95.178662 136.206327 21.126366 -4.253505 -1.831494 -1.335354 6.075831 -0.406956 -0.570715 -3.124789 -0.163163 -0.570477 2.695355 -0.221160 -0.443560 7.858385 -0.164806 0.713330 9.595725 0.852876 0.989751 -18.210074 1.327249 -2.038755 -0.447862 10.661363 13.893270 -6.983236 63.887756 -0.115856 30.730603 -5.272961 12.789108 14.734135 7.651787 2.014642 -1.907331 -7.102516 0.679685 -3.842859 -72.216138 3.208285 36.486272 10.582950 -4.520924 20.901610 1.175056 -9.362927 4.452701 -3.359707 -1.878371 4.198466 2.990644 3.133784 -5.215656 7.144822 0.000000 0.000000 0.000000 5.571855 4.413365 6.300532 -3.048725 6.249431 -2.461350 -4.240324 -9.445714 -7.453226 0.000000 -0.000000 0.000000
0.158757 95.203903 136.192766 20.957395 -4.407793 -1.881616 -1.332108 6.038430 -0.423026 -0.568367 -3.141366 -0.170456 -0.568113 2.678779 -0.228214 -0.442308 7.845958 -0.170165 0.733044 9.626268 0.851502 1.028940 -18.153436 1.315305 -2.106895 -0.414200 10.709018 13.804270 -7.108008 63.885378 -0.194307 30.751983 -5.266917 12.761716 14.758523 7.614171 2.113531 -1.897476 -7.166827 0.991104 -3.827418 -72.196673 3.099011 36.629453 10.512382 -4.542501 20.868042 1.138129 -9.120922 4.535478 -3.262838 -1.841641 4.259092 2.988009 3.037002 -5.280209 7.021622 0.000000 -0.000000 0.000000 5.268553 4.489092 6.294610 -2.875076 6.349982 -2.422161 -3.960046 -9.457768 -7.273167 0.000000 0.000000 -0.000000
0.081721 95.232411 136.122189 20.776246 -4.510254 -1.918194 -1.315813 5.993268 -0.442865 -0.560002 -3.161394 -0.179616 -0.559731 2.658760 -0.236523 -0.436638 7.830946 -0.176501 0.741958 9.636595 0.839536 1.051958 -18.134289 1.287811 -2.170387 -0.389347 10.751712 13.709151 -7.234676 63.891285 -0.290784 30.825284 -5.286946 12.730944 14.785062 7.605343 2.191336 -1.873936 -7.206909 1.265493 -3.884749 -72.177158 3.060180 36.667681 10.440736 -4.543936 20.887611 1.068015 -8.795817 4.489286 -3.168123 -1.896792 4.406099 2.988540 2.951070 -5.343364 6.937944 -0.000000 -0.000000 -0.000000 5.031549 4.489794 6.293458 -2.772026 6.462829 -2.402812 -3.669895 -9.454901 -7.149052 0.000000 0.000000 0.000000
0.003120 95.257396 136.029127 20.586179 -4.583530 -1.928944 -1.305615 5.957081 -0.464212 -0.554258 -3.177424 -0.189337 -0.553973 2.642736 -0.245660 -0.432994 7.818932 -0.183449 0.752630 9.634299 0.813677 1.084866 -18.138565 1.232426 -2.212805 -0.374868 10.745602 13.715566 -7.339265 63.905284 -0.392153 30.875385 -5.314797 12.702145 14.804799 7.643248 2.273541 -1.886342 -7.239768 1.408495 -3.931015 -72.177530 3.105798 36.605533 10.417214 -4.512104 20.938344 0.958772 -8.475346 4.401684 -3.117806 -1.990225 4.566137 3.003511 2.912170 -5.414645 6.882565 -0.000000 0.000000 -0.000000 4.984873 4.506263 6.306637 -2.781935 6.521041 -2.399326 -3.441102 -9.461431 -7.082232 -0.000000 0.000000 0.000000
-0.073535 95.275734 135.940846 20.399727 -4.658804 -1.926782 -1.285921 5.940646 -0.487562 -0.544155 -3.184679 -0.200008 -0.543866 2.635491 -0.255304 -0.426124 7.813500 -0.190793 0.753734 9.626889 0.785161 1.100367 -18.152289 1.176341 -2.232285 -0.406456 10.741178 13.788721 -7.358541 63.900758 -0.460653 30.867847 -5.331554 12.658968 14.812075 7.728500 2.298312 -1.917176 -7.237932 1.419538 -3.940245 -72.203227 3.193460 36.475895 10.445946 -4.471201 21.005163 0.830710 -8.222812 4.339275 -3.088864 -2.042887 4.690700 3.020580 2.896650 -5.480449 6.830085 -0.000000 -0.000000 0.000000 5.039840 4.561958 6.346338 -2.777631 6.539415 -2.407260 -3.324484 -9.483865 -7.076634 -0.000000 0.000000 -0.000000
-0.145085 95.287817 135.873403 20.239405 -4.739012 -1.927442 -1.272222 5.939917 -0.505044 -0.537045 -3.184967 -0.207949 -0.536759 2.635210 -0.262523 -0.421322 7.813290 -0.196284 0.753164 9.613958 0.756250 1.112794 -18.176250 1.120254 -2.228412 -0.363121 10.705913 13.945253 -7.399320 63.867569 -0.488452 30.825203 -5.331568 12.631580 14.806589 7.817638 2.255993 -1.898183 -7.207379 1.358568 -3.974994 -72.237515 3.277575 36.357394 10.490910 -4.427606 21.068387 0.744077 -8.163329 4.336948 -3.074914 -1.988228 4.746321 3.030858 2.930684 -5.534375 6.783402 0.000000 0.000000 0.000000 5.068730 4.635912 6.378182 -2.718751 6.541071 -2.397210 -3.257186 -9.502943 -7.102597 0.000000 -0.000000 -0.000000
-0.209369 95.294608 135.832209 20.092081 -4.795269 -1.933029 -1.264376 5.934643 -0.512673 -0.533116 -3.187297 -0.211453 -0.532829 2.632883 -0.265627 -0.418603 7.811546 -0.198650 0.755011 9.597202 0.725782 1.130669 -18.207301 1.059979 -2.190099 -0.240739 10.658590 14.136145 -7.492375 63.788585 -0.499178 30.776471 -5.326583 12.634919 14.801316 7.861860 2.192459 -1.828269 -7.150132 1.252929 -4.039015 -72.275339 3.335188 36.303471 10.550855 -4.426975 21.119844 0.675766 -8.249490 4.351865 -3.044522 -1.856722 4.749804 3.025190 3.025194 -5.593688 6.724273 -0.000000 0.000000 -0.000000 5.249702 4.689627 6.424050 -2.765093 6.535215 -2.394999 -3.256293 -9.555990 -7.110663 -0.000000 0.000000 -0.000000
-0.274407 95.299055 135.822261 20.000232 -4.839268 -1.943771 -1.283953 5.934839 -0.512948 -0.541814 -3.187188 -0.211324 -0.541523 2.632984 -0.266382 -0.425174 7.811626 -0.199184 0.765348 9.584063 0.697084 1.164285 -18.231635 0.999156 -2.146579 -0.231052 10.634402 14.291630 -7.481201 63.695056 -0.480290 30.722873 -5.324395 12.629212 14.790450 7.883846 2.123209 -1.785507 -7.100562 1.113642 -4.078125 -72.282792 3.348122 36.298133 10.587061 -4.431523 21.101401 0.612693 -8.377626 4.383705 -3.002772 -1.785353 4.705755 3.004843 3.170332 -5.604455 6.669152 -0.000000 0.000000 -0.000000 5.572063 4.756034 6.525147 -2.941419 6.471207 -2.414090 -3.302070 -9.582266 -7.120304 0.000000 -0.000000 -0.000000
-0.335474 95.304757 135.831409 19.952642 -4.885143 -1.951177 -1.325598 5.941429 -0.510777 -0.560470 -3.184220 -0.209805 -0.560173 2.635933 -0.266759 -0.439176 7.813846 -0.199388 0.781333 9.580216 0.673049 1.206733 -18.238707 0.944785 -2.135240 -0.280128 10.611264 14.414610 -7.445770 63.597622 -0.464315 30.714828 -5.334290 12.622747 14.818720 7.890756 2.082150 -1.769132 -7.072656 0.958239 -4.120548 -72.247425 3.335379 36.292001 10.596462 -4.456267 21.056733 0.537941 -8.612631 4.452929 -2.995225 -1.720622 4.615383 3.010669 3.390503 -5.603588 6.635428 0.000000 -0.000000 0.000000 5.900298 4.795195 6.629438 -3.052641 6.432719 -2.442472 -3.463295 -9.597393 -7.103721 0.000000 -0.000000 0.000000
-0.388859 95.311141 135.835954 19.929513 -4.914819 -1.956524 -1.375709 5.945555 -0.509021 -0.582874 -3.182338 -0.208370 -0.582568 2.637793 -0.267600 -0.456020 7.815252 -0.199926 0.798545 9.591651 0.660526 1.246160 -18.217423 0.912334 -2.150982 -0.351439 10.594912 14.483846 -7.433496 63.501509 -0.461288 30.751020 -5.352718 12.595829 14.848850 7.887477 2.082186 -1.789462 -7.066047 0.828987 -4.181434 -72.159856 3.287381 36.270341 10.569447 -4.483359 21.045528 0.457613 -8.801548 4.504540 -2.993856 -1.755563 4.528305 3.023278 3.641847 -5.581023 6.627365 -0.000000 0.000000 -0.000000 6.099331 4.776365 6.690701 -3.008861 6.441514 -2.454868 -3.675485 -9.581536 -7.080624 0.000000 -0.000000 -0.000000
-0.436188 95.316275 135.831651 19.912339 -4.943053 -1.959471 -1.420387 5.949973 -0.508356 -0.602795 -3.180328 -0.207486 -0.602481 2.639782 -0.268741 -0.471025 7.816753 -0.200702 0.811727 9.610715 0.656882 1.273543 -18.181999 0.899129 -2.162846 -0.413010 10.587285 14.477547 -7.450725 63.404927 -0.457229 30.756223 -5.354998 12.558172 14.853876 7.899168 2.096918 -1.810981 -7.069851 0.747977 -4.291286 -72.034006 3.218335 36.258762 10.527064 -4.506062 21.059021 0.388455 -8.938434 4.552299 -2.999087 -1.806307 4.452685 3.038973 3.849739 -5.568493 6.642434 -0.000000 0.000000 0.000000 6.261883 4.752846 6.750461 -2.952968 6.457433 -2.470985 -3.870609 -9.565915 -7.067186 0.000000 -0.000000 -0.000000
-0.467662 95.309842 135.836196 19.867414 -4.973871 -1.967532 -1.442485 5.955339 -0.505697 -0.612780 -3.177928 -0.206003 -0.612464 2.642171 -0.268273 -0.478472 7.818549 -0.200304 0.820328 9.625289 0.658133 1.289700 -18.154935 0.897598 -2.160125 -0.430418 10.574944 14.423011 -7.511659 63.303008 -0.445092 30.715463 -5.321895 12.527481 14.835133 7.904579 2.105409 -1.821938 -7.079433 0.710857 -4.447691 -71.885253 3.155312 36.261041 10.499441 -4.521421 21.067320 0.374495 -9.067385 4.600353 -3.002554 -1.726639 4.393896 3.054428 3.948768 -5.584977 6.662601 -0.000000 0.000000 -0.000000 6.443946 4.750088 6.823745 -3.007515 6.463677 -2.498643 -3.949239 -9.564361 -7.065783 0.000000 -0.000000 0.000000
-0.496598 95.311662 135.831653 19.819901 -5.004963 -1.976105 -1.455425 5.960427 -0.503114 -0.618685 -3.175662 -0.204673 -0.618369 2.644431 -0.267542 -0.482842 7.820246 -0.199724 0.824648 9.632983 0.660681 1.296913 -18.140656 0.900572 -2.137665 -0.432799 10.561684 14.335690 -7.568750 63.206210 -0.434938 30.671257 -5.280059 12.503817 14.823788 7.898403 2.103642 -1.803430 -7.076060 0.680875 -4.652897 -71.741559 3.112146 36.260274 10.498745 -4.531269 21.042386 0.392899 -9.137617 4.630439 -3.009664 -1.608332 4.362906 3.079404 3.957374 -5.601654 6.671590 -0.000000 -0.000000 -0.000000 6.524827 4.757469 6.879445 -2.969161 6.472849 -2.517518 -4.021847 -9.560137 -7.068377 -0.000000 -0.000000 0.000000
-0.524606 95.310827 135.821632 19.737722 -5.010604 -1.979921 -1.445633 5.956396 -0.499868 -0.614519 -3.177474 -0.203371 -0.614203 2.642623 -0.265817 -0.479596 7.818887 -0.198439 0.828265 9.641786 0.660032 1.304253 -18.124303 0.897653 -2.118782 -0.439217 10.545327 14.264284 -7.596735 63.119593 -0.441639 30.652250 -5.250521 12.491176 14.820774 7.900233 2.103961 -1.808503 -7.074310 0.614202 -4.835851 -71.596893 3.083095 36.203152 10.508694 -4.536452 21.019057 0.408963 -9.096076 4.609923 -2.976851 -1.511307 4.360178 3.080699 3.909357 -5.603602 6.663322 0.000000 0.000000 -0.000000 6.569434 4.748148 6.900810 -2.972465 6.486063 -2.511104 -3.981354 -9.569600 -7.085819 0.000000 0.000000 -0.000000
-0.552464 95.310144 135.816090 19.647329 -5.015364 -1.976280 -1.430647 5.951202 -0.498795 -0.607915 -3.179802 -0.203105 -0.607600 2.640302 -0.264880 -0.474581 7.817143 -0.197759 0.832490 9.654824 0.662473 1.311323 -18.100099 0.900492 -2.114681 -0.470330 10.531586 14.272226 -7.564367 63.042550 -0.475670 30.633584 -5.238974 12.487157 14.815309 7.913698 2.104811 -1.808947 -7.067317 0.533134 -5.029760 -71.441551 3.058268 36.133784 10.501892 -4.540219 21.030743 0.408957 -9.046693 4.601151 -2.952192 -1.432649 4.343556 3.075120 3.874586 -5.595893 6.658787 0.000000 0.000000 -0.000000 6.635531 4.748856 6.914464 -3.023534 6.491564 -2.494109 -3.900188 -9.584032 -7.125443 -0.000000 0.000000 0.000000
-0.585307 95.309474 135.819452 19.566280 -5.020409 -1.967175 -1.421135 5.936875 -0.498115 -0.603736 -3.186182 -0.202973 -0.603415 2.633927 -0.264323 -0.471408 7.812359 -0.197361 0.838923 9.666419 0.668490 1.321021 -18.078591 0.909255 -2.109655 -0.473938 10.517142 14.321896 -7.516952 62.971925 -0.524793 30.624266 -5.252574 12.486413 14.820607 7.924437 2.113280 -1.793412 -7.060189 0.461224 -5.218307 -71.284632 3.035695 36.116939 10.490735 -4.541206 21.045255 0.388139 -8.990212 4.602187 -2.936161 -1.411481 4.326449 3.079193 3.882108 -5.590521 6.648283 -0.000000 0.000000 -0.000000 6.686959 4.750843 6.942920 -3.036663 6.494847 -2.499748 -3.856857 -9.589912 -7.164262 0.000000 -0.000000 -0.000000
-0.618828 95.308448 135.831457 19.501945 -5.044681 -1.954948 -1.417775 5.928290 -0.496185 -0.602360 -3.190007 -0.202187 -0.602037 2.630104 -0.263398 -0.470310 7.809490 -0.196670 0.844393 9.671806 0.672599 1.329745 -18.068603 0.914723 -2.084985 -0.461176 10.507493 14.346679 -7.481854 62.900735 -0.568807 30.602572 -5.268936 12.488164 14.820870 7.925255 2.113351 -1.778075 -7.049249 0.405045 -5.390269 -71.134659 3.009052 36.130171 10.470135 -4.543490 21.057039 0.358542 -8.925026 4.632621 -2.927138 -1.432475 4.302659 3.081148 3.907254 -5.585411 6.634657 -0.000000 0.000000 -0.000000 6.697975 4.773504 6.964055 -2.992228 6.505399 -2.502096 -3.844570 -9.597204 -7.196751 -0.000000 0.000000 0.000000
-0.647777 95.306430 135.852164 19.453831 -5.046601 -1.943301 -1.421740 5.905871 -0.491138 -0.604441 -3.199983 -0.199970 -0.604106 2.620125 -0.261392 -0.471720 7.802006 -0.195151 0.851547 9.681313 0.666374 1.346579 -18.050911 0.899299 -2.066848 -0.453323 10.495711 14.341793 -7.445950 62.847834 -0.606651 30.548662 -5.279436 12.497899 14.801418 7.915680 2.097366 -1.750069 -7.035409 0.367525 -5.557826 -70.992781 2.972423 36.146567 10.440359 -4.550710 21.080451 0.324243 -8.892951 4.657118 -2.908874 -1.421076 4.270288 3.073572 3.916687 -5.595794 6.605422 -0.000000 -0.000000 -0.000000 6.731568 4.783376 6.968347 -2.958184 6.504786 -2.492324 -3.859897 -9.606715 -7.209451 0.000000 -0.000000 -0.000000
-0.668465 95.302443 135.884695 19.422502 -5.039252 -1.934333 -1.432623 5.877901 -0.483766 -0.609740 -3.212427 -0.196652 -0.609389 2.607676 -0.258611 -0.475485 7.792669 -0.193035 0.862259 9.708173 0.656089 1.372203 -18.000966 0.874403 -2.062753 -0.496954 10.503585 14.293837 -7.383555 62.800878 -0.648285 30.473913 -5.276416 12.510788 14.772360 7.886515 2.081260 -1.751174 -7.023180 0.315468 -5.690620 -70.855618 2.961518 36.184965 10.420496 -4.565302 21.102454 0.274084 -8.912073 4.692942 -2.896834 -1.346426 4.226758 3.065521 3.896869 -5.624128 6.566927 0.000000 0.000000 -0.000000 6.826002 4.796337 6.979770 -2.974391 6.486525 -2.480444 -3.902576 -9.619958 -7.215404 0.000000 -0.000000 -0.000000
-0.676603 95.298073 135.930412 19.404764 -5.028889 -1.928775 -1.453514 5.841799 -0.472250 -0.619740 -3.228488 -0.191395 -0.619367 2.591604 -0.254370 -0.482663 7.780616 -0.189797 0.878915 9.754423 0.643718 1.410308 -17.914983 0.842808 -2.082001 -0.556384 10.519054 14.235689 -7.318609 62.759141 -0.707968 30.381771 -5.266070 12.539517 14.747114 7.848004 2.090175 -1.743867 -7.016484 0.214004 -5.808299 -70.744237 3.001879 36.233727 10.454815 -4.594206 21.141572 0.173318 -8.923405 4.736031 -2.893119 -1.255148 4.186599 3.075472 3.842451 -5.636851 6.522564 0.000000 0.000000 0.000000 6.916537 4.809656 6.993307 -3.009259 6.479199 -2.480299 -3.945628 -9.650354 -7.208204 0.000000 0.000000 -0.000000
-0.674695 95.295836 135.985610 19.399465 -5.044948 -1.927044 -1.478175 5.816259 -0.459137 -0.631499 -3.239858 -0.185349 -0.631107 2.580221 -0.249517 -0.491115 7.772080 -0.186087 0.895623 9.799623 0.633321 1.447550 -17.830951 0.815072 -2.110472 -0.621367 10.535987 14.147674 -7.259660 62.738513 -0.758492 30.294357 -5.256435 12.574431 14.722731 7.801704 2.098685 -1.746784 -7.017029 0.076016 -5.903712 -70.647055 3.057053 36.273965 10.506459 -4.591280 21.179843 0.035410 -8.889373 4.812346 -2.892859 -1.227994 4.119954 3.080638 3.799107 -5.572390 6.479294 -0.000000 -0.000000 0.000000 6.978008 4.859017 7.026464 -3.055999 6.458534 -2.491521 -3.950812 -9.660269 -7.213148 0.000000 -0.000000 -0.000000
-0.667726 95.294340 136.044547 19.392857 -5.055069 -1.930641 -1.501532 5.791284 -0.441420 -0.642941 -3.250995 -0.177274 -0.642530 2.569071 -0.242605 -0.499180 7.763717 -0.180820 0.913410 9.841962 0.627271 1.484837 -17.752247 0.795312 -2.131069 -0.676108 10.550091 14.035477 -7.211818 62.726717 -0.786666 30.236169 -5.244890 12.620419 14.684997 7.742036 2.095041 -1.739215 -7.033290 -0.043753 -6.014870 -70.551930 3.092723 36.285059 10.548291 -4.579849 21.236245 -0.122135 -8.824826 4.886040 -2.881332 -1.154372 4.068424 3.074770 3.672669 -5.550079 6.479062 -0.000000 0.000000 0.000000 6.969322 4.898918 7.050237 -3.079882 6.452192 -2.498356 -3.908211 -9.668292 -7.218522 0.000000 -0.000000 -0.000000
-0.653178 95.289390 136.103243 19.380297 -5.053214 -1.932425 -1.521234 5.765634 -0.422051 -0.652849 -3.262442 -0.168515 -0.652420 2.557612 -0.234852 -0.506035 7.755120 -0.174925 0.931334 9.878890 0.624222 1.520983 -17.683602 0.781319 -2.164229 -0.701266 10.544399 13.946333 -7.193769 62.726113 -0.801263 30.210365 -5.237269 12.682848 14.634362 7.649252 2.089123 -1.758015 -7.053933 -0.086290 -6.132513 -70.459177 3.083680 36.280657 10.549638 -4.585310 21.333873 -0.277682 -8.740631 4.943198 -2.866824 -1.131610 4.038946 3.069846 3.587069 -5.549881 6.471823 0.000000 -0.000000 -0.000000 6.903511 4.921884 7.042345 -3.070225 6.468399 -2.488611 -3.836884 -9.685230 -7.215711 0.000000 -0.000000 0.000000
-0.639906 95.281217 136.163204 19.356944 -5.050258 -1.938603 -1.535407 5.739674 -0.398163 -0.660554 -3.274049 -0.157821 -0.660108 2.545996 -0.224940 -0.511082 7.746403 -0.167406 0.949262 9.911877 0.622668 1.556433 -17.622280 0.770229 -2.191330 -0.744710 10.543252 13.870214 -7.145647 62.734056 -0.816300 30.196793 -5.233791 12.789370 14.637157 7.471048 2.090125 -1.774038 -7.067336 -0.058665 -6.273682 -70.405636 3.045133 36.259799 10.519830 -4.607968 21.429701 -0.405708 -8.626433 4.990356 -2.836495 -1.148529 4.016377 3.060389 3.518676 -5.553853 6.454978 -0.000000 -0.000000 -0.000000 6.855645 4.954565 7.047180 -3.134903 6.477794 -2.486531 -3.696758 -9.697806 -7.225795 0.000000 0.000000 -0.000000
-0.626278 95.272389 136.231658 19.318907 -5.064588 -1.941686 -1.543647 5.718502 -0.374424 -0.665603 -3.283534 -0.147250 -0.665143 2.536506 -0.214882 -0.514129 7.739278 -0.159786 0.967010 9.943604 0.622534 1.590861 -17.563306 0.761997 -2.200842 -0.790883 10.549059 13.790397 -7.079998 62.753771 -0.840814 30.185242 -5.244409 12.890799 14.626435 7.276733 2.093471 -1.783685 -7.082716 0.011600 -6.422284 -70.381125 2.987847 36.223684 10.475946 -4.658028 21.500258 -0.518212 -8.540492 5.051993 -2.817821 -1.132393 3.998940 3.046777 3.458291 -5.535664 6.440472 -0.000000 -0.000000 0.000000 6.804657 5.017469 7.054432 -3.257933 6.465890 -2.480817 -3.472490 -9.660892 -7.255879 0.000000 -0.000000 0.000000
-0.615569 95.264198 136.297919 19.270870 -5.062746 -1.942588 -1.544941 5.692918 -0.350406 -0.667578 -3.294985 -0.136656 -0.667104 2.525052 -0.204488 -0.514848 7.730679 -0.151927 0.981130 9.966598 0.625593 1.616784 -17.520582 0.761593 -2.213210 -0.837477 10.555633 13.713162 -7.013923 62.782613 -0.862947 30.197375 -5.245810 13.006621 14.594021 7.035358 2.105881 -1.814505 -7.109149 0.088331 -6.551120 -70.371545 2.915963 36.150544 10.415134 -4.725065 21.574365 -0.610711 -8.455974 5.091110 -2.798251 -1.111409 3.988638 3.040486 3.402754 -5.525976 6.413411 -0.000000 -0.000000 -0.000000 6.712227 5.076744 7.052415 -3.318650 6.432424 -2.479427 -3.263520 -9.616946 -7.273085 -0.000000 0.000000 -0.000000
-0.601638 95.256596 136.369063 19.217873 -5.075748 -1.941127 -1.544727 5.685408 -0.327081 -0.668827 -3.298403 -0.126325 -0.668349 2.521633 -0.194283 -0.515041 7.728106 -0.144207 0.993648 9.978131 0.630083 1.638976 -17.499156 0.764623 -2.217266 -0.869226 10.551995 13.632307 -6.986718 62.818704 -0.889493 30.203392 -5.236857 13.144426 14.463437 6.793164 2.119656 -1.871416 -7.161888 0.166878 -6.672988 -70.349974 2.813574 36.037207 10.317917 -4.768173 21.676104 -0.705425 -8.382077 5.147627 -2.790835 -1.100299 3.985894 3.034202 3.372428 -5.535152 6.387313 -0.000000 -0.000000 -0.000000 6.625631 5.162700 7.042420 -3.331331 6.407625 -2.462030 -3.104784 -9.601845 -7.284920 -0.000000 -0.000000 -0.000000
-0.584938 95.249939 136.440958 19.161843 -5.104148 -1.940913 -1.552174 5.682848 -0.300531 -0.673668 -3.299627 -0.114449 -0.673186 2.520403 -0.182900 -0.517838 7.727175 -0.135578 1.013673 9.990607 0.634478 1.675787 -17.475951 0.764011 -2.199879 -0.896972 10.531740 13.546222 -6.960917 62.872792 -0.903228 30.160341 -5.213274 13.254261 14.294260 6.603674 2.154666 -1.940309 -7.234364 0.255449 -6.763751 -70.326094 2.671292 35.885344 10.189751 -4.782328 21.756333 -0.869525 -8.301042 5.218127 -2.790093 -1.097413 3.986103 3.040852 3.335967 -5.545341 6.352773 0.000000 -0.000000 -0.000000 6.537287 5.266750 7.030752 -3.287869 6.371684 -2.447663 -2.999566 -9.581553 -7.271391 -0.000000 0.000000 0.000000
-0.566515 95.243261 136.510404 19.104082 -5.143793 -1.941414 -1.556871 5.672769 -0.275372 -0.677208 -3.304190 -0.103251 -0.676720 2.515836 -0.172062 -0.519699 7.723740 -0.127371 1.031483 10.007727 0.639196 1.708117 -17.444131 0.765100 -2.173573 -0.913704 10.525925 13.433219 -6.920132 62.936703 -0.903789 30.073177 -5.188353 13.300902 14.154177 6.545845 2.188122 -1.996274 -7.295561 0.363988 -6.827663 -70.330939 2.505930 35.675445 10.052529 -4.775232 21.598291 -1.151220 -8.189879 5.298538 -2.783862 -1.064251 3.968338 3.030647 3.254647 -5.482253 6.300642 0.000000 0.000000 0.000000 6.460352 5.373341 7.025344 -3.267465 6.340593 -2.430018 -2.881719 -9.567528 -7.259902 -0.000000 0.000000 -0.000000
-0.550937 95.237018 136.577776 19.050639 -5.182980 -1.943703 -1.556513 5.665261 -0.254340 -0.678259 -3.307599 -0.093940 -0.677767 2.512426 -0.162857 -0.519816 7.721174 -0.120408 1.045982 10.023691 0.649664 1.731366 -17.414520 0.778878 -2.159603 -0.972841 10.545258 13.308910 -6.848641 63.005387 -0.916892 29.976230 -5.173192 13.300297 14.062209 6.618845 2.208897 -2.053546 -7.336775 0.516148 -6.897895 -70.383343 2.305189 35.340092 9.887167 -4.740867 21.610746 -1.398329 -8.093085 5.399246 -2.780309 -0.943624 3.935728 3.022950 3.089738 -5.454348 6.272954 0.000000 -0.000000 0.000000 6.416225 5.459936 7.032749 -3.283683 6.331054 -2.415672 -2.763056 -9.562302 -7.259399 0.000000 -0.000000 0.000000
-0.529802 95.231418 136.647260 19.005060 -5.225669 -1.949947 -1.556768 5.665865 -0.236559 -0.679392 -3.307391 -0.086036 -0.678900 2.512632 -0.155068 -0.520099 7.721322 -0.114513 1.058838 10.036852 0.662397 1.750389 -17.390138 0.797791 -2.149343 -1.018534 10.577502 13.175141 -6.817588 63.070698 -0.958939 29.930494 -5.172550 13.272940 14.041634 6.749984 2.231425 -2.092963 -7.359739 0.728527 -6.992772 -70.474732 2.045045 34.865312 9.663438 -4.704426 21.472912 -1.618666 -8.005024 5.516442 -2.782074 -0.862653 3.893067 3.017881 2.971650 -5.437088 6.260904 0.000000 0.000000 0.000000 6.362112 5.545575 7.041498 -3.259083 6.338155 -2.406437 -2.693233 -9.579918 -7.249242 0.000000 -0.000000 0.000000
-0.507726 95.226303 136.714928 18.956498 -5.267153 -1.956118 -1.554234 5.672668 -0.221817 -0.679107 -3.304419 -0.079496 -0.678619 2.515604 -0.148499 -0.519409 7.723545 -0.109542 1.066739 10.042134 0.672991 1.760819 -17.380391 0.814765 -2.139071 -1.011588 10.590778 13.033298 -6.857476 63.158876 -1.012750 29.936554 -5.193305 13.216041 14.066089 6.912165 2.231769 -2.127401 -7.383701 1.024900 -7.107818 -70.560175 1.682228 34.258275 9.329406 -4.662624 21.297314 -1.770714 -7.896764 5.613329 -2.781298 -0.873322 3.869391 3.017163 2.918805 -5.412201 6.247719 0.000000 0.000000 0.000000 6.360193 5.628942 7.058373 -3.221882 6.345365 -2.397406 -2.673706 -9.588314 -7.241144 0.000000 0.000000 -0.000000
-0.478050 95.221127 136.778356 18.894687 -5.302400 -1.955986 -1.545677 5.677112 -0.211124 -0.675909 -3.302484 -0.074836 -0.675427 2.517543 -0.143514 -0.516653 7.724993 -0.105783 1.070643 10.042849 0.680377 1.764991 -17.379112 0.827311 -2.131940 -1.012900 10.598662 12.912690 -6.877534 63.269923 -1.078618 29.939034 -5.231351 13.103692 14.089777 7.111884 2.231491 -2.155842 -7.410245 1.383017 -7.226675 -70.642862 1.224074 33.559312 8.907413 -4.627904 21.074005 -1.866362 -7.823522 5.689405 -2.807018 -0.859968 3.846415 3.021993 2.893154 -5.357547 6.241788 0.000000 -0.000000 -0.000000 6.374937 5.704708 7.072897 -3.233408 6.354120 -2.409598 -2.611784 -9.584168 -7.217526 0.000000 -0.000000 -0.000000
-0.444919 95.215592 136.835778 18.831101 -5.323722 -1.946528 -1.534010 5.676298 -0.204659 -0.671087 -3.302873 -0.072109 -0.670608 2.517161 -0.140298 -0.512807 7.724702 -0.103371 1.073566 10.042523 0.683349 1.769295 -17.379732 0.831731 -2.093955 -1.015469 10.615589 12.811331 -6.878695 63.361052 -1.140936 29.904175 -5.260081 12.947051 14.114709 7.369559 2.240652 -2.214081 -7.447220 1.725056 -7.303375 -70.703741 0.708571 32.804342 8.429682 -4.628258 20.795153 -1.910091 -7.774541 5.755944 -2.845650 -0.820756 3.812510 3.029706 2.865361 -5.309451 6.233511 0.000000 -0.000000 -0.000000 6.367135 5.766678 7.072765 -3.312938 6.360012 -2.424352 -2.465263 -9.581099 -7.208999 -0.000000 -0.000000 0.000000
-0.412019 95.208609 136.891007 18.767502 -5.334509 -1.933666 -1.514340 5.671123 -0.199990 -0.662602 -3.305196 -0.070294 -0.662126 2.514847 -0.137621 -0.506256 7.722962 -0.101382 1.074131 10.048196 0.684381 1.769891 -17.369205 0.833525 -2.078582 -1.011384 10.626551 12.779683 -6.859775 63.445763 -1.205044 29.842639 -5.286151 12.774351 14.158088 7.638814 2.259087 -2.301865 -7.491705 2.009099 -7.332331 -70.765663 0.194584 32.047930 7.972931 -4.672555 20.477765 -1.913489 -7.746708 5.814384 -2.879414 -0.797883 3.775422 3.030931 2.872188 -5.281958 6.211416 -0.000000 0.000000 0.000000 6.340218 5.818455 7.060623 -3.398613 6.369226 -2.428492 -2.294283 -9.579994 -7.216971 -0.000000 -0.000000 -0.000000
-0.380775 95.200204 136.939323 18.704821 -5.340049 -1.917549 -1.487011 5.666518 -0.197019 -0.650609 -3.307264 -0.069324 -0.650140 2.512793 -0.135432 -0.497114 7.721417 -0.099778 1.073298 10.055662 0.683494 1.768647 -17.355335 0.832254 -2.088120 -1.010729 10.636007 12.779503 -6.833373 63.518781 -1.262657 29.793290 -5.307572 12.598266 14.222052 7.879518 2.281119 -2.382865 -7.531379 2.225964 -7.358294 -70.849814 -0.275100 31.328205 7.584623 -4.763349 20.182777 -1.864697 -7.722202 5.859571 -2.910862 -0.788223 3.741800 3.028035 2.897268 -5.258147 6.178221 -0.000000 0.000000 0.000000 6.307070 5.863128 7.040139 -3.438240 6.368985 -2.436296 -2.170007 -9.558847 -7.209565 0.000000 -0.000000 0.000000
-0.349708 95.191455 136.984654 18.635928 -5.351529 -1.900400 -1.454122 5.667760 -0.193253 -0.636185 -3.306737 -0.068050 -0.635726 2.513336 -0.132692 -0.486112 7.721818 -0.097764 1.074945 10.060175 0.680553 1.773178 -17.346924 0.825827 -2.101831 -1.040179 10.653915 12.762184 -6.789214 63.585075 -1.318673 29.767578 -5.343526 12.423766 14.288152 8.080140 2.309256 -2.471564 -7.575503 2.384600 -7.382779 -70.939226 -0.687202 30.661221 7.263692 -4.872120 19.787295 -1.837674 -7.691278 5.904636 -2.944625 -0.752399 3.718817 3.027333 2.898181 -5.253279 6.135398 0.000000 0.000000 0.000000 6.298572 5.918694 7.024722 -3.473712 6.362666 -2.444737 -2.067393 -9.550024 -7.195734 0.000000 0.000000 -0.000000
-0.318378 95.182948 137.028724 18.568978 -5.356059 -1.881229 -1.423716 5.670295 -0.188145 -0.622942 -3.305639 -0.066145 -0.622494 2.514449 -0.129442 -0.475959 7.722647 -0.095359 1.081254 10.057935 0.669542 1.790513 -17.350961 0.801524 -2.103010 -1.066663 10.667230 12.714492 -6.768700 63.632520 -1.362255 29.766507 -5.370908 12.267144 14.363136 8.223495 2.335872 -2.532790 -7.619022 2.517155 -7.432952 -71.049597 -1.044016 30.069303 7.020481 -4.999172 19.472489 -1.733922 -7.666482 5.933560 -2.982441 -0.703012 3.708213 3.029484 2.889995 -5.259328 6.089665 0.000000 0.000000 0.000000 6.313412 5.973076 7.009425 -3.484379 6.346287 -2.449144 -2.016498 -9.551514 -7.172192 -0.000000 0.000000 0.000000
-0.287711 95.174759 137.069369 18.511534 -5.349474 -1.863514 -1.396648 5.668302 -0.182910 -0.611195 -3.306551 -0.064157 -0.610755 2.513550 -0.126260 -0.466929 7.721967 -0.093001 1.088223 10.052989 0.654824 1.810850 -17.359983 0.769694 -2.088836 -1.048099 10.673081 12.644400 -6.800889 63.668376 -1.398477 29.788958 -5.396859 12.141235 14.440137 8.301052 2.345844 -2.568273 -7.657133 2.627647 -7.498486 -71.142235 -1.364323 29.520013 6.797746 -5.120117 19.230969 -1.550983 -7.642906 5.954064 -3.015633 -0.666552 3.701869 3.037641 2.885879 -5.289447 6.041838 0.000000 -0.000000 -0.000000 6.306203 6.010488 6.984587 -3.440875 6.333957 -2.446128 -2.005639 -9.559708 -7.142072 0.000000 -0.000000 -0.000000
